datetime,open,high,low,close,volume
2026-02-02T09:00:00+00:00,2593.37,2595.09,2585.52,2592.98,4350
2026-02-02T09:30:00+00:00,2592.98,2595.49,2590.97,2591.99,2748
2026-02-02T10:00:00+00:00,2591.99,2596.03,2591.92,2595.39,2660
2026-02-02T10:30:00+00:00,2595.39,2596.64,2591.97,2594.62,2820
2026-02-02T11:00:00+00:00,2594.62,2601.64,2594.34,2601.53,2537
2026-02-02T11:30:00+00:00,2601.53,2605.12,2601.08,2602.22,2160
2026-02-02T12:00:00+00:00,2602.22,2605.64,2601.92,2604.07,2410
2026-02-02T12:30:00+00:00,2604.07,2608.77,2603.77,2605.43,2101
2026-02-02T13:00:00+00:00,2605.43,2608.24,2602.02,2606.68,3142
2026-02-02T13:30:00+00:00,2606.68,2613.34,2605.07,2611.57,3005
2026-02-02T14:00:00+00:00,2611.57,2616.98,2605.38,2605.39,3771
2026-02-02T14:30:00+00:00,2605.39,2633.89,2603.92,2621.12,37597
2026-02-02T15:00:00+00:00,2621.12,2648.14,2617.43,2643.78,28199
2026-02-02T15:30:00+00:00,2643.78,2653.68,2641.73,2648.63,24096
2026-02-02T16:00:00+00:00,2648.63,2650.23,2642.67,2648.79,20630
2026-02-02T16:30:00+00:00,2648.79,2648.94,2639.52,2645.78,13387
2026-02-02T17:00:00+00:00,2645.78,2655.54,2644.92,2653.02,11124
2026-02-02T17:30:00+00:00,2653.02,2655.74,2651.52,2654.38,7603
2026-02-02T18:00:00+00:00,2654.38,2655.04,2647.12,2648.57,8335
2026-02-02T18:30:00+00:00,2648.57,2658.69,2647.97,2654.43,7690
2026-02-02T19:00:00+00:00,2654.43,2658.34,2652.93,2655.18,5296
2026-02-02T19:30:00+00:00,2655.18,2658.23,2646.83,2648.58,11963
2026-02-02T20:00:00+00:00,2648.58,2653.04,2643.29,2644.27,21424
2026-02-02T20:30:00+00:00,2644.27,2644.43,2638.13,2642.57,12699
2026-02-02T21:00:00+00:00,2642.57,2643.44,2638.57,2638.58,2917
2026-02-02T21:30:00+00:00,2638.58,2639.04,2634.82,2636.62,1208
2026-02-02T23:00:00+00:00,2636.62,2644.04,2636.62,2642.76,1925
2026-02-02T23:30:00+00:00,2642.76,2645.91,2642.24,2643.84,1788
2026-02-03T00:00:00+00:00,2643.84,2647.86,2640.14,2646.8,2067
2026-02-03T00:30:00+00:00,2646.8,2647.26,2644.55,2645.4,1236
2026-02-03T01:00:00+00:00,2645.4,2646.3,2644.36,2645.06,1807
2026-02-03T01:30:00+00:00,2645.06,2645.44,2642.6,2644.09,1781
2026-02-03T02:00:00+00:00,2644.09,2644.09,2640.49,2640.56,1641
2026-02-03T02:30:00+00:00,2640.56,2641.06,2638.6,2640.64,1851
2026-02-03T03:00:00+00:00,2640.64,2642.14,2639.56,2640.95,1455
2026-02-03T03:30:00+00:00,2640.95,2643.45,2640.46,2642.49,1656
2026-02-03T04:00:00+00:00,2642.49,2645.46,2642.49,2643.39,919
2026-02-03T04:30:00+00:00,2643.39,2646.74,2643.39,2645.86,1115
2026-02-03T05:00:00+00:00,2645.86,2645.91,2642.51,2643.64,1769
2026-02-03T05:30:00+00:00,2643.64,2646.06,2643.3,2645.4,1104
2026-02-03T06:00:00+00:00,2645.4,2646.96,2644.4,2645.9,1168
2026-02-03T06:30:00+00:00,2645.9,2647.31,2644.71,2644.71,988
2026-02-03T07:00:00+00:00,2644.71,2646.16,2643.24,2644.86,1350
2026-02-03T07:30:00+00:00,2644.86,2647.4,2643.85,2645.59,1307
2026-02-03T08:00:00+00:00,2645.59,2655.06,2644.79,2650.09,2935
2026-02-03T08:30:00+00:00,2650.09,2650.76,2643.59,2644.15,2362
2026-02-03T09:00:00+00:00,2644.15,2645.7,2642.84,2644.15,2415
2026-02-03T09:30:00+00:00,2644.15,2644.89,2642.59,2644.29,2205
2026-02-03T10:00:00+00:00,2644.29,2648.6,2644.29,2648.54,1139
2026-02-03T10:30:00+00:00,2648.54,2648.54,2645.89,2646.25,1251
2026-02-03T11:00:00+00:00,2646.25,2646.95,2644.01,2644.46,1642
2026-02-03T11:30:00+00:00,2644.46,2646,2642.96,2645.51,2000
2026-02-03T12:00:00+00:00,2645.51,2652.74,2644.09,2652.61,2426
2026-02-03T12:30:00+00:00,2652.61,2654.09,2651.45,2651.86,1742
2026-02-03T13:00:00+00:00,2651.86,2653.66,2649.16,2651.11,2442
2026-02-03T13:30:00+00:00,2651.11,2652.9,2649.7,2652.8,1795
2026-02-03T14:00:00+00:00,2652.8,2654.31,2648.25,2651.15,3172
2026-02-03T14:30:00+00:00,2651.15,2671.31,2649.24,2649.94,56031
2026-02-03T15:00:00+00:00,2649.94,2663.61,2646.94,2660.56,40738
2026-02-03T15:30:00+00:00,2660.56,2669.35,2653.64,2665.25,32093
2026-02-03T16:00:00+00:00,2665.25,2665.66,2644.84,2644.85,26386
2026-02-03T16:30:00+00:00,2644.85,2646.51,2637.89,2641.7,21990
2026-02-03T17:00:00+00:00,2641.7,2642.61,2625.59,2625.74,26018
2026-02-03T17:30:00+00:00,2625.74,2630.04,2622.3,2625.2,21653
2026-02-03T18:00:00+00:00,2625.2,2627.41,2614.49,2615.34,22562
2026-02-03T18:30:00+00:00,2615.34,2617.36,2609.05,2609.3,18755
2026-02-03T19:00:00+00:00,2609.3,2624.15,2605.59,2615.21,29729
2026-02-03T19:30:00+00:00,2615.21,2627,2612.4,2625.01,31454
2026-02-03T20:00:00+00:00,2625.01,2631.89,2623.55,2629.24,17927
2026-02-03T20:30:00+00:00,2629.24,2650.1,2628.96,2648.6,17284
2026-02-03T21:00:00+00:00,2648.6,2652.05,2647.74,2650.64,4211
2026-02-03T21:30:00+00:00,2650.64,2650.86,2646.81,2649.19,3008
2026-02-03T23:00:00+00:00,2649.19,2652.59,2646.78,2647.54,1749
2026-02-03T23:30:00+00:00,2647.54,2649.44,2646.02,2649.08,1170
2026-02-04T00:00:00+00:00,2649.08,2649.69,2646.29,2648.64,2622
2026-02-04T00:30:00+00:00,2648.64,2650.69,2646.74,2647.34,1826
2026-02-04T01:00:00+00:00,2647.34,2651.87,2647.32,2650.72,2977
2026-02-04T01:30:00+00:00,2650.72,2651.04,2647.72,2650.28,1944
2026-02-04T02:00:00+00:00,2650.28,2654.99,2649.62,2650.69,2306
2026-02-04T02:30:00+00:00,2650.69,2651.52,2648.83,2650.74,1962
2026-02-04T03:00:00+00:00,2650.74,2652.58,2649.38,2651.52,1752
2026-02-04T03:30:00+00:00,2651.52,2654.08,2650.62,2652.28,1986
2026-02-04T04:00:00+00:00,2652.28,2654.03,2651.32,2651.88,1282
2026-02-04T04:30:00+00:00,2651.88,2652.93,2650.94,2651.49,955
2026-02-04T05:00:00+00:00,2651.49,2652.32,2651.02,2651.62,1008
2026-02-04T05:30:00+00:00,2651.62,2652.19,2649.79,2652.04,1011
2026-02-04T06:00:00+00:00,2652.04,2654.53,2651.13,2652.63,1266
2026-02-04T06:30:00+00:00,2652.63,2656.28,2652.23,2654.44,1266
2026-02-04T07:00:00+00:00,2654.44,2656.94,2653.89,2656.24,1188
2026-02-04T07:30:00+00:00,2656.24,2657.44,2655.82,2656.48,947
2026-02-04T08:00:00+00:00,2656.48,2659.54,2651.57,2652.17,3830
2026-02-04T08:30:00+00:00,2652.17,2655.34,2651.08,2653.32,3742
2026-02-04T09:00:00+00:00,2653.32,2657.33,2650.97,2652.77,3927
2026-02-04T09:30:00+00:00,2652.77,2655.69,2650.27,2654.97,3425
2026-02-04T10:00:00+00:00,2654.97,2660.04,2653.88,2658.78,2966
2026-02-04T10:30:00+00:00,2658.78,2661.64,2658.19,2661.17,2355
2026-02-04T11:00:00+00:00,2661.17,2663.13,2657.32,2659.72,1944
2026-02-04T11:30:00+00:00,2659.72,2663.13,2659.28,2662.63,2636
2026-02-04T12:00:00+00:00,2662.63,2664.24,2660.57,2661.13,2575
2026-02-04T12:30:00+00:00,2661.13,2662.64,2659.73,2660.08,2646
2026-02-04T13:00:00+00:00,2660.08,2662.19,2656.53,2660.58,3357
2026-02-04T13:30:00+00:00,2660.58,2666.02,2658.43,2659.72,3498
2026-02-04T14:00:00+00:00,2659.72,2663.62,2657.57,2662.43,3632
2026-02-04T14:30:00+00:00,2662.43,2667.24,2640.47,2642.59,49750
2026-02-04T15:00:00+00:00,2642.59,2655.93,2636.12,2645.52,45523
2026-02-04T15:30:00+00:00,2645.52,2649.88,2626.77,2633.17,40968
2026-02-04T16:00:00+00:00,2633.17,2636.49,2616.97,2629.88,28412
2026-02-04T16:30:00+00:00,2629.88,2630.84,2608.02,2621.38,23924
2026-02-04T17:00:00+00:00,2621.38,2624.04,2600.52,2602.44,27913
2026-02-04T17:30:00+00:00,2602.44,2607.74,2593.62,2600.43,28640
2026-02-04T18:00:00+00:00,2600.43,2606.64,2591.29,2605.72,22587
2026-02-04T18:30:00+00:00,2605.72,2606.88,2594.72,2600.93,22265
2026-02-04T19:00:00+00:00,2600.93,2607.94,2595.08,2607.94,25756
2026-02-04T19:30:00+00:00,2607.94,2634.78,2607.73,2633.94,21657
2026-02-04T20:00:00+00:00,2633.94,2635.14,2623.97,2624.37,16085
2026-02-04T20:30:00+00:00,2624.37,2631.87,2623.05,2625.1499999999996,6943.747933666409
2026-02-04T21:00:00+00:00,2625.1499999999996,2637.000000000001,2625.0999999999995,2635.350000000002,17713.50307345813
2026-02-04T21:30:00+00:00,2635.350000000002,2636.250000000002,2628.2999999999984,2630.6599999999985,8491.210340792251
2026-02-04T23:00:00+00:00,2630.6599999999985,2633.4899999999984,2627.1999999999985,2633.3799999999983,852
2026-02-04T23:30:00+00:00,2633.3799999999983,2634.8499999999985,2629.9299999999985,2631.8999999999983,1585
2026-02-05T00:00:00+00:00,2631.8999999999983,2636.0899999999983,2629.3499999999985,2635.4299999999985,2480
2026-02-05T00:30:00+00:00,2635.4299999999985,2635.8899999999985,2633.1899999999982,2633.2499999999986,1118
2026-02-05T01:00:00+00:00,2633.2499999999986,2636.1999999999985,2632.8299999999986,2635.6999999999985,2491
2026-02-05T01:30:00+00:00,2635.6999999999985,2640.5499999999984,2635.3299999999986,2639.4999999999986,2436
2026-02-05T02:00:00+00:00,2639.4999999999986,2639.9799999999987,2624.6299999999983,2631.7899999999986,5669
2026-02-05T02:30:00+00:00,2631.7899999999986,2634.9399999999982,2623.2399999999984,2624.0399999999986,5342
2026-02-05T03:00:00+00:00,2624.0399999999986,2629.9399999999982,2623.0999999999985,2628.2299999999987,4844
2026-02-05T03:30:00+00:00,2628.2299999999987,2628.6799999999985,2619.9999999999986,2621.1499999999983,5181
2026-02-05T04:00:00+00:00,2621.1499999999983,2623.7999999999984,2620.3999999999983,2623.7399999999984,4151
2026-02-05T04:30:00+00:00,2623.7399999999984,2628.1499999999983,2622.4499999999985,2626.9499999999985,2885
2026-02-05T05:00:00+00:00,2626.9499999999985,2627.6299999999983,2621.4399999999982,2624.4399999999982,3577
2026-02-05T05:30:00+00:00,2624.4399999999982,2626.6999999999985,2622.4899999999984,2622.9999999999986,3173
2026-02-05T06:00:00+00:00,2622.9999999999986,2628.0999999999985,2622.8999999999983,2625.9399999999982,3221
2026-02-05T06:30:00+00:00,2625.9399999999982,2630.2299999999987,2625.1899999999982,2629.7399999999984,2321
2026-02-05T07:00:00+00:00,2629.7399999999984,2631.7399999999984,2629.1399999999985,2631.4399999999982,2631
2026-02-05T07:30:00+00:00,2631.4399999999982,2632.2999999999984,2627.4799999999987,2627.6899999999982,2738
2026-02-05T08:00:00+00:00,2627.6899999999982,2634.0499999999984,2627.6299999999983,2629.3899999999985,5281
2026-02-05T08:30:00+00:00,2629.3899999999985,2631.4999999999986,2623.6799999999985,2624.0799999999986,5493
2026-02-05T09:00:00+00:00,2624.0799999999986,2629.6799999999985,2620.1899999999982,2629.3299999999986,5476
2026-02-05T09:30:00+00:00,2629.3299999999986,2631.8499999999985,2623.6299999999983,2626.7899999999986,3988
2026-02-05T10:00:00+00:00,2626.7899999999986,2633.3499999999985,2625.4799999999987,2632.9899999999984,3587
2026-02-05T10:30:00+00:00,2632.9899999999984,2633.3899999999985,2628.2899999999986,2630.1499999999983,2983
2026-02-05T11:00:00+00:00,2630.1499999999983,2633.7499999999986,2627.3299999999986,2630.3299999999986,2985
2026-02-05T11:30:00+00:00,2630.3299999999986,2632.9999999999986,2628.0799999999986,2631.8899999999985,3617
2026-02-05T12:00:00+00:00,2631.8899999999985,2634.3499999999985,2618.2499999999986,2620.6499999999983,6581
2026-02-05T12:30:00+00:00,2620.6499999999983,2621.3899999999985,2607.4799999999987,2612.2999999999984,12024
2026-02-05T13:00:00+00:00,2612.2999999999984,2615.6899999999982,2608.5799999999986,2609.5899999999983,8379
2026-02-05T13:30:00+00:00,2609.5899999999983,2614.9799999999987,2607.2299999999987,2608.2399999999984,7492
2026-02-05T14:00:00+00:00,2608.2399999999984,2613.1499999999983,2603.9499999999985,2604.4399999999982,9402
2026-02-05T14:30:00+00:00,2604.4399999999982,2636.1299999999983,2604.0799999999986,2629.8899999999985,60801
2026-02-05T15:00:00+00:00,2629.8899999999985,2635.2999999999984,2593.9799999999987,2594.5399999999986,43499
2026-02-05T15:30:00+00:00,2594.5399999999986,2604.4499999999985,2587.8799999999983,2601.0299999999984,39639
2026-02-05T16:00:00+00:00,2601.0299999999984,2607.4999999999986,2586.0499999999984,2606.3399999999983,31423
2026-02-05T16:30:00+00:00,2606.3399999999983,2613.0299999999984,2601.5899999999983,2611.0399999999986,28817
2026-02-05T17:00:00+00:00,2611.0399999999986,2612.0999999999985,2595.4999999999986,2610.5899999999983,23413
2026-02-05T17:30:00+00:00,2610.5899999999983,2612.7999999999984,2598.8799999999983,2599.7999999999984,24584
2026-02-05T18:00:00+00:00,2599.7999999999984,2602.7499999999986,2588.6399999999985,2590.3799999999983,18980
2026-02-05T18:30:00+00:00,2590.3799999999983,2593.5499999999984,2580.6799999999985,2584.7399999999984,14645
2026-02-05T19:00:00+00:00,2584.7399999999984,2599.5799999999986,2583.6299999999983,2596.1399999999985,15347
2026-02-05T19:30:00+00:00,2596.1399999999985,2596.1399999999985,2581.8799999999983,2585.5899999999983,15750
2026-02-05T20:00:00+00:00,2585.5899999999983,2594.9999999999986,2576.3499999999985,2576.8399999999983,16480
2026-02-05T20:30:00+00:00,2576.8399999999983,2580.2499999999986,2569.7799999999984,2578.0799999999986,17283
2026-02-05T21:00:00+00:00,2578.0799999999986,2584.5299999999984,2574.7299999999987,2580.6499999999983,7623
2026-02-05T21:30:00+00:00,2580.6499999999983,2582.3399999999983,2577.5799999999986,2580.5899999999983,4716
2026-02-05T23:00:00+00:00,2580.5899999999983,2580.5899999999983,2572.1599999999985,2576.3699999999985,4170
2026-02-05T23:30:00+00:00,2576.3699999999985,2577.1699999999983,2570.459999999998,2571.6599999999985,5535
2026-02-06T00:00:00+00:00,2571.6599999999985,2572.209999999998,2559.6599999999985,2569.5099999999984,10299
2026-02-06T00:30:00+00:00,2569.5099999999984,2575.959999999998,2567.1199999999985,2575.6799999999985,7591
2026-02-06T01:00:00+00:00,2575.6799999999985,2580.459999999998,2572.0099999999984,2577.3599999999983,8610
2026-02-06T01:30:00+00:00,2577.3599999999983,2588.6799999999985,2577.3599999999983,2588.6799999999985,6240
2026-02-06T02:00:00+00:00,2588.6799999999985,2591.6799999999985,2588.1099999999983,2591.5199999999986,5651
2026-02-06T02:30:00+00:00,2591.5199999999986,2592.1799999999985,2587.0199999999986,2589.1599999999985,5353
2026-02-06T03:00:00+00:00,2589.1599999999985,2590.5799999999986,2584.959999999998,2587.4799999999987,5285
2026-02-06T03:30:00+00:00,2587.4799999999987,2589.8799999999983,2583.5099999999984,2585.8599999999983,4809
2026-02-06T04:00:00+00:00,2585.8599999999983,2586.709999999998,2582.709999999998,2583.6699999999983,3712
2026-02-06T04:30:00+00:00,2583.6699999999983,2584.3699999999985,2580.0299999999984,2582.1799999999985,4745
2026-02-06T05:00:00+00:00,2582.1799999999985,2586.2299999999987,2580.6699999999983,2585.8199999999983,4621
2026-02-06T05:30:00+00:00,2585.8199999999983,2594.7599999999984,2585.6099999999983,2593.6199999999985,4119
2026-02-06T06:00:00+00:00,2593.6199999999985,2595.7799999999984,2590.709999999998,2591.5199999999986,3125
2026-02-06T06:30:00+00:00,2591.5199999999986,2593.9099999999985,2588.6799999999985,2589.1799999999985,2814
2026-02-06T07:00:00+00:00,2589.1799999999985,2591.4799999999987,2586.9799999999987,2591.1299999999983,3269
2026-02-06T07:30:00+00:00,2591.1299999999983,2594.0699999999983,2589.7799999999984,2592.2799999999984,3589
2026-02-06T08:00:00+00:00,2592.2799999999984,2594.4699999999984,2587.3799999999983,2589.0799999999986,7163
2026-02-06T08:30:00+00:00,2589.0799999999986,2596.8699999999985,2587.959999999998,2595.2699999999986,5571
2026-02-06T09:00:00+00:00,2595.2699999999986,2601.8199999999983,2592.3099999999986,2601.0799999999986,6135
2026-02-06T09:30:00+00:00,2601.0799999999986,2605.1299999999983,2600.7599999999984,2602.6599999999985,4865
2026-02-06T10:00:00+00:00,2602.6599999999985,2603.6299999999983,2600.0599999999986,2601.4699999999984,3954
2026-02-06T10:30:00+00:00,2601.4699999999984,2608.7299999999987,2600.5599999999986,2606.5599999999986,2330
2026-02-06T11:00:00+00:00,2606.5599999999986,2610.9099999999985,2606.4699999999984,2609.5299999999984,2388
2026-02-06T11:30:00+00:00,2609.5299999999984,2615.0699999999983,2609.1099999999983,2614.1299999999983,2723
2026-02-06T12:00:00+00:00,2614.1299999999983,2614.8799999999983,2607.3799999999983,2611.5099999999984,3086
2026-02-06T12:30:00+00:00,2611.5099999999984,2614.1299999999983,2606.0299999999984,2610.4099999999985,3239
2026-02-06T13:00:00+00:00,2610.4099999999985,2617.6199999999985,2609.6299999999983,2615.3099999999986,3181
2026-02-06T13:30:00+00:00,2615.3099999999986,2617.6699999999983,2610.6799999999985,2614.7799999999984,4039
2026-02-06T14:00:00+00:00,2614.7799999999984,2618.5799999999986,2614.209999999998,2617.1099999999983,4851
2026-02-06T14:30:00+00:00,2617.1099999999983,2645.1199999999985,2615.4099999999985,2632.9799999999987,60262
2026-02-06T15:00:00+00:00,2632.9799999999987,2641.5099999999984,2629.4099999999985,2637.9299999999985,59402
2026-02-06T15:30:00+00:00,2637.9299999999985,2646.6099999999983,2634.5099999999984,2645.0699999999983,40214
2026-02-06T16:00:00+00:00,2645.0699999999983,2653.5299999999984,2643.5199999999986,2651.7299999999987,25144
2026-02-06T16:30:00+00:00,2651.7299999999987,2660.3099999999986,2651.5299999999984,2660.1699999999983,17208
2026-02-06T17:00:00+00:00,2660.1699999999983,2665.8299999999986,2658.0699999999983,2662.0599999999986,17344
2026-02-06T17:30:00+00:00,2662.0599999999986,2664.2199999999984,2656.709999999998,2662.0099999999984,12073
2026-02-06T18:00:00+00:00,2662.0099999999984,2663.5599999999986,2658.7299999999987,2661.6099999999983,11091
2026-02-06T18:30:00+00:00,2661.6099999999983,2667.1299999999983,2661.0599999999986,2663.2199999999984,7425
2026-02-06T19:00:00+00:00,2663.2199999999984,2665.1799999999985,2661.5099999999984,2664.209999999998,9020
2026-02-06T19:30:00+00:00,2664.209999999998,2668.3299999999986,2662.9699999999984,2666.1599999999985,7531
2026-02-06T20:00:00+00:00,2666.1599999999985,2670.1299999999983,2664.709999999998,2669.2799999999984,7217
2026-02-06T20:30:00+00:00,2669.2799999999984,2676.9199999999983,2667.4099999999985,2669.7599999999984,11216
2026-02-06T21:00:00+00:00,2669.7599999999984,2670.9299999999985,2665.4299999999985,2667.5099999999984,3767
2026-02-06T21:30:00+00:00,2667.5099999999984,2668.1799999999985,2666.9099999999985,2667.7799999999984,527
2026-02-08T23:00:00+00:00,2668.31,2683.32,2668.31,2678.82,2490
2026-02-08T23:30:00+00:00,2678.82,2683.57,2678.07,2679.72,3517
2026-02-09T00:00:00+00:00,2679.72,2681.37,2676.8,2677.2,3728
2026-02-09T00:30:00+00:00,2677.2,2681.01,2676.71,2678.77,2522
2026-02-09T01:00:00+00:00,2678.77,2679.96,2677.07,2677.4,2730
2026-02-09T01:30:00+00:00,2677.4,2678.75,2675.8,2677.41,3326
2026-02-09T02:00:00+00:00,2677.41,2680.06,2675.92,2676.8,2188
2026-02-09T02:30:00+00:00,2676.8,2680.56,2676.8,2677.12,1573
2026-02-09T03:00:00+00:00,2677.12,2677.97,2675.75,2675.81,1591
2026-02-09T03:30:00+00:00,2675.81,2677.16,2675,2675.11,2017
2026-02-09T04:00:00+00:00,2675.11,2676.95,2674.87,2676.1,1339
2026-02-09T04:30:00+00:00,2676.1,2676.21,2674,2675,1209
2026-02-09T05:00:00+00:00,2675,2676.25,2673.86,2675.51,1445
2026-02-09T05:30:00+00:00,2675.51,2675.92,2673.95,2675.06,1300
2026-02-09T06:00:00+00:00,2675.06,2675.25,2669.95,2672.15,3918
2026-02-09T06:30:00+00:00,2672.15,2674.02,2670.8,2671.71,2227
2026-02-09T07:00:00+00:00,2671.71,2672.36,2669.4,2669.51,1770
2026-02-09T07:30:00+00:00,2669.51,2671.31,2667.15,2669.51,1536
2026-02-09T08:00:00+00:00,2669.51,2675.77,2669.3,2672.81,2850
2026-02-09T08:30:00+00:00,2672.81,2674.67,2670.15,2671.86,2539
2026-02-09T09:00:00+00:00,2671.86,2675.22,2671.05,2674.62,2634
2026-02-09T09:30:00+00:00,2674.62,2675.62,2670.5,2671.4,1956
2026-02-09T10:00:00+00:00,2671.4,2672.82,2664.11,2664.46,1953
2026-02-09T10:30:00+00:00,2664.46,2666.46,2658.96,2665.11,3831
2026-02-09T11:00:00+00:00,2665.11,2665.92,2662.11,2665.45,2582
2026-02-09T11:30:00+00:00,2665.45,2666.27,2662.5,2662.71,2294
2026-02-09T12:00:00+00:00,2662.71,2670.4,2661.11,2668.82,2582
2026-02-09T12:30:00+00:00,2668.82,2670.17,2665.65,2670.17,1991
2026-02-09T13:00:00+00:00,2670.17,2674.16,2669.55,2672.5,2114
2026-02-09T13:30:00+00:00,2672.5,2672.86,2668.91,2669.7,1872
2026-02-09T14:00:00+00:00,2669.7,2670.62,2665.16,2668.96,1886
2026-02-09T14:30:00+00:00,2668.96,2669.06,2653.5,2660.15,48251
2026-02-09T15:00:00+00:00,2660.15,2678.32,2658.92,2675.05,24464
2026-02-09T15:30:00+00:00,2675.05,2688.51,2674.85,2688.2,16787
2026-02-09T16:00:00+00:00,2688.2,2693.62,2687.96,2693.01,9436
2026-02-09T16:30:00+00:00,2693.01,2694.57,2690.36,2692.75,7428
2026-02-09T17:00:00+00:00,2692.75,2697.36,2692.36,2693.75,5882
2026-02-09T17:30:00+00:00,2693.75,2697.22,2688.16,2688.8,6939
2026-02-09T18:00:00+00:00,2688.8,2692.11,2680.55,2687.92,11551
2026-02-09T18:30:00+00:00,2687.92,2692.01,2686,2690.67,9242
2026-02-09T19:00:00+00:00,2690.67,2695.07,2689.1,2694.7,6017
2026-02-09T19:30:00+00:00,2694.7,2695.82,2693.76,2695.01,4573
2026-02-09T20:00:00+00:00,2695.01,2695.72,2690.25,2690.36,6297
2026-02-09T20:30:00+00:00,2690.36,2691.92,2687.96,2689.3,10674
2026-02-09T21:00:00+00:00,2689.3,2690.57,2688.06,2689.42,1630
2026-02-09T21:30:00+00:00,2689.42,2690.17,2687.86,2688.22,527
2026-02-09T23:00:00+00:00,2688.22,2691.25,2685.3,2686.1,1399
2026-02-09T23:30:00+00:00,2686.1,2687.35,2684.74,2685.69,1452
2026-02-10T00:00:00+00:00,2685.69,2686.5,2684.4,2685.93,1665
2026-02-10T00:30:00+00:00,2685.93,2688.35,2684.83,2687.69,1253
2026-02-10T01:00:00+00:00,2687.69,2688.35,2686.64,2687.14,2531
2026-02-10T01:30:00+00:00,2687.14,2690.24,2686.08,2689.49,2305
2026-02-10T02:00:00+00:00,2689.49,2690.15,2687.63,2688.64,2128
2026-02-10T02:30:00+00:00,2688.64,2688.84,2686.38,2687.64,1841
2026-02-10T03:00:00+00:00,2687.64,2687.7,2685.48,2686.48,1472
2026-02-10T03:30:00+00:00,2686.48,2688.43,2686.43,2687.03,1482
2026-02-10T04:00:00+00:00,2687.03,2689.34,2686.9,2688.29,1302
2026-02-10T04:30:00+00:00,2688.29,2690.03,2687.83,2689.5,1135
2026-02-10T05:00:00+00:00,2689.5,2690.13,2686.8,2687.43,1638
2026-02-10T05:30:00+00:00,2687.43,2690.44,2686.9,2689.65,1947
2026-02-10T06:00:00+00:00,2689.65,2689.7,2686.33,2686.5,1574
2026-02-10T06:30:00+00:00,2686.5,2687.54,2685.34,2686.7,1352
2026-02-10T07:00:00+00:00,2686.7,2690.28,2686.38,2688.99,1654
2026-02-10T07:30:00+00:00,2688.99,2689.6,2687.94,2689.14,991
2026-02-10T08:00:00+00:00,2689.14,2691.58,2687,2689.34,2684
2026-02-10T08:30:00+00:00,2689.34,2692.95,2689.18,2692.85,2348
2026-02-10T09:00:00+00:00,2692.85,2698.39,2692.54,2697.18,1779
2026-02-10T09:30:00+00:00,2697.18,2697.63,2692.75,2694.19,1643
2026-02-10T10:00:00+00:00,2694.19,2695.34,2692.98,2694.48,2567
2026-02-10T10:30:00+00:00,2694.48,2695,2692.99,2693.34,1777
2026-02-10T11:00:00+00:00,2693.34,2693.99,2690.88,2692.95,2217
2026-02-10T11:30:00+00:00,2692.95,2694.1,2692.13,2693.55,1323
2026-02-10T12:00:00+00:00,2693.55,2697.15,2693.5,2697.05,1236
2026-02-10T12:30:00+00:00,2697.05,2697.9,2688.95,2689.28,3324
2026-02-10T13:00:00+00:00,2689.28,2690.74,2684.55,2689.13,3780
2026-02-10T13:30:00+00:00,2689.13,2691.34,2685.43,2689.45,3489
2026-02-10T14:00:00+00:00,2689.45,2693.45,2689.35,2692.95,2184
2026-02-10T14:30:00+00:00,2692.95,2699.25,2681.94,2691.48,36018
2026-02-10T15:00:00+00:00,2691.48,2696.34,2685.53,2695.45,22400
2026-02-10T15:30:00+00:00,2695.45,2701.95,2692.45,2695.5,20980
2026-02-10T16:00:00+00:00,2695.5,2702.5,2693.33,2700.54,21249
2026-02-10T16:30:00+00:00,2700.54,2701.95,2697.13,2699.84,16433
2026-02-10T17:00:00+00:00,2699.84,2704.2,2697.79,2701.65,11357
2026-02-10T17:30:00+00:00,2701.65,2705.7,2699.13,2704.39,7148
2026-02-10T18:00:00+00:00,2704.39,2704.44,2689.04,2689.14,12993
2026-02-10T18:30:00+00:00,2689.14,2691.74,2682.03,2685.53,17067
2026-02-10T19:00:00+00:00,2685.53,2688,2683.83,2687.74,13695
2026-02-10T19:30:00+00:00,2687.74,2690.89,2685.63,2687.89,8992
2026-02-10T20:00:00+00:00,2687.89,2690.65,2684.93,2685.7,9623
2026-02-10T20:30:00+00:00,2685.7,2687.03,2678.85,2682.05,12087
2026-02-10T21:00:00+00:00,2682.05,2687.45,2681.03,2683.55,2359
2026-02-10T21:30:00+00:00,2683.55,2686.35,2683.35,2686.15,852
2026-02-10T23:00:00+00:00,2686.15,2687.43,2685.04,2686.45,517
2026-02-10T23:30:00+00:00,2686.45,2687.3,2686.04,2687.05,701
2026-02-11T00:00:00+00:00,2687.05,2688.19,2686.59,2687.69,794
2026-02-11T00:30:00+00:00,2687.69,2688.98,2687.58,2688.13,497
2026-02-11T01:00:00+00:00,2688.13,2689.14,2687.53,2687.68,939
2026-02-11T01:30:00+00:00,2687.68,2690.59,2687.53,2689.93,1026
2026-02-11T02:00:00+00:00,2689.93,2690.65,2688.89,2689.54,938
2026-02-11T02:30:00+00:00,2689.54,2690.78,2688.34,2690.08,668
2026-02-11T03:00:00+00:00,2690.08,2690.63,2688.19,2689.95,658
2026-02-11T03:30:00+00:00,2689.95,2692.35,2689.18,2692.35,685
2026-02-11T04:00:00+00:00,2692.35,2693.24,2689.78,2689.95,618
2026-02-11T04:30:00+00:00,2689.95,2690.15,2687.38,2688.78,1087
2026-02-11T05:00:00+00:00,2688.78,2690.19,2688.18,2688.53,1086
2026-02-11T05:30:00+00:00,2688.53,2688.75,2687.15,2687.43,1119
2026-02-11T06:00:00+00:00,2687.43,2689.7,2687.08,2687.88,1337
2026-02-11T06:30:00+00:00,2687.88,2689.1,2687.28,2687.6,903
2026-02-11T07:00:00+00:00,2687.6,2689.79,2686.23,2689.09,1265
2026-02-11T07:30:00+00:00,2689.09,2689.6,2687.08,2688.1,1244
2026-02-11T08:00:00+00:00,2688.1,2689.94,2685.08,2687.34,2675
2026-02-11T08:30:00+00:00,2687.34,2690.75,2687.34,2689.94,1724
2026-02-11T09:00:00+00:00,2689.94,2692.35,2689.2,2691.79,1967
2026-02-11T09:30:00+00:00,2691.79,2692,2686.43,2687.4,2030
2026-02-11T10:00:00+00:00,2687.4,2687.65,2681.88,2685.48,3825
2026-02-11T10:30:00+00:00,2685.48,2686.3,2683.45,2686.28,2297
2026-02-11T11:00:00+00:00,2686.28,2689.15,2686.28,2688.23,2014
2026-02-11T11:30:00+00:00,2688.23,2688.34,2684.13,2684.15,2086
2026-02-11T12:00:00+00:00,2684.15,2689.08,2684.1,2688.14,3231
2026-02-11T12:30:00+00:00,2688.14,2688.7,2684.93,2686.33,2414
2026-02-11T13:00:00+00:00,2686.33,2689.75,2685.55,2687.83,2259
2026-02-11T13:30:00+00:00,2687.83,2713.98,2687.83,2709,8899
2026-02-11T14:00:00+00:00,2709,2709,2704.6,2705.48,4060
2026-02-11T14:30:00+00:00,2705.48,2710.14,2676.49,2679.59,37310
2026-02-11T15:00:00+00:00,2679.59,2680.79,2641.03,2646.08,40600
2026-02-11T15:30:00+00:00,2646.08,2653.6,2640.9,2652.6,38312
2026-02-11T16:00:00+00:00,2652.6,2664.34,2647.34,2653.29,21575
2026-02-11T16:30:00+00:00,2653.29,2666.88,2651.83,2660.04,17299
2026-02-11T17:00:00+00:00,2660.04,2665.25,2654.93,2663.68,15306
2026-02-11T17:30:00+00:00,2663.68,2666.1,2654.98,2656.15,11414
2026-02-11T18:00:00+00:00,2656.15,2658,2647.78,2657.65,12323
2026-02-11T18:30:00+00:00,2657.65,2659.9,2653.53,2657.84,11678
2026-02-11T19:00:00+00:00,2657.84,2669.1,2656.88,2667.63,9811
2026-02-11T19:30:00+00:00,2667.63,2671.55,2665.13,2668.94,9507
2026-02-11T20:00:00+00:00,2668.94,2671.24,2664.83,2664.98,7062
2026-02-11T20:30:00+00:00,2664.98,2671.55,2662.08,2669.55,8617
2026-02-11T21:00:00+00:00,2669.55,2673.44,2669.08,2673.25,2208
2026-02-11T21:30:00+00:00,2673.25,2674.55,2671.93,2672.48,977
2026-02-11T23:00:00+00:00,2672.48,2676.85,2670.25,2670.69,1653
2026-02-11T23:30:00+00:00,2670.69,2671.04,2667.99,2670.04,1540
2026-02-12T00:00:00+00:00,2670.04,2671.61,2667.61,2669.19,1894
2026-02-12T00:30:00+00:00,2669.19,2672.91,2669.14,2671.76,1148
2026-02-12T01:00:00+00:00,2671.76,2674.94,2671.5,2674.6,2102
2026-02-12T01:30:00+00:00,2674.6,2677.51,2673.74,2676.21,2405
2026-02-12T02:00:00+00:00,2676.21,2677.24,2673.94,2674.64,1946
2026-02-12T02:30:00+00:00,2674.64,2677.46,2674.2,2677.15,1476
2026-02-12T03:00:00+00:00,2677.15,2678.8,2676.59,2678.6,1322
2026-02-12T03:30:00+00:00,2678.6,2680.55,2678.54,2680.29,1182
2026-02-12T04:00:00+00:00,2680.29,2682.85,2679.8,2682.36,1009
2026-02-12T04:30:00+00:00,2682.36,2682.51,2680.34,2681.29,984
2026-02-12T05:00:00+00:00,2681.29,2683.21,2681.29,2682.26,1161
2026-02-12T05:30:00+00:00,2682.26,2682.91,2681.55,2682.59,923
2026-02-12T06:00:00+00:00,2682.59,2682.59,2680.59,2681.19,1418
2026-02-12T06:30:00+00:00,2681.19,2681.86,2678.71,2680.01,1651
2026-02-12T07:00:00+00:00,2680.01,2683.2,2680.01,2682.95,1290
2026-02-12T07:30:00+00:00,2682.95,2683.66,2681.94,2683.54,1153
2026-02-12T08:00:00+00:00,2683.54,2684.41,2680.41,2680.74,2741
2026-02-12T08:30:00+00:00,2680.74,2683.36,2680.05,2682.89,2240
2026-02-12T09:00:00+00:00,2682.89,2686.24,2681.86,2684.04,2384
2026-02-12T09:30:00+00:00,2684.04,2686.46,2683.59,2685.14,1674
2026-02-12T10:00:00+00:00,2685.14,2686.5,2682.35,2683.24,1495
2026-02-12T10:30:00+00:00,2683.24,2684.95,2682.79,2683.71,1142
2026-02-12T11:00:00+00:00,2683.71,2687.45,2683.01,2687.04,1339
2026-02-12T11:30:00+00:00,2687.04,2687.99,2684.74,2687.05,888
2026-02-12T12:00:00+00:00,2687.05,2687.15,2684.35,2686.4,1167
2026-02-12T12:30:00+00:00,2686.4,2689.41,2686.1,2687.25,1351
2026-02-12T13:00:00+00:00,2687.25,2688.56,2684.46,2688.49,1325
2026-02-12T13:30:00+00:00,2688.49,2694.06,2687.51,2691.29,2258
2026-02-12T14:00:00+00:00,2691.29,2692.86,2688.9,2690.61,3804
2026-02-12T14:30:00+00:00,2690.61,2694.96,2666.1,2669.44,40499
2026-02-12T15:00:00+00:00,2669.44,2675.96,2663.54,2665.9,33410
2026-02-12T15:30:00+00:00,2665.9,2669.6,2648.09,2648.4,30372
2026-02-12T16:00:00+00:00,2648.4,2650.96,2612.55,2612.55,39558
2026-02-12T16:30:00+00:00,2612.55,2629.61,2611.84,2619.64,42386
2026-02-12T17:00:00+00:00,2619.64,2623,2609.79,2615.51,28912
2026-02-12T17:30:00+00:00,2615.51,2622.91,2606.64,2606.74,25344
2026-02-12T18:00:00+00:00,2606.74,2616.81,2603.39,2610.5,22856
2026-02-12T18:30:00+00:00,2610.5,2623.5,2608.14,2619.1,25039
2026-02-12T19:00:00+00:00,2619.1,2623.71,2614.44,2616.75,19060
2026-02-12T19:30:00+00:00,2616.75,2630.6,2616.45,2627.1,15130
2026-02-12T20:00:00+00:00,2627.1,2630.16,2617.46,2617.81,13453
2026-02-12T20:30:00+00:00,2617.81,2619.94,2610.04,2614.91,16030
2026-02-12T21:00:00+00:00,2614.91,2616.59,2612.21,2616.5,2871
2026-02-12T21:30:00+00:00,2616.5,2618.39,2614.05,2617.1,1430
2026-02-12T23:00:00+00:00,2617.1,2618.23,2610.66,2618.08,2135
2026-02-12T23:30:00+00:00,2618.08,2618.53,2610.91,2616.63,3984
2026-02-13T00:00:00+00:00,2616.63,2620.58,2613.12,2614.42,5077
2026-02-13T00:30:00+00:00,2614.42,2615.13,2609.96,2611.33,4422
2026-02-13T01:00:00+00:00,2611.33,2619.11,2611.26,2617.63,4294
2026-02-13T01:30:00+00:00,2617.63,2620.33,2615.28,2616.43,3553
2026-02-13T02:00:00+00:00,2616.43,2619.83,2616.36,2618.22,3115
2026-02-13T02:30:00+00:00,2618.22,2619.71,2617.66,2618.81,2182
2026-02-13T03:00:00+00:00,2618.81,2620.12,2615.91,2616.56,2035
2026-02-13T03:30:00+00:00,2616.56,2618.48,2614.13,2614.46,2655
2026-02-13T04:00:00+00:00,2614.46,2618.48,2613.88,2617.86,2445
2026-02-13T04:30:00+00:00,2617.86,2618.02,2613.62,2613.86,2400
2026-02-13T05:00:00+00:00,2613.86,2614.52,2606.72,2607.43,3812
2026-02-13T05:30:00+00:00,2607.43,2609.78,2607.13,2608.61,4692
2026-02-13T06:00:00+00:00,2608.61,2609.53,2604.16,2605.01,4184
2026-02-13T06:30:00+00:00,2605.01,2608.88,2601.66,2608.21,3729
2026-02-13T07:00:00+00:00,2608.21,2613.28,2608.21,2611.03,3083
2026-02-13T07:30:00+00:00,2611.03,2611.28,2605.62,2609.57,3440
2026-02-13T08:00:00+00:00,2609.57,2612.57,2603.12,2610.53,8081
2026-02-13T08:30:00+00:00,2610.53,2613.88,2608.41,2611.51,6122
2026-02-13T09:00:00+00:00,2611.51,2616.23,2607.51,2613.98,5512
2026-02-13T09:30:00+00:00,2613.98,2615.68,2610.76,2611.08,4275
2026-02-13T10:00:00+00:00,2611.08,2617.08,2610.57,2615.91,3873
2026-02-13T10:30:00+00:00,2615.91,2616.38,2610.11,2610.47,4521
2026-02-13T11:00:00+00:00,2610.47,2611.23,2606.42,2608.53,6771
2026-02-13T11:30:00+00:00,2608.53,2611.93,2605.42,2611.11,6401
2026-02-13T12:00:00+00:00,2611.11,2612.77,2607.41,2611.22,5824
2026-02-13T12:30:00+00:00,2611.22,2616.21,2608.03,2612.23,6621
2026-02-13T13:00:00+00:00,2612.23,2617.32,2607.11,2615.56,8355
2026-02-13T13:30:00+00:00,2615.56,2634.12,2615.56,2624.26,13967
2026-02-13T14:00:00+00:00,2624.26,2627.98,2620.83,2624.23,6949
2026-02-13T14:30:00+00:00,2624.23,2634.38,2602.96,2622.47,69068
2026-02-13T15:00:00+00:00,2622.47,2648.13,2621.63,2646.17,55553
2026-02-13T15:30:00+00:00,2646.17,2654.48,2642.26,2653.33,36945
2026-02-13T16:00:00+00:00,2653.33,2664.77,2652.22,2659.87,28863
2026-02-13T16:30:00+00:00,2659.87,2665.88,2655.17,2660.86,20571
2026-02-13T17:00:00+00:00,2660.86,2668.23,2660.36,2665.32,15672
2026-02-13T17:30:00+00:00,2665.32,2670.12,2659.76,2661.36,15634
2026-02-13T18:00:00+00:00,2661.36,2667.08,2658.02,2660.82,17857
2026-02-13T18:30:00+00:00,2660.82,2664.93,2655.06,2656.26,18379
2026-02-13T19:00:00+00:00,2656.26,2660.63,2650.71,2652.06,15872
2026-02-13T19:30:00+00:00,2652.06,2657.28,2645.32,2646.53,18822
2026-02-13T20:00:00+00:00,2646.53,2653.43,2641.57,2642.87,18243
2026-02-13T20:30:00+00:00,2642.87,2648.63,2639.21,2647.73,22911
2026-02-13T21:00:00+00:00,2647.73,2648.67,2645.61,2646.88,3021
2026-02-13T21:30:00+00:00,2646.88,2647.68,2646.31,2646.72,670
2026-02-15T23:00:00+00:00,2646.72,2650.1,2642.34,2648.6,2525
2026-02-15T23:30:00+00:00,2648.6,2649.49,2644.6,2648.75,2118
2026-02-16T00:00:00+00:00,2648.75,2649.6,2645.98,2648.44,2621
2026-02-16T00:30:00+00:00,2648.44,2649.08,2647.23,2648.2,1497
2026-02-16T01:00:00+00:00,2648.2,2649.65,2647.4,2648.84,1467
2026-02-16T01:30:00+00:00,2648.84,2652.1,2647.85,2651.25,1450
2026-02-16T02:00:00+00:00,2651.25,2651.9,2648.03,2649.04,1540
2026-02-16T02:30:00+00:00,2649.04,2649.65,2647.95,2648.43,1323
2026-02-16T03:00:00+00:00,2648.43,2649.3,2647.14,2647.55,800
2026-02-16T03:30:00+00:00,2647.55,2648.8,2646.79,2648.65,1295
2026-02-16T04:00:00+00:00,2648.65,2650.49,2648.43,2649.8,1099
2026-02-16T04:30:00+00:00,2649.8,2650.09,2648.39,2648.73,879
2026-02-16T05:00:00+00:00,2648.73,2649.35,2647.98,2649.13,1235
2026-02-16T05:30:00+00:00,2649.13,2649.2,2646.45,2647.45,1025
2026-02-16T06:00:00+00:00,2647.45,2649.19,2646.63,2648.84,1105
2026-02-16T06:30:00+00:00,2648.84,2650.4,2647.65,2650.14,1150
2026-02-16T07:00:00+00:00,2650.14,2652.89,2649.69,2652.08,1199
2026-02-16T07:30:00+00:00,2652.08,2654.3,2651.83,2653.64,1008
2026-02-16T08:00:00+00:00,2653.64,2657.04,2651.28,2653.88,2956
2026-02-16T08:30:00+00:00,2653.88,2656.29,2651.79,2656.13,2499
2026-02-16T09:00:00+00:00,2656.13,2659.84,2655.44,2659.18,1827
2026-02-16T09:30:00+00:00,2659.18,2659.25,2657.15,2657.64,1277
2026-02-16T10:00:00+00:00,2657.64,2658,2655.23,2655.8,1551
2026-02-16T10:30:00+00:00,2655.8,2657.55,2653.88,2654.75,1509
2026-02-16T11:00:00+00:00,2654.75,2655.25,2651.59,2655.18,1888
2026-02-16T11:30:00+00:00,2655.18,2655.35,2652.89,2653.34,1487
2026-02-16T12:00:00+00:00,2653.34,2656.05,2651.43,2655.84,1848
2026-02-16T12:30:00+00:00,2655.84,2655.95,2653.18,2653.53,2389
2026-02-16T13:00:00+00:00,2653.53,2653.69,2649.83,2650.83,2393
2026-02-16T13:30:00+00:00,2650.83,2652.14,2649.93,2650.33,2408
2026-02-16T14:00:00+00:00,2650.33,2650.73,2644.88,2646.14,4485
2026-02-16T14:30:00+00:00,2646.14,2649.55,2642.58,2647.9,7412
2026-02-16T15:00:00+00:00,2647.9,2649.15,2642.79,2642.98,5388
2026-02-16T15:30:00+00:00,2642.98,2643.7,2637.93,2638.18,5372
2026-02-16T16:00:00+00:00,2638.18,2644.65,2637.28,2642.24,5420
2026-02-16T16:30:00+00:00,2642.24,2643.39,2637.85,2639.35,4650
2026-02-16T17:00:00+00:00,2639.35,2641.65,2638.58,2641.33,2599
2026-02-16T17:30:00+00:00,2641.33,2642.5,2638.33,2639.38,2658
2026-02-16T18:00:00+00:00,2639.38,2639.7000000000003,2639.29,2639.5000000000005,22.781360662260578
2026-02-16T18:30:00+00:00,2638.83,2638.93,2638.1299999999997,2638.1299999999997,18.954258435299547
2026-02-16T19:00:00+00:00,2638.1299999999997,2638.2299999999996,2637.83,2637.83,22.564659455582593
2026-02-16T19:30:00+00:00,2638.0299999999997,2638.1299999999997,2637.83,2637.83,47.710337734126476
2026-02-16T20:00:00+00:00,2638.1299999999997,2638.33,2637.73,2638.33,57.388844263726
2026-02-16T20:30:00+00:00,2637.93,2638.1299999999997,2637.5299999999997,2637.83,93.52163316627085
2026-02-16T23:00:00+00:00,2639.3,2643.78,2638.77,2642.57,1229
2026-02-16T23:30:00+00:00,2642.57,2644.58,2642.02,2642.41,1322
2026-02-17T00:00:00+00:00,2642.41,2643.38,2639.48,2641.73,2608
2026-02-17T00:30:00+00:00,2641.73,2642.53,2637.87,2638.18,1878
2026-02-17T01:00:00+00:00,2638.18,2643.98,2638.13,2639.72,2321
2026-02-17T01:30:00+00:00,2639.72,2641.73,2628.36,2630.42,3898
2026-02-17T02:00:00+00:00,2630.42,2633.23,2626.56,2632.41,4515
2026-02-17T02:30:00+00:00,2632.41,2633.66,2630.77,2631.91,2467
2026-02-17T03:00:00+00:00,2631.91,2632.33,2626.86,2629.77,3017
2026-02-17T03:30:00+00:00,2629.77,2629.91,2624.46,2627.56,2732
2026-02-17T04:00:00+00:00,2627.56,2628.26,2626.51,2627.61,1670
2026-02-17T04:30:00+00:00,2627.61,2627.68,2625.31,2626.78,1435
2026-02-17T05:00:00+00:00,2626.78,2626.88,2620.18,2624.48,2029
2026-02-17T05:30:00+00:00,2624.48,2626.13,2620.52,2623.43,2853
2026-02-17T06:00:00+00:00,2623.43,2628.01,2623.38,2626.91,2007
2026-02-17T06:30:00+00:00,2626.91,2628.67,2625.61,2628.21,1478
2026-02-17T07:00:00+00:00,2628.21,2628.36,2622.68,2623.73,2432
2026-02-17T07:30:00+00:00,2623.73,2631.78,2623.21,2631.42,2455
2026-02-17T08:00:00+00:00,2631.42,2640.97,2630.83,2636.62,4745
2026-02-17T08:30:00+00:00,2636.62,2637.63,2632.32,2635.03,4267
2026-02-17T09:00:00+00:00,2635.03,2639.28,2634.51,2639.12,3881
2026-02-17T09:30:00+00:00,2639.12,2644.98,2639.12,2643.22,2611
2026-02-17T10:00:00+00:00,2643.22,2645.03,2641.12,2641.83,2365
2026-02-17T10:30:00+00:00,2641.83,2642.08,2636.21,2636.91,3016
2026-02-17T11:00:00+00:00,2636.91,2640.68,2635.46,2640.61,3714
2026-02-17T11:30:00+00:00,2640.61,2644.91,2639.77,2643.22,3035
2026-02-17T12:00:00+00:00,2643.22,2646.83,2641.26,2641.41,3710
2026-02-17T12:30:00+00:00,2641.41,2643.11,2639.07,2641.28,3038
2026-02-17T13:00:00+00:00,2641.28,2642.62,2632.61,2640.86,5631
2026-02-17T13:30:00+00:00,2640.86,2649.63,2637.96,2638.43,7916
2026-02-17T14:00:00+00:00,2638.43,2644.91,2638.23,2642.26,5747
2026-02-17T14:30:00+00:00,2642.26,2658.53,2621.08,2621.67,58638
2026-02-17T15:00:00+00:00,2621.67,2631.56,2614.81,2618.06,46642
2026-02-17T15:30:00+00:00,2618.06,2625.53,2608.81,2625.37,36313
2026-02-17T16:00:00+00:00,2625.37,2650.63,2625.06,2643.16,32206
2026-02-17T16:30:00+00:00,2643.16,2647.93,2638.26,2644.83,27204
2026-02-17T17:00:00+00:00,2644.83,2645.56,2636.73,2642.91,20487
2026-02-17T17:30:00+00:00,2642.91,2644.63,2631.16,2639.33,21644
2026-02-17T18:00:00+00:00,2639.33,2647.03,2633.47,2647.02,22440
2026-02-17T18:30:00+00:00,2647.02,2661.33,2644.91,2657.47,16830
2026-02-17T19:00:00+00:00,2657.47,2662.33,2653.28,2657.32,15181
2026-02-17T19:30:00+00:00,2657.32,2659.56,2653.57,2654.51,12605
2026-02-17T20:00:00+00:00,2654.51,2657.13,2647.97,2649.51,10657
2026-02-17T20:30:00+00:00,2649.51,2652.52,2646.32,2649.52,12444
2026-02-17T21:00:00+00:00,2649.52,2650.33,2646.51,2647.37,3483
2026-02-17T21:30:00+00:00,2647.37,2648.47,2645.72,2646.91,1953
2026-02-17T23:00:00+00:00,2646.91,2647.87,2643.37,2645.91,1444
2026-02-17T23:30:00+00:00,2645.91,2646.63,2641.42,2641.71,1665
2026-02-18T00:00:00+00:00,2641.71,2646.03,2641.41,2643.88,1803
2026-02-18T00:30:00+00:00,2643.88,2644.51,2641.01,2641.91,1543
2026-02-18T01:00:00+00:00,2641.91,2642.86,2640.06,2641.42,1701
2026-02-18T01:30:00+00:00,2641.42,2643.07,2640.17,2642.83,1199
2026-02-18T02:00:00+00:00,2642.83,2644.61,2641.33,2642.02,1377
2026-02-18T02:30:00+00:00,2642.02,2644.21,2642.02,2643.12,1035
2026-02-18T03:00:00+00:00,2643.12,2644.63,2641.56,2642.76,1042
2026-02-18T03:30:00+00:00,2642.76,2646.36,2642.76,2645.78,1427
2026-02-18T04:00:00+00:00,2645.78,2647.13,2644.96,2646.38,1236
2026-02-18T04:30:00+00:00,2646.38,2648.83,2646.31,2648.32,1255
2026-02-18T05:00:00+00:00,2648.32,2649.08,2647.36,2648.53,985
2026-02-18T05:30:00+00:00,2648.53,2649.78,2647.91,2648.26,893
2026-02-18T06:00:00+00:00,2648.26,2649.12,2647.26,2648.87,1252
2026-02-18T06:30:00+00:00,2648.87,2651.23,2647.61,2648.93,1203
2026-02-18T07:00:00+00:00,2648.93,2649.52,2647.72,2649.02,1602
2026-02-18T07:30:00+00:00,2649.02,2650.92,2648.56,2650.28,1448
2026-02-18T08:00:00+00:00,2650.28,2657.13,2650.21,2654.86,3049
2026-02-18T08:30:00+00:00,2654.86,2657.12,2654.66,2656.47,1997
2026-02-18T09:00:00+00:00,2656.47,2659.63,2656.12,2659.28,1979
2026-02-18T09:30:00+00:00,2659.28,2661.78,2658.31,2658.46,1620
2026-02-18T10:00:00+00:00,2658.46,2661.42,2658.16,2661.36,1448
2026-02-18T10:30:00+00:00,2661.36,2661.42,2658.81,2659.83,1356
2026-02-18T11:00:00+00:00,2659.83,2660.28,2655.36,2655.62,1430
2026-02-18T11:30:00+00:00,2655.62,2655.93,2650.88,2651.51,1380
2026-02-18T12:00:00+00:00,2651.51,2655.58,2648.73,2648.83,3070
2026-02-18T12:30:00+00:00,2648.83,2648.91,2643.76,2647.93,2994
2026-02-18T13:00:00+00:00,2647.93,2651.12,2646.56,2650.13,2121
2026-02-18T13:30:00+00:00,2650.13,2652.63,2644.92,2647.03,2728
2026-02-18T14:00:00+00:00,2647.03,2650.92,2645.86,2649.01,3203
2026-02-18T14:30:00+00:00,2649.01,2677.53,2637.01,2676.48,43800
2026-02-18T15:00:00+00:00,2676.48,2686.72,2675.42,2686.36,17275
2026-02-18T15:30:00+00:00,2686.36,2688.03,2679.78,2682.91,13342
2026-02-18T16:00:00+00:00,2682.91,2683.22,2674.61,2678.18,10468
2026-02-18T16:30:00+00:00,2678.18,2680.03,2673.01,2673.13,9035
2026-02-18T17:00:00+00:00,2673.13,2678.52,2672.28,2675.51,8550
2026-02-18T17:30:00+00:00,2675.51,2678.38,2672.67,2674.96,6639
2026-02-18T18:00:00+00:00,2674.96,2677.38,2665.86,2669.52,7248
2026-02-18T18:30:00+00:00,2669.52,2671.97,2664.06,2667.6099999999997,12449
2026-02-18T19:00:00+00:00,2667.6099999999997,2670.48,2660.0699999999997,2661.2799999999997,16908
2026-02-18T19:30:00+00:00,2661.2799999999997,2662.37,2648.31,2651.9199999999996,21192
2026-02-18T20:00:00+00:00,2651.9199999999996,2656.0699999999997,2646.5099999999998,2647.08,16594
2026-02-18T20:30:00+00:00,2647.08,2661.6299999999997,2646.48,2658.6099999999997,11564
2026-02-18T21:00:00+00:00,2658.6099999999997,2659.33,2655.8199999999997,2658.4899999999993,1885
2026-02-18T21:30:00+00:00,2658.4899999999993,2658.7999999999993,2656.1499999999996,2657.8999999999996,731
2026-02-18T23:00:00+00:00,2657.8999999999996,2661.6199999999994,2656.1199999999994,2659.3199999999993,1253
2026-02-18T23:30:00+00:00,2659.3199999999993,2660.3699999999994,2658.1599999999994,2658.4599999999996,1122
2026-02-19T00:00:00+00:00,2658.4599999999996,2659.5199999999995,2655.7799999999993,2656.5299999999993,1835
2026-02-19T00:30:00+00:00,2656.5299999999993,2657.8299999999995,2655.3199999999993,2656.9099999999994,1711
2026-02-19T01:00:00+00:00,2656.9099999999994,2661.229999999999,2655.809999999999,2657.7199999999993,2225
2026-02-19T01:30:00+00:00,2657.7199999999993,2658.519999999999,2655.0799999999995,2656.9699999999993,1689
2026-02-19T02:00:00+00:00,2656.9699999999993,2657.379999999999,2655.5699999999993,2657.109999999999,1253
2026-02-19T02:30:00+00:00,2657.109999999999,2657.8699999999994,2655.629999999999,2656.7599999999993,833
2026-02-19T03:00:00+00:00,2656.7599999999993,2657.8199999999993,2656.229999999999,2657.3699999999994,1009
2026-02-19T03:30:00+00:00,2657.3699999999994,2657.7799999999993,2654.169999999999,2655.8299999999995,1205
2026-02-19T04:00:00+00:00,2655.8299999999995,2656.709999999999,2654.3299999999995,2654.3699999999994,934
2026-02-19T04:30:00+00:00,2654.3699999999994,2655.169999999999,2653.059999999999,2653.269999999999,1131
2026-02-19T05:00:00+00:00,2653.269999999999,2654.609999999999,2651.379999999999,2654.379999999999,1246
2026-02-19T05:30:00+00:00,2654.379999999999,2657.1199999999994,2654.359999999999,2656.879999999999,1063
2026-02-19T06:00:00+00:00,2656.879999999999,2657.3299999999995,2655.6599999999994,2657.019999999999,1116
2026-02-19T06:30:00+00:00,2657.019999999999,2659.019999999999,2656.919999999999,2658.8199999999993,1298
2026-02-19T07:00:00+00:00,2658.8199999999993,2660.1599999999994,2657.0099999999993,2659.479999999999,1019
2026-02-19T07:30:00+00:00,2659.479999999999,2660.0799999999995,2656.379999999999,2656.4699999999993,1135
2026-02-19T08:00:00+00:00,2656.4699999999993,2659.129999999999,2654.8699999999994,2658.6199999999994,2915
2026-02-19T08:30:00+00:00,2658.6199999999994,2659.609999999999,2650.709999999999,2651.9099999999994,2746
2026-02-19T09:00:00+00:00,2651.9099999999994,2655.859999999999,2650.8199999999993,2652.209999999999,3570
2026-02-19T09:30:00+00:00,2652.209999999999,2652.669999999999,2647.109999999999,2649.6599999999994,3626
2026-02-19T10:00:00+00:00,2649.6599999999994,2649.9699999999993,2643.019999999999,2643.8299999999995,4681
2026-02-19T10:30:00+00:00,2643.8299999999995,2647.0799999999995,2641.0799999999995,2645.2599999999993,2954
2026-02-19T11:00:00+00:00,2645.2599999999993,2647.729999999999,2643.629999999999,2646.8199999999993,2209
2026-02-19T11:30:00+00:00,2646.8199999999993,2648.1499999999996,2644.6899999999996,2647.3299999999995,2158
2026-02-19T12:00:00+00:00,2647.3299999999995,2654.5499999999993,2644.0999999999995,2652.9399999999996,3315
2026-02-19T12:30:00+00:00,2652.9399999999996,2654.7499999999995,2649.5499999999993,2650.4299999999994,2369
2026-02-19T13:00:00+00:00,2650.4299999999994,2650.8999999999996,2646.0499999999993,2647.379999999999,3305
2026-02-19T13:30:00+00:00,2647.379999999999,2651.1399999999994,2644.5299999999993,2645.9999999999995,3711
2026-02-19T14:00:00+00:00,2645.9999999999995,2646.6499999999996,2642.5399999999995,2644.0799999999995,3919
2026-02-19T14:30:00+00:00,2644.0799999999995,2654.3999999999996,2628.9799999999996,2649.379999999999,51100
2026-02-19T15:00:00+00:00,2649.379999999999,2655.2999999999993,2641.6399999999994,2643.8399999999992,31219
2026-02-19T15:30:00+00:00,2643.8399999999992,2659.379999999999,2642.2899999999995,2654.9399999999996,25754
2026-02-19T16:00:00+00:00,2654.9399999999996,2661.1999999999994,2649.1799999999994,2652.9799999999996,17766
2026-02-19T16:30:00+00:00,2652.9799999999996,2661.0399999999995,2647.2999999999993,2651.6899999999996,18474
2026-02-19T17:00:00+00:00,2651.6899999999996,2656.4999999999995,2644.9899999999993,2651.9899999999993,17130
2026-02-19T17:30:00+00:00,2651.9899999999993,2654.9899999999993,2642.4399999999996,2645.6899999999996,16420
2026-02-19T18:00:00+00:00,2645.6899999999996,2647.1999999999994,2638.2899999999995,2642.0999999999995,15496
2026-02-19T18:30:00+00:00,2642.0999999999995,2649.5799999999995,2640.22,2648.7299999999996,12423
2026-02-19T19:00:00+00:00,2648.7299999999996,2654.97,2647.9799999999996,2650.5699999999997,11656
2026-02-19T19:30:00+00:00,2650.5699999999997,2651.6199999999994,2644.0699999999997,2649.2099999999996,13160
2026-02-19T20:00:00+00:00,2649.2099999999996,2660.9599999999996,2649.2099999999996,2657.2699999999995,10247
2026-02-19T20:30:00+00:00,2657.2699999999995,2665.0599999999995,2656.4199999999996,2664.7599999999998,10301
2026-02-19T21:00:00+00:00,2664.7599999999998,2666.8299999999995,2663.2699999999995,2665.6299999999997,2563
2026-02-19T21:30:00+00:00,2665.6299999999997,2665.6299999999997,2661.0099999999998,2662.2699999999995,1489
2026-02-19T23:00:00+00:00,2662.2699999999995,2664.6699999999996,2661.1099999999997,2663.7799999999997,1260
2026-02-19T23:30:00+00:00,2663.7799999999997,2665.5699999999997,2663.5199999999995,2664.0599999999995,866
2026-02-20T00:00:00+00:00,2664.0599999999995,2664.43,2660.93,2663.7299999999996,1911
2026-02-20T00:30:00+00:00,2663.7299999999996,2666.5299999999997,2663.7299999999996,2665.7099999999996,876
2026-02-20T01:00:00+00:00,2665.7099999999996,2667.93,2665.5199999999995,2666.1599999999994,1321
2026-02-20T01:30:00+00:00,2666.1599999999994,2666.1599999999994,2664.3599999999997,2664.93,1470
2026-02-20T02:00:00+00:00,2664.93,2667.1299999999997,2663.8599999999997,2664.1699999999996,1743
2026-02-20T02:30:00+00:00,2664.1699999999996,2665.4799999999996,2663.1099999999997,2665.3799999999997,1379
2026-02-20T03:00:00+00:00,2665.3799999999997,2666.6699999999996,2665.3599999999997,2666.1199999999994,907
2026-02-20T03:30:00+00:00,2666.1199999999994,2667.0199999999995,2665.2599999999998,2665.7699999999995,954
2026-02-20T04:00:00+00:00,2665.7699999999995,2668.43,2665.2599999999998,2667.4099999999994,958
2026-02-20T04:30:00+00:00,2667.4099999999994,2667.9099999999994,2666.9099999999994,2667.2299999999996,704
2026-02-20T05:00:00+00:00,2667.2299999999996,2669.1699999999996,2667.2299999999996,2669.0099999999998,1003
2026-02-20T05:30:00+00:00,2669.0099999999998,2670.8099999999995,2668.9099999999994,2670.7799999999997,965
2026-02-20T06:00:00+00:00,2670.7799999999997,2671.5299999999997,2670.0199999999995,2670.7699999999995,758
2026-02-20T06:30:00+00:00,2670.7699999999995,2670.7699999999995,2669.4099999999994,2669.9199999999996,911
2026-02-20T07:00:00+00:00,2669.9199999999996,2670.6299999999997,2669.3199999999997,2669.3199999999997,949
2026-02-20T07:30:00+00:00,2669.3199999999997,2669.6199999999994,2666.5299999999997,2667.7299999999996,1078
2026-02-20T08:00:00+00:00,2667.7299999999996,2671.2799999999997,2667.0099999999998,2671.2099999999996,2703
2026-02-20T08:30:00+00:00,2671.2099999999996,2672.3699999999994,2668.1199999999994,2671.68,2061
2026-02-20T09:00:00+00:00,2671.68,2675.22,2671.2799999999997,2672.8099999999995,1546
2026-02-20T09:30:00+00:00,2672.8099999999995,2673.0299999999997,2667.2099999999996,2667.6299999999997,1832
2026-02-20T10:00:00+00:00,2667.6299999999997,2669.8599999999997,2666.6599999999994,2668.3199999999997,1755
2026-02-20T10:30:00+00:00,2668.3199999999997,2668.5299999999997,2664.3599999999997,2664.4099999999994,2211
2026-02-20T11:00:00+00:00,2664.4099999999994,2664.43,2659.1099999999997,2661.0099999999998,3201
2026-02-20T11:30:00+00:00,2661.0099999999998,2663.68,2657.1599999999994,2658.1599999999994,2818
2026-02-20T12:00:00+00:00,2658.1599999999994,2659.9599999999996,2654.2699999999995,2654.93,3474
2026-02-20T12:30:00+00:00,2654.93,2655.3699999999994,2651.0699999999997,2655.3599999999997,2750
2026-02-20T13:00:00+00:00,2655.3599999999997,2661.1299999999997,2654.22,2659.6599999999994,2051
2026-02-20T13:30:00+00:00,2659.6599999999994,2660.72,2641.5799999999995,2647.0799999999995,6446
2026-02-20T14:00:00+00:00,2647.0799999999995,2647.3799999999997,2636.8699999999994,2646.2099999999996,5642
2026-02-20T14:30:00+00:00,2646.2099999999996,2657.7699999999995,2644.1199999999994,2654.8699999999994,39461
2026-02-20T15:00:00+00:00,2654.8699999999994,2691.1199999999994,2651.3799999999997,2667.9099999999994,43227
2026-02-20T15:30:00+00:00,2667.9099999999994,2670.8799999999997,2656.6099999999997,2664.8099999999995,31231
2026-02-20T16:00:00+00:00,2664.8099999999995,2673.3099999999995,2654.7599999999998,2654.8999999999996,24777
2026-02-20T16:30:00+00:00,2654.8999999999996,2667.4599999999996,2652.8999999999996,2664.9999999999995,17199
2026-02-20T17:00:00+00:00,2664.9999999999995,2666.8099999999995,2639.5099999999998,2642.97,19876
2026-02-20T17:30:00+00:00,2642.97,2659.95,2642.0499999999997,2659.06,19854
2026-02-20T18:00:00+00:00,2659.06,2661.6,2648.4599999999996,2651.2,18042
2026-02-20T18:30:00+00:00,2651.2,2674.52,2647.81,2672.95,21492
2026-02-20T19:00:00+00:00,2672.95,2674.77,2658.85,2660.8199999999997,10220
2026-02-20T19:30:00+00:00,2660.8199999999997,2663.6499999999996,2652.0099999999998,2652.7499999999995,8442
2026-02-20T20:00:00+00:00,2652.7499999999995,2661.0699999999997,2652.4999999999995,2659.06,7282
2026-02-20T20:30:00+00:00,2659.06,2665.47,2658.4999999999995,2664.91,8447
2026-02-20T21:00:00+00:00,2664.91,2667.2,2663.6,2664.95,1847
2026-02-20T21:30:00+00:00,2664.95,2665.7099999999996,2664.12,2664.6499999999996,372
2026-02-22T23:00:00+00:00,2664.39,2664.39,2653.21,2654.11,2044
2026-02-22T23:30:00+00:00,2654.11,2656.11,2651.55,2655.71,2244
2026-02-23T00:00:00+00:00,2655.71,2655.71,2646.27,2648.06,2209
2026-02-23T00:30:00+00:00,2648.06,2648.67,2641.47,2642.11,2059
2026-02-23T01:00:00+00:00,2642.11,2645.26,2639.12,2642.91,3117
2026-02-23T01:30:00+00:00,2642.91,2643.65,2637.56,2637.56,2678
2026-02-23T02:00:00+00:00,2637.56,2641.12,2636.52,2640.31,2712
2026-02-23T02:30:00+00:00,2640.31,2641.17,2638.52,2639.11,1483
2026-02-23T03:00:00+00:00,2639.11,2639.82,2636.46,2638.21,1681
2026-02-23T03:30:00+00:00,2638.21,2638.81,2635.95,2637.87,1249
2026-02-23T04:00:00+00:00,2637.87,2638.87,2636.7,2637.51,1089
2026-02-23T04:30:00+00:00,2637.51,2637.96,2635.65,2636.95,1185
2026-02-23T05:00:00+00:00,2636.95,2637.45,2635.36,2637.16,1259
2026-02-23T05:30:00+00:00,2637.16,2638.21,2636.46,2637.91,788
2026-02-23T06:00:00+00:00,2637.91,2638.31,2636.9,2637.07,817
2026-02-23T06:30:00+00:00,2637.07,2639.61,2637.01,2639.1,704
2026-02-23T07:00:00+00:00,2639.1,2641.92,2639.01,2640.57,1415
2026-02-23T07:30:00+00:00,2640.57,2642.62,2639.55,2642.01,1205
2026-02-23T08:00:00+00:00,2642.01,2644.9500000000003,2641.8600000000006,2644.4600000000005,2376
2026-02-23T08:30:00+00:00,2644.4600000000005,2647.4100000000003,2642.2000000000003,2647.2400000000002,1706
2026-02-23T09:00:00+00:00,2647.2400000000002,2652.7500000000005,2647.1900000000005,2651.2500000000005,2044
2026-02-23T09:30:00+00:00,2651.2500000000005,2653.4500000000003,2650.6400000000003,2652.0400000000004,1287
2026-02-23T10:00:00+00:00,2652.0400000000004,2653.6000000000004,2649.1600000000003,2651.6900000000005,1982
2026-02-23T10:30:00+00:00,2651.6900000000005,2654.5600000000004,2650.9900000000002,2652.6900000000005,1428
2026-02-23T11:00:00+00:00,2652.6900000000005,2655.1600000000003,2652.4400000000005,2653.7100000000005,1283
2026-02-23T11:30:00+00:00,2653.7100000000005,2655.1100000000006,2648.9600000000005,2650.7900000000004,1585
2026-02-23T12:00:00+00:00,2650.7900000000004,2652.5500000000006,2645.7100000000005,2646.1100000000006,2507
2026-02-23T12:30:00+00:00,2646.1100000000006,2647.8500000000004,2643.5000000000005,2646.9500000000003,2348
2026-02-23T13:00:00+00:00,2646.9500000000003,2651.3,2645.1900000000005,2649.8300000000004,2696
2026-02-23T13:30:00+00:00,2649.8300000000004,2652.3500000000004,2648.3300000000004,2650.7400000000002,1869
2026-02-23T14:00:00+00:00,2650.7400000000002,2653.2000000000003,2649.2500000000005,2652.7900000000004,2145
2026-02-23T14:30:00+00:00,2652.7900000000004,2662.6400000000003,2636.1800000000003,2638.4500000000003,39083
2026-02-23T15:00:00+00:00,2638.4500000000003,2640.1500000000005,2614.3400000000006,2618.2000000000003,28412
2026-02-23T15:30:00+00:00,2618.2000000000003,2625.05,2609.9400000000005,2610.6000000000004,23567
2026-02-23T16:00:00+00:00,2610.6000000000004,2612.8400000000006,2602.9000000000005,2612.55,28910
2026-02-23T16:30:00+00:00,2612.55,2614.2300000000005,2604.9300000000003,2607.7300000000005,28914
2026-02-23T17:00:00+00:00,2607.7300000000005,2609.9900000000002,2602.7000000000003,2602.8500000000004,20939
2026-02-23T17:30:00+00:00,2602.8500000000004,2609.3800000000006,2599.1800000000003,2608.1900000000005,21136
2026-02-23T18:00:00+00:00,2608.1900000000005,2621.8300000000004,2607.53,2621.5900000000006,15756
2026-02-23T18:30:00+00:00,2621.5900000000006,2625.6400000000003,2615.8800000000006,2616.7900000000004,11150
2026-02-23T19:00:00+00:00,2616.7900000000004,2618.3500000000004,2611.7500000000005,2612.4300000000003,9491
2026-02-23T19:30:00+00:00,2612.4300000000003,2620.1300000000006,2611.7400000000002,2617.1500000000005,8893
2026-02-23T20:00:00+00:00,2617.1500000000005,2619.78,2613.0900000000006,2617.1300000000006,8817
2026-02-23T20:30:00+00:00,2617.1300000000006,2623.4500000000003,2616.8,2623.1900000000005,11497
2026-02-23T21:00:00+00:00,2623.1900000000005,2625.8900000000003,2621.55,2624.6800000000003,2506
2026-02-23T21:30:00+00:00,2624.6800000000003,2628.3800000000006,2624.6800000000003,2628.2300000000005,924
2026-02-23T23:00:00+00:00,2628.2300000000005,2628.5600000000004,2625.2900000000004,2627.5900000000006,1593
2026-02-23T23:30:00+00:00,2627.5900000000006,2628.9500000000003,2624.7100000000005,2624.7100000000005,1296
2026-02-24T00:00:00+00:00,2624.7100000000005,2627.01,2623.1500000000005,2624.76,1774
2026-02-24T00:30:00+00:00,2624.76,2627.3600000000006,2623.26,2626.2400000000002,1097
2026-02-24T01:00:00+00:00,2626.2400000000002,2626.3900000000003,2622.9000000000005,2625.2000000000003,1983
2026-02-24T01:30:00+00:00,2625.2000000000003,2626.4100000000003,2623.4000000000005,2624.9500000000003,2099
2026-02-24T02:00:00+00:00,2624.9500000000003,2628.3400000000006,2623.9500000000003,2628.2100000000005,1888
2026-02-24T02:30:00+00:00,2628.2100000000005,2628.55,2626.4400000000005,2627.51,1392
2026-02-24T03:00:00+00:00,2627.51,2628.8,2627.3400000000006,2628.26,1362
2026-02-24T03:30:00+00:00,2628.26,2628.7900000000004,2627.7500000000005,2628.4100000000003,1294
2026-02-24T04:00:00+00:00,2628.4100000000003,2628.8600000000006,2627.2400000000002,2628.2100000000005,1098
2026-02-24T04:30:00+00:00,2628.2100000000005,2629.4600000000005,2627.4400000000005,2628.7000000000003,1031
2026-02-24T05:00:00+00:00,2628.7000000000003,2630.2100000000005,2627.6900000000005,2628.2900000000004,1246
2026-02-24T05:30:00+00:00,2628.2900000000004,2628.5600000000004,2626.0400000000004,2627.3100000000004,1627
2026-02-24T06:00:00+00:00,2627.3100000000004,2627.8100000000004,2625.55,2626.55,1648
2026-02-24T06:30:00+00:00,2626.55,2629.1000000000004,2625.3500000000004,2628.5000000000005,1410
2026-02-24T07:00:00+00:00,2628.5000000000005,2631.9600000000005,2628.1000000000004,2631.2000000000003,1514
2026-02-24T07:30:00+00:00,2631.2000000000003,2631.8100000000004,2627.9000000000005,2628.3400000000006,1820
2026-02-24T08:00:00+00:00,2628.3400000000006,2628.8100000000004,2623.26,2627.51,5221
2026-02-24T08:30:00+00:00,2627.51,2628.8,2621.5400000000004,2624.0600000000004,3527
2026-02-24T09:00:00+00:00,2624.0600000000004,2629.9900000000002,2624.01,2627.5600000000004,2875
2026-02-24T09:30:00+00:00,2627.5600000000004,2629.3100000000004,2624.55,2628.9100000000003,2297
2026-02-24T10:00:00+00:00,2628.9100000000003,2630.6600000000003,2627.8500000000004,2628.9000000000005,2045
2026-02-24T10:30:00+00:00,2628.9000000000005,2629.5000000000005,2626.9400000000005,2628.6100000000006,2124
2026-02-24T11:00:00+00:00,2628.6100000000006,2629.8,2626.1400000000003,2626.4900000000002,2203
2026-02-24T11:30:00+00:00,2626.4900000000002,2628.01,2625.8900000000003,2627.6900000000005,1805
2026-02-24T12:00:00+00:00,2627.6900000000005,2629.8600000000006,2626.01,2626.01,3368
2026-02-24T12:30:00+00:00,2626.01,2626.9600000000005,2619.7000000000003,2623.5900000000006,3105
2026-02-24T13:00:00+00:00,2623.5900000000006,2626.3500000000004,2622.9800000000005,2625.8800000000006,2617
2026-02-24T13:30:00+00:00,2625.8800000000006,2628.8000000000006,2623.0800000000004,2627.2400000000002,2320
2026-02-24T14:00:00+00:00,2627.2400000000002,2628.1000000000004,2619.0800000000004,2622.0400000000004,3402
2026-02-24T14:30:00+00:00,2622.0400000000004,2647.09,2616.8400000000006,2640.0000000000005,49882
2026-02-24T15:00:00+00:00,2640.0000000000005,2657.4500000000007,2635.6800000000007,2656.7900000000004,38840
2026-02-24T15:30:00+00:00,2656.7900000000004,2660.2900000000004,2642.810000000001,2645.370000000001,26634
2026-02-24T16:00:00+00:00,2645.370000000001,2650.520000000001,2641.8800000000006,2644.4200000000005,20485
2026-02-24T16:30:00+00:00,2644.4200000000005,2646.230000000001,2637.7800000000007,2645.3600000000006,19572
2026-02-24T17:00:00+00:00,2645.3600000000006,2651.2800000000007,2644.210000000001,2649.6300000000006,12661
2026-02-24T17:30:00+00:00,2649.6300000000006,2652.7800000000007,2648.4700000000007,2651.6300000000006,9589
2026-02-24T18:00:00+00:00,2651.6300000000006,2653.8600000000006,2649.5100000000007,2651.0700000000006,9187
2026-02-24T18:30:00+00:00,2651.0700000000006,2657.1300000000006,2650.8600000000006,2655.080000000001,8529
2026-02-24T19:00:00+00:00,2655.080000000001,2656.6100000000006,2650.7200000000007,2652.0700000000006,10774
2026-02-24T19:30:00+00:00,2652.0700000000006,2656.740000000001,2651.8200000000006,2653.070000000001,8195
2026-02-24T20:00:00+00:00,2653.070000000001,2655.290000000001,2646.730000000001,2647.290000000001,8621
2026-02-24T20:30:00+00:00,2647.290000000001,2656.470000000001,2647.170000000001,2651.970000000001,8921
2026-02-24T21:00:00+00:00,2651.970000000001,2652.190000000001,2650.120000000001,2651.920000000001,1547
2026-02-24T21:30:00+00:00,2651.920000000001,2652.780000000001,2651.120000000001,2651.540000000001,831
2026-02-24T23:00:00+00:00,2651.540000000001,2653.350000000001,2650.1800000000007,2651.780000000001,847
2026-02-24T23:30:00+00:00,2651.780000000001,2653.080000000001,2650.740000000001,2652.280000000001,708
2026-02-25T00:00:00+00:00,2652.280000000001,2652.300000000001,2650.630000000001,2651.150000000001,848
2026-02-25T00:30:00+00:00,2651.150000000001,2654.300000000001,2649.840000000001,2653.550000000001,975
2026-02-25T01:00:00+00:00,2653.550000000001,2654.940000000001,2652.600000000001,2653.880000000001,1666
2026-02-25T01:30:00+00:00,2653.880000000001,2656.0900000000006,2653.040000000001,2655.7400000000007,1417
2026-02-25T02:00:00+00:00,2655.7400000000007,2656.9400000000005,2654.890000000001,2656.1800000000007,1649
2026-02-25T02:30:00+00:00,2656.1800000000007,2657.4400000000005,2655.040000000001,2657.390000000001,1667
2026-02-25T03:00:00+00:00,2657.390000000001,2657.640000000001,2652.6900000000005,2653.4700000000007,1987
2026-02-25T03:30:00+00:00,2653.4700000000007,2657.1900000000005,2647.5700000000006,2655.580000000001,3091
2026-02-25T04:00:00+00:00,2655.580000000001,2655.6900000000005,2652.140000000001,2654.9400000000005,1794
2026-02-25T04:30:00+00:00,2654.9400000000005,2656.080000000001,2654.4200000000005,2654.5300000000007,982
2026-02-25T05:00:00+00:00,2654.5300000000007,2656.4900000000007,2653.0700000000006,2653.770000000001,1401
2026-02-25T05:30:00+00:00,2653.770000000001,2654.790000000001,2652.980000000001,2653.5900000000006,1058
2026-02-25T06:00:00+00:00,2653.5900000000006,2655.870000000001,2652.830000000001,2654.2800000000007,1144
2026-02-25T06:30:00+00:00,2654.2800000000007,2656.1900000000005,2653.5900000000006,2654.020000000001,917
2026-02-25T07:00:00+00:00,2654.020000000001,2655.370000000001,2653.580000000001,2654.7200000000007,1123
2026-02-25T07:30:00+00:00,2654.7200000000007,2654.790000000001,2652.7800000000007,2654.020000000001,1186
2026-02-25T08:00:00+00:00,2654.020000000001,2660.480000000001,2653.7200000000007,2659.1800000000007,2664
2026-02-25T08:30:00+00:00,2659.1800000000007,2662.270000000001,2658.1300000000006,2662.2400000000007,1468
2026-02-25T09:00:00+00:00,2662.2400000000007,2663.1900000000005,2660.100000000001,2661.2500000000005,1584
2026-02-25T09:30:00+00:00,2661.2500000000005,2664.540000000001,2660.9300000000007,2664.330000000001,1186
2026-02-25T10:00:00+00:00,2664.330000000001,2664.7500000000005,2660.9300000000007,2661.7800000000007,1318
2026-02-25T10:30:00+00:00,2661.7800000000007,2664.390000000001,2661.5000000000005,2662.390000000001,984
2026-02-25T11:00:00+00:00,2662.390000000001,2664.2400000000007,2662.080000000001,2663.9300000000007,1021
2026-02-25T11:30:00+00:00,2663.9300000000007,2667.580000000001,2663.890000000001,2667.4400000000005,921
2026-02-25T12:00:00+00:00,2667.4400000000005,2671.100000000001,2666.9900000000007,2669.390000000001,1503
2026-02-25T12:30:00+00:00,2669.390000000001,2671.9000000000005,2668.0300000000007,2670.7800000000007,1281
2026-02-25T13:00:00+00:00,2670.7800000000007,2671.540000000001,2668.8800000000006,2669.7500000000005,1075
2026-02-25T13:30:00+00:00,2669.7500000000005,2669.9000000000005,2664.640000000001,2669.1500000000005,1565
2026-02-25T14:00:00+00:00,2669.1500000000005,2675.7500000000005,2669.1500000000005,2671.4300000000007,2363
2026-02-25T14:30:00+00:00,2671.4300000000007,2672.2400000000007,2650.1900000000005,2656.1900000000005,37620
2026-02-25T15:00:00+00:00,2656.1900000000005,2656.390000000001,2645.040000000001,2648.9400000000005,25693
2026-02-25T15:30:00+00:00,2648.9400000000005,2650.2000000000007,2643.140000000001,2648.1500000000005,21139
2026-02-25T16:00:00+00:00,2648.1500000000005,2655.790000000001,2645.7500000000005,2655.3000000000006,14673
2026-02-25T16:30:00+00:00,2655.3000000000006,2664.1300000000006,2654.350000000001,2662.290000000001,9407
2026-02-25T17:00:00+00:00,2662.290000000001,2664.850000000001,2659.1300000000006,2661.100000000001,5507
2026-02-25T17:30:00+00:00,2661.100000000001,2666.8800000000006,2660.1500000000005,2666.8800000000006,4428
2026-02-25T18:00:00+00:00,2666.8800000000006,2668.6500000000005,2662.9300000000007,2664.7800000000007,3750
2026-02-25T18:30:00+00:00,2664.7800000000007,2667.5000000000005,2663.8400000000006,2665.5500000000006,2475
2026-02-25T19:00:00+00:00,2665.5500000000006,2666.7500000000005,2663.2000000000007,2665.2500000000005,3210
2026-02-25T19:30:00+00:00,2665.2500000000005,2671.7000000000007,2665.1800000000007,2670.6300000000006,3874
2026-02-25T20:00:00+00:00,2670.6300000000006,2671.580000000001,2664.0500000000006,2664.100000000001,4002
2026-02-25T20:30:00+00:00,2664.100000000001,2665.7400000000007,2661.8000000000006,2664.7800000000007,6159
2026-02-25T21:00:00+00:00,2664.7800000000007,2666.890000000001,2663.6800000000007,2666.2000000000007,2912
2026-02-25T21:30:00+00:00,2666.2000000000007,2668.3000000000006,2663.290000000001,2665.0500000000006,6378
2026-02-25T23:00:00+00:00,2665.0500000000006,2667.4100000000008,2663.8000000000006,2666.2400000000007,2398
2026-02-25T23:30:00+00:00,2666.2400000000007,2666.2400000000007,2659.790000000001,2660.1900000000005,1954
2026-02-26T00:00:00+00:00,2660.1900000000005,2664.9000000000005,2659.850000000001,2664.3400000000006,1899
2026-02-26T00:30:00+00:00,2664.3400000000006,2665.1100000000006,2662.640000000001,2663.2000000000007,1050
2026-02-26T01:00:00+00:00,2663.2000000000007,2664.4100000000008,2661.390000000001,2661.600000000001,2055
2026-02-26T01:30:00+00:00,2661.600000000001,2666.6500000000005,2660.790000000001,2666.2600000000007,1799
2026-02-26T02:00:00+00:00,2666.2600000000007,2666.6500000000005,2664.4600000000005,2665.0000000000005,1307
2026-02-26T02:30:00+00:00,2665.0000000000005,2665.600000000001,2663.890000000001,2665.1600000000008,885
2026-02-26T03:00:00+00:00,2665.1600000000008,2665.5100000000007,2663.5900000000006,2664.4600000000005,668
2026-02-26T03:30:00+00:00,2664.4600000000005,2666.9100000000008,2664.390000000001,2665.060000000001,825
2026-02-26T04:00:00+00:00,2665.060000000001,2665.600000000001,2663.2000000000007,2663.5100000000007,760
2026-02-26T04:30:00+00:00,2663.5100000000007,2664.5500000000006,2663.1100000000006,2664.2600000000007,573
2026-02-26T05:00:00+00:00,2664.2600000000007,2664.3000000000006,2662.0900000000006,2662.4400000000005,1397
2026-02-26T05:30:00+00:00,2662.4400000000005,2663.8000000000006,2662.140000000001,2663.560000000001,905
2026-02-26T06:00:00+00:00,2663.560000000001,2664.6600000000008,2662.9900000000007,2663.140000000001,1165
2026-02-26T06:30:00+00:00,2663.140000000001,2666.1100000000006,2662.6900000000005,2663.9400000000005,1032
2026-02-26T07:00:00+00:00,2663.9400000000005,2666.2000000000007,2663.9400000000005,2664.9400000000005,1359
2026-02-26T07:30:00+00:00,2664.9400000000005,2666.7000000000007,2664.310000000001,2664.390000000001,1168
2026-02-26T08:00:00+00:00,2664.390000000001,2670.350000000001,2663.540000000001,2668.6500000000005,3529
2026-02-26T08:30:00+00:00,2668.6500000000005,2668.9100000000008,2665.6100000000006,2666.7600000000007,2188
2026-02-26T09:00:00+00:00,2666.7600000000007,2668.9100000000008,2666.040000000001,2668.350000000001,1805
2026-02-26T09:30:00+00:00,2668.350000000001,2673.790000000001,2667.9400000000005,2671.060000000001,1241
2026-02-26T10:00:00+00:00,2671.060000000001,2671.4600000000005,2669.4900000000007,2670.790000000001,1308
2026-02-26T10:30:00+00:00,2670.790000000001,2672.390000000001,2670.1900000000005,2670.4100000000008,1274
2026-02-26T11:00:00+00:00,2670.4100000000008,2671.6300000000006,2669.370000000001,2670.8800000000006,1279
2026-02-26T11:30:00+00:00,2670.8800000000006,2671.4700000000007,2669.520000000001,2669.5300000000007,986
2026-02-26T12:00:00+00:00,2669.5300000000007,2673.2800000000007,2668.040000000001,2672.9900000000007,1170
2026-02-26T12:30:00+00:00,2672.9900000000007,2673.690000000001,2670.230000000001,2671.040000000001,1118
2026-02-26T13:00:00+00:00,2671.040000000001,2672.6800000000007,2670.4700000000007,2671.290000000001,1357
2026-02-26T13:30:00+00:00,2671.290000000001,2673.090000000001,2669.170000000001,2670.170000000001,1338
2026-02-26T14:00:00+00:00,2670.170000000001,2672.840000000001,2668.6200000000013,2669.320000000001,1546
2026-02-26T14:30:00+00:00,2669.320000000001,2679.5800000000013,2656.130000000001,2658.8300000000013,42405
2026-02-26T15:00:00+00:00,2658.8300000000013,2664.8500000000013,2640.200000000001,2643.5500000000015,42016
2026-02-26T15:30:00+00:00,2643.5500000000015,2669.0800000000013,2642.5400000000013,2667.0400000000013,33160
2026-02-26T16:00:00+00:00,2667.0400000000013,2669.1300000000015,2658.450000000001,2662.0500000000015,24452
2026-02-26T16:30:00+00:00,2662.0500000000015,2664.5000000000014,2647.7300000000014,2648.0000000000014,23421
2026-02-26T17:00:00+00:00,2648.0000000000014,2652.6000000000013,2645.180000000001,2645.8000000000015,18311
2026-02-26T17:30:00+00:00,2645.8000000000015,2651.1000000000013,2638.3800000000015,2641.9400000000014,15981
2026-02-26T18:00:00+00:00,2641.9400000000014,2648.4800000000014,2638.6500000000015,2646.6900000000014,15187
2026-02-26T18:30:00+00:00,2646.6900000000014,2663.1000000000013,2646.0300000000016,2658.8500000000013,10875
2026-02-26T19:00:00+00:00,2658.8500000000013,2671.6000000000013,2658.4400000000014,2667.0100000000016,5485
2026-02-26T19:30:00+00:00,2667.0100000000016,2676.0100000000016,2666.8600000000015,2673.2400000000016,3229.25404234039
2026-02-26T20:00:00+00:00,2673.2400000000016,2677.6400000000017,2671.8000000000015,2675.500000000002,6270
2026-02-26T20:30:00+00:00,2675.500000000002,2679.750000000002,2674.940000000002,2676.9900000000016,9049
2026-02-26T21:00:00+00:00,2676.9900000000016,2679.190000000002,2675.4500000000016,2675.7600000000016,1675
2026-02-26T21:30:00+00:00,2675.7600000000016,2676.210000000002,2665.1100000000015,2665.6100000000015,1452
2026-02-26T23:00:00+00:00,2665.6100000000015,2665.6100000000015,2651.3600000000015,2656.750000000002,3741
2026-02-26T23:30:00+00:00,2656.750000000002,2657.5100000000016,2652.7000000000016,2653.8100000000018,1933
2026-02-27T00:00:00+00:00,2653.8100000000018,2658.000000000002,2652.8900000000017,2655.2000000000016,1708
2026-02-27T00:30:00+00:00,2655.2000000000016,2655.750000000002,2648.2400000000016,2651.440000000002,2197
2026-02-27T01:00:00+00:00,2651.440000000002,2655.6100000000015,2651.2600000000016,2653.2400000000016,2834
2026-02-27T01:30:00+00:00,2653.2400000000016,2654.4900000000016,2651.040000000002,2652.840000000002,2620
2026-02-27T02:00:00+00:00,2652.840000000002,2656.460000000002,2652.750000000002,2654.9500000000016,1445
2026-02-27T02:30:00+00:00,2654.9500000000016,2656.210000000002,2653.190000000002,2655.8000000000015,1104
2026-02-27T03:00:00+00:00,2655.8000000000015,2656.6400000000017,2655.040000000002,2655.3000000000015,1085
2026-02-27T03:30:00+00:00,2655.3000000000015,2657.210000000002,2654.540000000002,2656.3000000000015,1226
2026-02-27T04:00:00+00:00,2656.3000000000015,2657.7000000000016,2655.290000000002,2656.710000000002,1052
2026-02-27T04:30:00+00:00,2656.710000000002,2658.5100000000016,2656.2400000000016,2656.8000000000015,902
2026-02-27T05:00:00+00:00,2656.8000000000015,2659.250000000002,2656.7000000000016,2658.8500000000017,860
2026-02-27T05:30:00+00:00,2658.8500000000017,2659.5500000000015,2656.360000000002,2656.4500000000016,947
2026-02-27T06:00:00+00:00,2656.4500000000016,2657.460000000002,2652.290000000002,2654.1000000000017,1955
2026-02-27T06:30:00+00:00,2654.1000000000017,2657.650000000002,2654.0600000000018,2655.550000000002,1488
2026-02-27T07:00:00+00:00,2655.550000000002,2659.300000000002,2655.550000000002,2658.790000000002,1287
2026-02-27T07:30:00+00:00,2658.790000000002,2659.700000000002,2657.680000000002,2659.400000000002,1112
2026-02-27T08:00:00+00:00,2659.400000000002,2661.740000000002,2655.700000000002,2660.880000000002,3658
2026-02-27T08:30:00+00:00,2660.880000000002,2662.250000000002,2657.580000000002,2660.380000000002,2357
2026-02-27T09:00:00+00:00,2660.380000000002,2662.200000000002,2658.630000000002,2660.850000000002,2764
2026-02-27T09:30:00+00:00,2660.850000000002,2661.140000000002,2655.790000000002,2656.590000000002,2733
2026-02-27T10:00:00+00:00,2656.590000000002,2656.940000000002,2649.090000000002,2652.890000000002,3655
2026-02-27T10:30:00+00:00,2652.890000000002,2656.150000000002,2651.830000000002,2654.430000000002,2443
2026-02-27T11:00:00+00:00,2654.430000000002,2656.040000000002,2651.950000000002,2654.580000000002,2484
2026-02-27T11:30:00+00:00,2654.580000000002,2656.250000000002,2648.930000000002,2649.730000000002,3220
2026-02-27T12:00:00+00:00,2649.730000000002,2655.680000000002,2646.700000000002,2653.650000000002,3362
2026-02-27T12:30:00+00:00,2653.650000000002,2653.800000000002,2645.280000000002,2647.290000000002,3519
2026-02-27T13:00:00+00:00,2647.290000000002,2648.750000000002,2638.240000000002,2639.950000000002,4542
2026-02-27T13:30:00+00:00,2639.950000000002,2640.950000000002,2630.180000000002,2640.190000000002,8939
2026-02-27T14:00:00+00:00,2640.190000000002,2640.340000000002,2633.040000000002,2637.530000000002,5996
2026-02-27T14:30:00+00:00,2637.530000000002,2643.950000000002,2615.630000000002,2616.980000000002,46465
2026-02-27T15:00:00+00:00,2616.980000000002,2635.840000000002,2614.150000000002,2629.290000000002,37255
2026-02-27T15:30:00+00:00,2629.290000000002,2635.700000000002,2623.790000000002,2629.040000000002,26508
2026-02-27T16:00:00+00:00,2629.040000000002,2634.750000000002,2625.780000000002,2633.380000000002,21209
2026-02-27T16:30:00+00:00,2633.380000000002,2635.650000000002,2623.580000000002,2625.100000000002,21672
2026-02-27T17:00:00+00:00,2625.100000000002,2634.150000000002,2616.780000000002,2619.090000000002,15221
2026-02-27T17:30:00+00:00,2619.090000000002,2626.600000000002,2617.230000000002,2621.540000000002,16064
2026-02-27T18:00:00+00:00,2621.540000000002,2622.850000000002,2614.500000000002,2619.480000000002,12719
2026-02-27T18:30:00+00:00,2619.480000000002,2621.350000000002,2615.750000000002,2619.380000000002,10640
2026-02-27T19:00:00+00:00,2619.380000000002,2623.640000000002,2615.530000000002,2616.290000000002,9808
2026-02-27T19:30:00+00:00,2616.290000000002,2618.650000000002,2613.800000000002,2614.250000000002,8765
2026-02-27T20:00:00+00:00,2614.250000000002,2630.080000000002,2614.080000000002,2626.750000000002,8967
2026-02-27T20:30:00+00:00,2626.750000000002,2631.740000000002,2622.830000000002,2630.530000000002,15303
2026-02-27T21:00:00+00:00,2630.530000000002,2630.630000000002,2624.030000000002,2625.130000000002,4231
2026-02-27T21:30:00+00:00,2625.130000000002,2626.190000000002,2623.730000000002,2624.080000000002,645
2026-03-01T23:00:00+00:00,2624.78,2624.78,2593.29,2594.64,7062
2026-03-01T23:30:00+00:00,2594.64,2596.31,2589.94,2590.99,3813
2026-03-02T00:00:00+00:00,2590.99,2596.06,2588.96,2591.26,4640
2026-03-02T00:30:00+00:00,2591.26,2599.74,2589.71,2599,2845
2026-03-02T01:00:00+00:00,2599,2614.25,2598.7,2609.5,5367
2026-03-02T01:30:00+00:00,2609.5,2613.1,2608.46,2610.69,4611
2026-03-02T02:00:00+00:00,2610.69,2611.86,2602.76,2602.94,3321
2026-03-02T02:30:00+00:00,2602.94,2607.31,2601.64,2603.45,2587
2026-03-02T03:00:00+00:00,2603.45,2604.36,2601.34,2603.2,2262
2026-03-02T03:30:00+00:00,2603.2,2603.5,2599.3,2601.8,2315
2026-03-02T04:00:00+00:00,2601.8,2603.75,2596.49,2602.1,2802
2026-03-02T04:30:00+00:00,2602.1,2604.96,2598.7,2599.21,2384
2026-03-02T05:00:00+00:00,2599.21,2600.21,2595.75,2597,2539
2026-03-02T05:30:00+00:00,2597,2598.96,2591.44,2591.91,2452
2026-03-02T06:00:00+00:00,2591.91,2594.74,2585.59,2591.35,3469
2026-03-02T06:30:00+00:00,2591.35,2592.01,2580.46,2587.26,4127
2026-03-02T07:00:00+00:00,2587.26,2588.36,2577.64,2583.7,5446
2026-03-02T07:30:00+00:00,2583.7,2585.36,2577.71,2578.95,4221
2026-03-02T08:00:00+00:00,2578.95,2583.01,2570.54,2571.51,9212
2026-03-02T08:30:00+00:00,2571.51,2588.66,2570.96,2584.15,6141
2026-03-02T09:00:00+00:00,2584.15,2597.26,2583.66,2594.76,4788
2026-03-02T09:30:00+00:00,2594.76,2598.11,2591.9,2596.1,3249
2026-03-02T10:00:00+00:00,2596.1,2602.24,2595.96,2598.81,3604
2026-03-02T10:30:00+00:00,2598.81,2601.79,2593.79,2595.36,3080
2026-03-02T11:00:00+00:00,2595.36,2598.91,2592.2,2596.89,2715
2026-03-02T11:30:00+00:00,2596.89,2603.85,2596.84,2598.66,3302
2026-03-02T12:00:00+00:00,2598.66,2600.84,2590.2000000000003,2592.1400000000003,3666
2026-03-02T12:30:00+00:00,2592.1400000000003,2597.11,2591.4500000000003,2595.3900000000003,3333
2026-03-02T13:00:00+00:00,2595.3900000000003,2605.84,2594.46,2600.46,4706
2026-03-02T13:30:00+00:00,2600.46,2602.3900000000003,2593.55,2593.71,4115
2026-03-02T14:00:00+00:00,2593.71,2596.61,2590.3900000000003,2594.9900000000002,4330
2026-03-02T14:30:00+00:00,2594.9900000000002,2619.79,2594.9900000000002,2615.5600000000004,40734
2026-03-02T15:00:00+00:00,2615.5600000000004,2638.3100000000004,2611.79,2629.79,33073
2026-03-02T15:30:00+00:00,2629.79,2639.71,2621.3900000000003,2637.1600000000003,27541
2026-03-02T16:00:00+00:00,2637.1600000000003,2645.44,2629.3500000000004,2629.75,22654
2026-03-02T16:30:00+00:00,2629.75,2650.6600000000003,2627.55,2643.3900000000003,19972
2026-03-02T17:00:00+00:00,2643.3900000000003,2647.51,2637.79,2643.04,16556
2026-03-02T17:30:00+00:00,2643.04,2651.55,2642.55,2651.46,12973
2026-03-02T18:00:00+00:00,2651.46,2653.6000000000004,2646.46,2650.9100000000003,11906
2026-03-02T18:30:00+00:00,2650.9100000000003,2651.75,2644.8500000000004,2644.8900000000003,12897
2026-03-02T19:00:00+00:00,2644.8900000000003,2657.4900000000002,2644.8500000000004,2657.4500000000003,14718
2026-03-02T19:30:00+00:00,2657.4500000000003,2660.6400000000003,2656.1000000000004,2658.01,8537
2026-03-02T20:00:00+00:00,2658.01,2659.6600000000003,2645.2000000000003,2649.84,22987
2026-03-02T20:30:00+00:00,2649.84,2657.21,2649.8,2655.84,16237
2026-03-02T21:00:00+00:00,2655.84,2656.51,2649.1600000000003,2651.84,3599
2026-03-02T21:30:00+00:00,2651.84,2654.8500000000004,2650.51,2651.86,1911
2026-03-02T23:00:00+00:00,2651.86,2655.55,2648.13,2649.3900000000003,1929
2026-03-02T23:30:00+00:00,2649.3900000000003,2650.3,2646.8900000000003,2650.05,1648
2026-03-03T00:00:00+00:00,2650.05,2651.29,2645.6000000000004,2647.1400000000003,2402
2026-03-03T00:30:00+00:00,2647.1400000000003,2647.65,2645.73,2646.23,1356
2026-03-03T01:00:00+00:00,2646.23,2650.2400000000002,2643.54,2644.69,3300
2026-03-03T01:30:00+00:00,2644.69,2646,2639.1800000000003,2639.6400000000003,4248
2026-03-03T02:00:00+00:00,2639.6400000000003,2640.19,2632.4900000000002,2636.7000000000003,5893
2026-03-03T02:30:00+00:00,2636.7000000000003,2640.8,2636.04,2637.8500000000004,4040
2026-03-03T03:00:00+00:00,2637.8500000000004,2639.7400000000002,2634.38,2634.84,3372
2026-03-03T03:30:00+00:00,2634.84,2639.78,2633.6400000000003,2637.4300000000003,3971
2026-03-03T04:00:00+00:00,2637.4300000000003,2638.65,2631.4900000000002,2632.4,3085
2026-03-03T04:30:00+00:00,2632.4,2633.4900000000002,2629.0800000000004,2630.3900000000003,3466
2026-03-03T05:00:00+00:00,2630.3900000000003,2632.7000000000003,2629.13,2630.1800000000003,4101
2026-03-03T05:30:00+00:00,2630.1800000000003,2630.1800000000003,2623.79,2624.78,3543
2026-03-03T06:00:00+00:00,2624.78,2627.3300000000004,2622.0800000000004,2626.25,3561
2026-03-03T06:30:00+00:00,2626.25,2627.05,2619.53,2620.48,2893
2026-03-03T07:00:00+00:00,2620.48,2622.19,2610.4300000000003,2612.38,3640
2026-03-03T07:30:00+00:00,2612.38,2613.88,2606.3500000000004,2609.3900000000003,3372
2026-03-03T08:00:00+00:00,2609.3900000000003,2609.3900000000003,2592.03,2592.05,9113
2026-03-03T08:30:00+00:00,2592.05,2593.29,2581.55,2584.54,10124
2026-03-03T09:00:00+00:00,2584.54,2597.3900000000003,2584.54,2594.38,8814
2026-03-03T09:30:00+00:00,2594.38,2595.23,2582.6800000000003,2585.4900000000002,7203
2026-03-03T10:00:00+00:00,2585.4900000000002,2587.78,2579.59,2584.3,7265
2026-03-03T10:30:00+00:00,2584.3,2589.8900000000003,2578.48,2582.25,7946
2026-03-03T11:00:00+00:00,2582.25,2587.9500000000003,2574.79,2584.03,8010
2026-03-03T11:30:00+00:00,2584.03,2593.5800000000004,2584.03,2589.78,7418
2026-03-03T12:00:00+00:00,2589.78,2602.59,2589.03,2598.28,7744
2026-03-03T12:30:00+00:00,2598.28,2602.25,2593.5800000000004,2597.7000000000003,6807
2026-03-03T13:00:00+00:00,2597.7000000000003,2599.65,2592.38,2593.5,6479
2026-03-03T13:30:00+00:00,2593.5,2593.65,2583.23,2589.59,7972
2026-03-03T14:00:00+00:00,2589.59,2589.59,2581.54,2584.25,9783
2026-03-03T14:30:00+00:00,2584.25,2587.4900000000002,2557.9300000000003,2561.9900000000002,47986
2026-03-03T15:00:00+00:00,2561.9900000000002,2569.94,2549.44,2554.4900000000002,36838
2026-03-03T15:30:00+00:00,2554.4900000000002,2572.5800000000004,2553.9500000000003,2569.09,41581
2026-03-03T16:00:00+00:00,2569.09,2591.8300000000004,2567.09,2586.29,31674
2026-03-03T16:30:00+00:00,2586.29,2601.8500000000004,2580.3,2598,30115
2026-03-03T17:00:00+00:00,2598,2605.05,2588.53,2603.54,25677
2026-03-03T17:30:00+00:00,2603.54,2609.3300000000004,2593.2000000000003,2606.3900000000003,22001
2026-03-03T18:00:00+00:00,2606.3900000000003,2618.15,2605.79,2615.44,18280
2026-03-03T18:30:00+00:00,2615.44,2627.1000000000004,2614,2625.28,18974
2026-03-03T19:00:00+00:00,2625.28,2627.6400000000003,2615.5,2616.53,18713
2026-03-03T19:30:00+00:00,2616.53,2628.29,2609.2400000000002,2619.4300000000003,25343
2026-03-03T20:00:00+00:00,2619.4300000000003,2623.29,2613.3500000000004,2615.94,20790
2026-03-03T20:30:00+00:00,2615.94,2617.4,2607.55,2610,16918
2026-03-03T21:00:00+00:00,2610,2610.44,2605.44,2606.1400000000003,3644
2026-03-03T21:30:00+00:00,2606.1400000000003,2606.59,2603.25,2604.28,2528
2026-03-03T23:00:00+00:00,2604.28,2609.42,2599.3100000000004,2602.21,3064
2026-03-03T23:30:00+00:00,2602.21,2606.5600000000004,2602.21,2602.65,2340
2026-03-04T00:00:00+00:00,2602.65,2612.77,2598.61,2609.4,4980
2026-03-04T00:30:00+00:00,2609.4,2609.7000000000003,2599.42,2603.75,5261
2026-03-04T01:00:00+00:00,2603.75,2607.15,2591.9100000000003,2593.82,7562
2026-03-04T01:30:00+00:00,2593.82,2599.52,2591.8500000000004,2596.55,9963
2026-03-04T02:00:00+00:00,2596.55,2599.3100000000004,2589.1000000000004,2590.57,7897
2026-03-04T02:30:00+00:00,2590.57,2594.6200000000003,2586.8100000000004,2591.8100000000004,5855
2026-03-04T03:00:00+00:00,2591.8100000000004,2591.9500000000003,2584.8100000000004,2585.42,5958
2026-03-04T03:30:00+00:00,2585.42,2589.55,2581.6200000000003,2589.21,7585
2026-03-04T04:00:00+00:00,2589.21,2594.55,2588.6000000000004,2589.3500000000004,6069
2026-03-04T04:30:00+00:00,2589.3500000000004,2590.92,2586.6200000000003,2588.82,5936
2026-03-04T05:00:00+00:00,2588.82,2591.07,2584.15,2586,6593
2026-03-04T05:30:00+00:00,2586,2592.8100000000004,2585.36,2588.42,5967
2026-03-04T06:00:00+00:00,2588.42,2588.42,2580.3500000000004,2585.8100000000004,5468
2026-03-04T06:30:00+00:00,2585.8100000000004,2591.8100000000004,2585.3100000000004,2587.5,3819
2026-03-04T07:00:00+00:00,2587.5,2591.42,2582.52,2589.3,4449
2026-03-04T07:30:00+00:00,2589.3,2599.96,2588.8,2597,5413
2026-03-04T08:00:00+00:00,2597,2601.26,2593.2200000000003,2595.9100000000003,10448
2026-03-04T08:30:00+00:00,2595.9100000000003,2602.5600000000004,2595.1200000000003,2597.05,8145
2026-03-04T09:00:00+00:00,2597.05,2604.7000000000003,2594.6600000000003,2602.5600000000004,6116
2026-03-04T09:30:00+00:00,2602.5600000000004,2609.4700000000003,2600.4700000000003,2608.92,4852
2026-03-04T10:00:00+00:00,2608.92,2628.4700000000003,2607.82,2618.71,9712
2026-03-04T10:30:00+00:00,2618.71,2624.5,2618.32,2623.17,5018
2026-03-04T11:00:00+00:00,2623.17,2633.2200000000003,2623.1000000000004,2627.71,6530
2026-03-04T11:30:00+00:00,2627.71,2628.4700000000003,2619.77,2619.8,4535
2026-03-04T12:00:00+00:00,2619.8,2627.21,2611.65,2612.21,6308
2026-03-04T12:30:00+00:00,2612.21,2619.51,2611.1000000000004,2619.25,5652
2026-03-04T13:00:00+00:00,2619.25,2633.27,2619.2000000000003,2628.77,7225
2026-03-04T13:30:00+00:00,2628.77,2632.3700000000003,2625.3,2628.71,6067
2026-03-04T14:00:00+00:00,2628.71,2635.1200000000003,2627.77,2628.3700000000003,6988
2026-03-04T14:30:00+00:00,2628.3700000000003,2637.4,2605.1600000000003,2612.1200000000003,34658
2026-03-04T15:00:00+00:00,2612.1200000000003,2643.5,2612.1200000000003,2640.25,30699
2026-03-04T15:30:00+00:00,2640.25,2645.9,2631.8500000000004,2644.5,24274
2026-03-04T16:00:00+00:00,2644.5,2646.9,2629.65,2635.02,23093
2026-03-04T16:30:00+00:00,2635.02,2639.86,2631.36,2637.9100000000003,18088
2026-03-04T17:00:00+00:00,2637.9100000000003,2641.2200000000003,2634.8500000000004,2635.3500000000004,15219
2026-03-04T17:30:00+00:00,2635.3500000000004,2638.82,2632.25,2637.4700000000003,12461
2026-03-04T18:00:00+00:00,2637.4700000000003,2638.76,2628.1000000000004,2630.7200000000003,13609
2026-03-04T18:30:00+00:00,2630.7200000000003,2639.27,2629.9,2637.55,10753
2026-03-04T19:00:00+00:00,2637.55,2642.0600000000004,2637.07,2639.5600000000004,8794
2026-03-04T19:30:00+00:00,2639.5600000000004,2643.02,2639.5600000000004,2641.76,7587
2026-03-04T20:00:00+00:00,2641.76,2643.3700000000003,2637.6600000000003,2641.1000000000004,10889
2026-03-04T20:30:00+00:00,2641.1000000000004,2644.76,2634.1600000000003,2634.1600000000003,11667
2026-03-04T21:00:00+00:00,2634.1600000000003,2635.9,2630.8500000000004,2634.57,4381
2026-03-04T21:30:00+00:00,2634.57,2637.01,2633.4500000000003,2634.7000000000003,1601
2026-03-04T23:00:00+00:00,2634.7000000000003,2636.5600000000004,2631.5600000000004,2633.6200000000003,2475
2026-03-04T23:30:00+00:00,2633.6200000000003,2637.4500000000003,2633.3,2636.42,1280
2026-03-05T00:00:00+00:00,2636.42,2642.9700000000003,2635.3500000000004,2640.32,2605
2026-03-05T00:30:00+00:00,2640.32,2642.46,2638.25,2639.01,2026
2026-03-05T01:00:00+00:00,2639.01,2639.3700000000003,2629.86,2631.26,4671
2026-03-05T01:30:00+00:00,2631.26,2633.1200000000003,2622.21,2625.7000000000003,7965
2026-03-05T02:00:00+00:00,2625.7000000000003,2626.8500000000004,2622.1600000000003,2622.8,5655
2026-03-05T02:30:00+00:00,2622.8,2628.51,2621.4100000000003,2624.9500000000003,4782
2026-03-05T03:00:00+00:00,2624.9500000000003,2626.42,2618.25,2619.2200000000003,4355
2026-03-05T03:30:00+00:00,2619.2200000000003,2621.3700000000003,2616.82,2618.6200000000003,5851
2026-03-05T04:00:00+00:00,2618.6200000000003,2624.5,2618.1000000000004,2624.5,4152
2026-03-05T04:30:00+00:00,2624.5,2625.46,2622.51,2624.3500000000004,3035
2026-03-05T05:00:00+00:00,2624.3500000000004,2624.4700000000003,2620.8500000000004,2621.61,3552
2026-03-05T05:30:00+00:00,2621.61,2622.32,2617.3100000000004,2617.6000000000004,2872
2026-03-05T06:00:00+00:00,2617.6000000000004,2618,2613.2200000000003,2615.1200000000003,4706
2026-03-05T06:30:00+00:00,2615.1200000000003,2624.8700000000003,2612.2200000000003,2624.2000000000003,4818
2026-03-05T07:00:00+00:00,2624.2000000000003,2625.6000000000004,2620,2623.9100000000003,3979
2026-03-05T07:30:00+00:00,2623.9100000000003,2624.1200000000003,2618.15,2621.9100000000003,3459
2026-03-05T08:00:00+00:00,2621.9100000000003,2622.9100000000003,2612.3100000000004,2612.61,9036
2026-03-05T08:30:00+00:00,2612.61,2620.52,2610.25,2620.07,7212
2026-03-05T09:00:00+00:00,2620.07,2640.4700000000003,2619.0600000000004,2631.2200000000003,10799
2026-03-05T09:30:00+00:00,2631.2200000000003,2631.67,2621.75,2627.0600000000004,6869
2026-03-05T10:00:00+00:00,2627.0600000000004,2629.52,2624.3500000000004,2629.4700000000003,5027
2026-03-05T10:30:00+00:00,2629.4700000000003,2630.3100000000004,2623.76,2625.75,4177
2026-03-05T11:00:00+00:00,2625.75,2631.36,2623,2629.1600000000003,3817
2026-03-05T11:30:00+00:00,2629.1600000000003,2630.1600000000003,2622,2622.57,3755
2026-03-05T12:00:00+00:00,2622.57,2628.9700000000003,2619.52,2624.76,5293
2026-03-05T12:30:00+00:00,2624.76,2625.6600000000003,2616.02,2617.55,5126
2026-03-05T13:00:00+00:00,2617.55,2618.71,2611.8700000000003,2615.71,5702
2026-03-05T13:30:00+00:00,2615.71,2616.86,2604.92,2605.76,7057
2026-03-05T14:00:00+00:00,2605.76,2609.07,2602.57,2606.3,7340
2026-03-05T14:30:00+00:00,2606.3,2622.52,2600.1200000000003,2621,46753
2026-03-05T15:00:00+00:00,2621,2624.32,2596.4700000000003,2599.4500000000003,41097
2026-03-05T15:30:00+00:00,2599.4500000000003,2603.86,2590.4100000000003,2601.92,37075
2026-03-05T16:00:00+00:00,2601.92,2603.5600000000004,2581.51,2583.55,28171
2026-03-05T16:30:00+00:00,2583.55,2589.6600000000003,2580.96,2586.65,26653
2026-03-05T17:00:00+00:00,2586.65,2594.27,2576.4500000000003,2576.6200000000003,22116
2026-03-05T17:30:00+00:00,2576.6200000000003,2577.4700000000003,2559.76,2560.42,26660
2026-03-05T18:00:00+00:00,2560.42,2570.8700000000003,2558.71,2563.8500000000004,26522
2026-03-05T18:30:00+00:00,2563.8500000000004,2573.8700000000003,2561.9100000000003,2564.9100000000003,25186
2026-03-05T19:00:00+00:00,2564.9100000000003,2572.3700000000003,2562.76,2563.7200000000003,24326
2026-03-05T19:30:00+00:00,2563.7200000000003,2568.2200000000003,2557.76,2563.76,25289
2026-03-05T20:00:00+00:00,2563.76,2582.9100000000003,2560.9,2579.46,26247
2026-03-05T20:30:00+00:00,2579.46,2586.82,2578.1000000000004,2584.02,22450
2026-03-05T21:00:00+00:00,2584.02,2584.77,2577.67,2580.0600000000004,3728
2026-03-05T21:30:00+00:00,2580.0600000000004,2580.9,2577.05,2580.26,2719
2026-03-05T23:00:00+00:00,2580.26,2585.76,2577.3,2584.9,1695
2026-03-05T23:30:00+00:00,2584.9,2592.25,2584.9,2591.9,1725
2026-03-06T00:00:00+00:00,2591.9,2598.82,2591.6000000000004,2594.8500000000004,2676
2026-03-06T00:30:00+00:00,2594.8500000000004,2594.9,2591.82,2592.76,2344
2026-03-06T01:00:00+00:00,2592.76,2594.9100000000003,2588.25,2590.32,5004
2026-03-06T01:30:00+00:00,2590.32,2594.77,2589.51,2592.8100000000004,4773
2026-03-06T02:00:00+00:00,2592.8100000000004,2596.82,2591.75,2596.67,2972
2026-03-06T02:30:00+00:00,2596.67,2596.86,2591.5,2591.86,2726
2026-03-06T03:00:00+00:00,2591.86,2595.5600000000004,2591.86,2593.75,2900
2026-03-06T03:30:00+00:00,2593.75,2597.55,2592.65,2597.3500000000004,2273
2026-03-06T04:00:00+00:00,2597.3500000000004,2598.3700000000003,2594.05,2594.36,1697
2026-03-06T04:30:00+00:00,2594.36,2598.5,2594.17,2595.77,1307
2026-03-06T05:00:00+00:00,2595.77,2598.7200000000003,2595.3100000000004,2598.15,1885
2026-03-06T05:30:00+00:00,2598.15,2600.6200000000003,2596.1600000000003,2597.82,1851
2026-03-06T06:00:00+00:00,2597.82,2599.4500000000003,2596.82,2598.15,1712
2026-03-06T06:30:00+00:00,2598.15,2599.7200000000003,2597.2000000000003,2597.9700000000003,1111
2026-03-06T07:00:00+00:00,2597.9700000000003,2601.27,2595.07,2599.8700000000003,2076
2026-03-06T07:30:00+00:00,2599.8700000000003,2600.27,2596.9,2598.9,1644
2026-03-06T08:00:00+00:00,2598.9,2598.9,2588.51,2588.6600000000003,6041
2026-03-06T08:30:00+00:00,2588.6600000000003,2596.9100000000003,2588.4500000000003,2591.71,4197
2026-03-06T09:00:00+00:00,2591.71,2593.4700000000003,2577.46,2577.82,6420
2026-03-06T09:30:00+00:00,2577.82,2578.51,2568.51,2572.8,7350
2026-03-06T10:00:00+00:00,2572.8,2580.8100000000004,2572.8,2580.42,5305
2026-03-06T10:30:00+00:00,2580.42,2580.42,2574.5,2577.42,4162
2026-03-06T11:00:00+00:00,2577.42,2578.26,2569.0600000000004,2576.4700000000003,5720
2026-03-06T11:30:00+00:00,2576.4700000000003,2576.82,2562.01,2563.61,6369
2026-03-06T12:00:00+00:00,2563.61,2567.1200000000003,2561.65,2563.01,5890
2026-03-06T12:30:00+00:00,2563.01,2564.01,2557.46,2561.07,4949
2026-03-06T13:00:00+00:00,2561.07,2566.7200000000003,2560.6600000000003,2566.02,5123
2026-03-06T13:30:00+00:00,2566.02,2566.4700000000003,2522.82,2526.32,13874
2026-03-06T14:00:00+00:00,2526.32,2530.6200000000003,2520,2530.6200000000003,10996
2026-03-06T14:30:00+00:00,2530.6200000000003,2532.8,2516.01,2518.71,48276
2026-03-06T15:00:00+00:00,2518.71,2544.75,2518.71,2540.15,40787
2026-03-06T15:30:00+00:00,2540.15,2548.3500000000004,2525.1000000000004,2539.42,36233
2026-03-06T16:00:00+00:00,2539.42,2544.57,2527.1000000000004,2531.0600000000004,29624
2026-03-06T16:30:00+00:00,2531.0600000000004,2538.6600000000003,2525.8100000000004,2529.25,25977
2026-03-06T17:00:00+00:00,2529.25,2534.76,2521.4100000000003,2523.46,22212
2026-03-06T17:30:00+00:00,2523.46,2526.42,2514.4500000000003,2521.02,20880
2026-03-06T18:00:00+00:00,2521.02,2538.07,2520.3,2532.77,22004
2026-03-06T18:30:00+00:00,2532.77,2537.6600000000003,2527.4,2529.27,24520
2026-03-06T19:00:00+00:00,2529.27,2535.82,2526.25,2534.7000000000003,24139
2026-03-06T19:30:00+00:00,2534.7000000000003,2538.4,2529.9500000000003,2533.0600000000004,21897
2026-03-06T20:00:00+00:00,2533.0600000000004,2537.82,2522.15,2522.3500000000004,21318
2026-03-06T20:30:00+00:00,2522.3500000000004,2526.92,2515.9700000000003,2524.07,22897
2026-03-06T21:00:00+00:00,2524.07,2524.96,2517.27,2517.52,4765
2026-03-06T21:30:00+00:00,2517.52,2521.1000000000004,2516.6600000000003,2520.05,1241
2026-03-08T22:00:00+00:00,2520.05,2520.05,2419.32,2426.3300000000004,7039
2026-03-08T22:30:00+00:00,2426.3300000000004,2447.4900000000002,2426.32,2445.6800000000003,2517
2026-03-08T23:00:00+00:00,2445.6800000000003,2453.94,2430.57,2447.32,3276
2026-03-08T23:30:00+00:00,2447.32,2448.1200000000003,2425.2200000000003,2432.67,5150
2026-03-09T00:00:00+00:00,2432.67,2448.5800000000004,2428.9900000000002,2439.7400000000002,7353
2026-03-09T00:30:00+00:00,2439.7400000000002,2449.53,2433.0800000000004,2439.9700000000003,6323
2026-03-09T01:00:00+00:00,2439.9700000000003,2442.23,2431.1800000000003,2431.7400000000002,7710
2026-03-09T01:30:00+00:00,2431.7400000000002,2436.3900000000003,2421.28,2424.2400000000002,7356
2026-03-09T02:00:00+00:00,2424.2400000000002,2431.02,2416.34,2420.4700000000003,8366
2026-03-09T02:30:00+00:00,2420.4700000000003,2433.38,2415.27,2429.1400000000003,6415
2026-03-09T03:00:00+00:00,2429.1400000000003,2433.2400000000002,2423.6800000000003,2424.59,5127
2026-03-09T03:30:00+00:00,2424.59,2430.28,2419.8700000000003,2425.42,5574
2026-03-09T04:00:00+00:00,2425.42,2434.17,2425.42,2432.1400000000003,4141
2026-03-09T04:30:00+00:00,2432.1400000000003,2432.1400000000003,2425.77,2426.79,2864
2026-03-09T05:00:00+00:00,2426.79,2444.07,2424.79,2442.92,7318
2026-03-09T05:30:00+00:00,2442.92,2449.8900000000003,2436.57,2447.82,7039
2026-03-09T06:00:00+00:00,2447.82,2456.29,2446.67,2451.13,6193
2026-03-09T06:30:00+00:00,2451.13,2453.1800000000003,2438.8700000000003,2442.1800000000003,5789
2026-03-09T07:00:00+00:00,2442.1800000000003,2457.88,2439.4300000000003,2456.7200000000003,7129
2026-03-09T07:30:00+00:00,2456.7200000000003,2458.92,2451.9700000000003,2455.88,6600
2026-03-09T08:00:00+00:00,2455.88,2467.34,2452.78,2459.84,12550
2026-03-09T08:30:00+00:00,2459.84,2469.48,2458.04,2466.9700000000003,8626
2026-03-09T09:00:00+00:00,2466.9700000000003,2483.2200000000003,2462.5800000000004,2481.6200000000003,8201
2026-03-09T09:30:00+00:00,2481.6200000000003,2494.03,2477.19,2482.54,10997
2026-03-09T10:00:00+00:00,2482.54,2485.1200000000003,2473.7200000000003,2474.17,7992
2026-03-09T10:30:00+00:00,2474.17,2479.1400000000003,2469.6800000000003,2473.2200000000003,8091
2026-03-09T11:00:00+00:00,2473.2200000000003,2481.78,2470.42,2472.69,6660
2026-03-09T11:30:00+00:00,2472.69,2482.54,2471.9700000000003,2477.52,6363
2026-03-09T12:00:00+00:00,2477.52,2490.63,2475.9900000000002,2489.59,6725
2026-03-09T12:30:00+00:00,2489.59,2490.2400000000002,2472.9900000000002,2480.57,7468
2026-03-09T13:00:00+00:00,2480.57,2491.53,2479.79,2491.53,12301
2026-03-09T13:30:00+00:00,2491.53,2493.8700000000003,2465.6400000000003,2471.6200000000003,56231
2026-03-09T14:00:00+00:00,2471.6200000000003,2481.02,2459.3300000000004,2470.17,47182
2026-03-09T14:30:00+00:00,2470.17,2492.54,2469.78,2488.19,31928
2026-03-09T15:00:00+00:00,2488.19,2503.09,2488.1800000000003,2501.44,20112
2026-03-09T15:30:00+00:00,2501.44,2502.13,2488.6200000000003,2493.84,18849
2026-03-09T16:00:00+00:00,2493.84,2507.8300000000004,2492.73,2504.8300000000004,16466
2026-03-09T16:30:00+00:00,2504.8300000000004,2514.6400000000003,2500.67,2510.1200000000003,15126
2026-03-09T17:00:00+00:00,2510.1200000000003,2511.23,2495.8300000000004,2497.19,16016
2026-03-09T17:30:00+00:00,2497.19,2499.7400000000002,2492.27,2495.13,14775
2026-03-09T18:00:00+00:00,2495.13,2512.4700000000003,2495.07,2507.0800000000004,14164
2026-03-09T18:30:00+00:00,2507.0800000000004,2514.6800000000003,2506.6800000000003,2508.73,10775
2026-03-09T19:00:00+00:00,2508.73,2557.98,2508.57,2557.1200000000003,26724
2026-03-09T19:30:00+00:00,2557.1200000000003,2562.6400000000003,2545.4900000000002,2551.78,38316
2026-03-09T20:00:00+00:00,2551.78,2554.8700000000003,2539.5800000000004,2545.98,8991
2026-03-09T20:30:00+00:00,2545.98,2554.84,2544.27,2552.34,6046
2026-03-09T22:00:00+00:00,2552.34,2553.42,2533.86,2541.9500000000003,4422
2026-03-09T22:30:00+00:00,2541.9500000000003,2541.9500000000003,2535.11,2537.26,2191
2026-03-09T23:00:00+00:00,2537.26,2538.67,2534.4,2536.67,1596
2026-03-09T23:30:00+00:00,2536.67,2537.1600000000003,2529.76,2533.46,1936
2026-03-10T00:00:00+00:00,2533.46,2538.05,2528.7200000000003,2537.96,3905
2026-03-10T00:30:00+00:00,2537.96,2545.4500000000003,2534.71,2539.17,3386
2026-03-10T01:00:00+00:00,2539.17,2544.3700000000003,2537.5,2541.3,5196
2026-03-10T01:30:00+00:00,2541.3,2547.36,2539.17,2545.7000000000003,4409
2026-03-10T02:00:00+00:00,2545.7000000000003,2546.75,2543.05,2543.4700000000003,3103
2026-03-10T02:30:00+00:00,2543.4700000000003,2543.67,2531.9500000000003,2533.1000000000004,4366
2026-03-10T03:00:00+00:00,2533.1000000000004,2538,2532.25,2533.3700000000003,3667
2026-03-10T03:30:00+00:00,2533.3700000000003,2533.82,2522.3500000000004,2526.8,4818
2026-03-10T04:00:00+00:00,2526.8,2533.57,2523.86,2530.32,3390
2026-03-10T04:30:00+00:00,2530.32,2534.4,2529.21,2531.32,2650
2026-03-10T05:00:00+00:00,2531.32,2539.75,2531.32,2537.1000000000004,3869
2026-03-10T05:30:00+00:00,2537.1000000000004,2540.3,2536.02,2539.7000000000003,3073
2026-03-10T06:00:00+00:00,2539.7000000000003,2541.36,2536.6000000000004,2539.71,2702
2026-03-10T06:30:00+00:00,2539.71,2543.32,2539.01,2540.6200000000003,2760
2026-03-10T07:00:00+00:00,2540.6200000000003,2554.71,2538.05,2554.1200000000003,5079
2026-03-10T07:30:00+00:00,2554.1200000000003,2557.82,2550.3,2557,5601
2026-03-10T08:00:00+00:00,2557,2564.07,2555.3100000000004,2562.32,8920
2026-03-10T08:30:00+00:00,2562.32,2567.21,2556.8500000000004,2557.4700000000003,5763
2026-03-10T09:00:00+00:00,2557.4700000000003,2565.4100000000003,2556.9,2561.05,5010
2026-03-10T09:30:00+00:00,2561.05,2564.6200000000003,2557.6600000000003,2558.02,4734
2026-03-10T10:00:00+00:00,2558.02,2558.4700000000003,2552.4,2557.17,5717
2026-03-10T10:30:00+00:00,2557.17,2558.26,2547.36,2550.25,6118
2026-03-10T11:00:00+00:00,2550.25,2556.82,2542.07,2544.21,8272
2026-03-10T11:30:00+00:00,2544.21,2544.8700000000003,2538.3,2539.77,5638
2026-03-10T12:00:00+00:00,2539.77,2540.2200000000003,2529.6600000000003,2532.1000000000004,7588
2026-03-10T12:30:00+00:00,2532.1000000000004,2541.52,2529.65,2537.3,6407
2026-03-10T13:00:00+00:00,2537.3,2545.1600000000003,2537.3,2545.1600000000003,8659
2026-03-10T13:30:00+00:00,2545.1600000000003,2558.46,2539.77,2554.1000000000004,50815
2026-03-10T14:00:00+00:00,2554.1000000000004,2562.7200000000003,2541.3,2557.6200000000003,38912
2026-03-10T14:30:00+00:00,2557.6200000000003,2577.05,2557.4,2576.4700000000003,27504
2026-03-10T15:00:00+00:00,2576.4700000000003,2582.8,2570.21,2581.7000000000003,21198
2026-03-10T15:30:00+00:00,2581.7000000000003,2585.4100000000003,2575.7000000000003,2578.2000000000003,19971
2026-03-10T16:00:00+00:00,2578.2000000000003,2578.9100000000003,2569.05,2573.3700000000003,17743
2026-03-10T16:30:00+00:00,2573.3700000000003,2581.67,2573.0600000000004,2579.02,15225
2026-03-10T17:00:00+00:00,2579.02,2592.52,2577.8,2591.82,14770
2026-03-10T17:30:00+00:00,2591.82,2592.7200000000003,2574.9,2581.17,22300
2026-03-10T18:00:00+00:00,2581.17,2583.32,2544.4500000000003,2557.2200000000003,37215
2026-03-10T18:30:00+00:00,2557.2200000000003,2565.01,2550.26,2551.55,32494
2026-03-10T19:00:00+00:00,2551.55,2561.25,2549.4700000000003,2550.52,26166
2026-03-10T19:30:00+00:00,2550.52,2559.3100000000004,2543.6600000000003,2549.4100000000003,24328
2026-03-10T20:00:00+00:00,2549.4100000000003,2550.9700000000003,2546.92,2549.6000000000004,4443
2026-03-10T20:30:00+00:00,2549.6000000000004,2550.9500000000003,2548.27,2549.76,2109
2026-03-10T22:00:00+00:00,2549.76,2551.57,2543.6200000000003,2543.69,1092
2026-03-10T22:30:00+00:00,2543.69,2545.63,2541.6200000000003,2544.4300000000003,885
2026-03-10T23:00:00+00:00,2544.4300000000003,2550.09,2544.2400000000002,2549.19,930
2026-03-10T23:30:00+00:00,2549.19,2553.09,2547.4300000000003,2551.3700000000003,1185
2026-03-11T00:00:00+00:00,2551.3700000000003,2561.8700000000003,2551.17,2559.1200000000003,3540
2026-03-11T00:30:00+00:00,2559.1200000000003,2560.17,2555.7200000000003,2557.1200000000003,1542
2026-03-11T01:00:00+00:00,2557.1200000000003,2560.48,2556.02,2558.7200000000003,2109
2026-03-11T01:30:00+00:00,2558.7200000000003,2561.84,2558.3300000000004,2560.42,1662
2026-03-11T02:00:00+00:00,2560.42,2564.2400000000002,2560.3300000000004,2561.92,1076
2026-03-11T02:30:00+00:00,2561.92,2562.54,2559.78,2561.8700000000003,841
2026-03-11T03:00:00+00:00,2561.8700000000003,2562.8700000000003,2560.48,2561.6200000000003,667
2026-03-11T03:30:00+00:00,2561.6200000000003,2564.98,2561.57,2564.57,961
2026-03-11T04:00:00+00:00,2564.57,2564.59,2562.67,2564.38,567
2026-03-11T04:30:00+00:00,2564.38,2564.4300000000003,2561.0800000000004,2561.4700000000003,786
2026-03-11T05:00:00+00:00,2561.4700000000003,2562.2400000000002,2557.1200000000003,2558.63,1637
2026-03-11T05:30:00+00:00,2558.63,2558.8900000000003,2553.32,2553.79,1552
2026-03-11T06:00:00+00:00,2553.79,2554.28,2550.28,2551.67,2013
2026-03-11T06:30:00+00:00,2551.67,2555.84,2551.59,2553.78,1223
2026-03-11T07:00:00+00:00,2553.78,2555.1400000000003,2548.77,2548.9300000000003,2527
2026-03-11T07:30:00+00:00,2548.9300000000003,2549.63,2540.6200000000003,2546.69,3420
2026-03-11T08:00:00+00:00,2546.69,2550.0800000000004,2543.9700000000003,2545.9100000000003,4802
2026-03-11T08:30:00+00:00,2545.9100000000003,2549.2200000000003,2532.4300000000003,2538.03,5129
2026-03-11T09:00:00+00:00,2538.03,2538.4300000000003,2530.61,2530.6800000000003,3838
2026-03-11T09:30:00+00:00,2530.6800000000003,2536.3700000000003,2530.21,2531.48,3097
2026-03-11T10:00:00+00:00,2531.48,2543.4100000000003,2530.98,2542.4300000000003,3304
2026-03-11T10:30:00+00:00,2542.4300000000003,2552.23,2541.56,2552.01,3689
2026-03-11T11:00:00+00:00,2552.01,2555.6600000000003,2541.4100000000003,2542.48,3471
2026-03-11T11:30:00+00:00,2542.48,2543.88,2532.76,2537.28,4993
2026-03-11T12:00:00+00:00,2537.28,2542.03,2534.4700000000003,2540.28,3756
2026-03-11T12:30:00+00:00,2540.28,2548.71,2524.81,2529.06,6230
2026-03-11T13:00:00+00:00,2529.06,2538.7200000000003,2529.06,2538.11,10293
2026-03-11T13:30:00+00:00,2538.11,2543.9100000000003,2520.7200000000003,2531.51,46743
2026-03-11T14:00:00+00:00,2531.51,2550.26,2530.11,2541.33,38349
2026-03-11T14:30:00+00:00,2541.33,2556.6800000000003,2537.11,2554.6600000000003,24277
2026-03-11T15:00:00+00:00,2554.6600000000003,2559.02,2532.4300000000003,2532.6200000000003,22776
2026-03-11T15:30:00+00:00,2532.6200000000003,2534.01,2523.71,2526.67,19745
2026-03-11T16:00:00+00:00,2526.67,2527.67,2521.46,2526.2200000000003,17354
2026-03-11T16:30:00+00:00,2526.2200000000003,2538.98,2526.06,2538.38,13901
2026-03-11T17:00:00+00:00,2538.38,2540.1600000000003,2532.2200000000003,2537.82,11394
2026-03-11T17:30:00+00:00,2537.82,2538.81,2522.4700000000003,2530.57,22691
2026-03-11T18:00:00+00:00,2530.57,2536.26,2524.48,2534.77,14379
2026-03-11T18:30:00+00:00,2534.77,2536.21,2530.9100000000003,2533.2200000000003,11137
2026-03-11T19:00:00+00:00,2533.2200000000003,2534.53,2528.96,2533.1200000000003,9932
2026-03-11T19:30:00+00:00,2533.1200000000003,2543.77,2532.3700000000003,2543.61,8602
2026-03-11T20:00:00+00:00,2543.61,2544.53,2540.02,2542.76,1978
2026-03-11T20:30:00+00:00,2542.76,2543.46,2537.76,2538.58,828
2026-03-11T22:00:00+00:00,2538.58,2538.58,2520.23,2521.69,2335
2026-03-11T22:30:00+00:00,2521.69,2523.75,2511.6400000000003,2516.9900000000002,2377
2026-03-11T23:00:00+00:00,2516.9900000000002,2517.1400000000003,2503.59,2504.7400000000002,2458
2026-03-11T23:30:00+00:00,2504.7400000000002,2505.29,2498.4900000000002,2504.88,3009
2026-03-12T00:00:00+00:00,2504.88,2505.48,2488.53,2496.08,3798
2026-03-12T00:30:00+00:00,2496.08,2502.7000000000003,2496.04,2500.63,2725
2026-03-12T01:00:00+00:00,2500.63,2501.69,2490.09,2496.6400000000003,5828
2026-03-12T01:30:00+00:00,2496.6400000000003,2499.03,2483.28,2488.1800000000003,4030
2026-03-12T02:00:00+00:00,2488.1800000000003,2490,2483.38,2485.28,3066
2026-03-12T02:30:00+00:00,2485.28,2485.28,2474.79,2482.63,5101
2026-03-12T03:00:00+00:00,2482.63,2487.8,2482.34,2483.6800000000003,2260
2026-03-12T03:30:00+00:00,2483.6800000000003,2487.34,2483.23,2486.9900000000002,2356
2026-03-12T04:00:00+00:00,2486.9900000000002,2491.6000000000004,2486.53,2491.53,1685
2026-03-12T04:30:00+00:00,2491.53,2492.69,2486.55,2486.8900000000003,1501
2026-03-12T05:00:00+00:00,2486.8900000000003,2495.34,2486.8,2491.84,4407
2026-03-12T05:30:00+00:00,2491.84,2493.65,2487.04,2493.3,3113
2026-03-12T06:00:00+00:00,2493.3,2495.7400000000002,2490.54,2495.6400000000003,3645
2026-03-12T06:30:00+00:00,2495.6400000000003,2502,2495.33,2501.04,2299
2026-03-12T07:00:00+00:00,2501.04,2505.88,2500.88,2505.1400000000003,2664
2026-03-12T07:30:00+00:00,2505.1400000000003,2511.15,2502,2510.88,3269
2026-03-12T08:00:00+00:00,2510.88,2517.9300000000003,2510.88,2512.04,5782
2026-03-12T08:30:00+00:00,2512.04,2517.3500000000004,2507.4900000000002,2515.19,4722
2026-03-12T09:00:00+00:00,2515.19,2516.15,2506.84,2513.3500000000004,4358
2026-03-12T09:30:00+00:00,2513.3500000000004,2521.9500000000003,2512.33,2520.98,4810
2026-03-12T10:00:00+00:00,2520.98,2522.6400000000003,2518.33,2519.09,3636
2026-03-12T10:30:00+00:00,2519.09,2524,2517.3900000000003,2517.94,4284
2026-03-12T11:00:00+00:00,2517.94,2518.6800000000003,2512.83,2516.5,3616
2026-03-12T11:30:00+00:00,2516.5,2525.29,2511.58,2511.7000000000003,4253
2026-03-12T12:00:00+00:00,2511.7000000000003,2513.23,2504.78,2510.63,5747
2026-03-12T12:30:00+00:00,2510.63,2511.1800000000003,2505.1400000000003,2509.25,6274
2026-03-12T13:00:00+00:00,2509.25,2511.2000000000003,2496.8900000000003,2503.94,14273
2026-03-12T13:30:00+00:00,2503.94,2510,2489.34,2496.1000000000004,52560
2026-03-12T14:00:00+00:00,2496.1000000000004,2510.04,2489.09,2489.1800000000003,33633
2026-03-12T14:30:00+00:00,2489.1800000000003,2501.2400000000002,2482.33,2487.2400000000002,32658
2026-03-12T15:00:00+00:00,2487.2400000000002,2495.8900000000003,2480.13,2491.1400000000003,24672
2026-03-12T15:30:00+00:00,2491.1400000000003,2507.08,2487.03,2499.7000000000003,32053
2026-03-12T16:00:00+00:00,2499.7000000000003,2512.63,2491.5,2499.4500000000003,27414
2026-03-12T16:30:00+00:00,2499.4500000000003,2507.1000000000004,2495.04,2503.98,26646
2026-03-12T17:00:00+00:00,2503.98,2512.3900000000003,2500.1400000000003,2503.53,22220
2026-03-12T17:30:00+00:00,2503.53,2509.83,2494.1000000000004,2499.33,18967
2026-03-12T18:00:00+00:00,2499.33,2509.23,2498.69,2501.7400000000002,16785
2026-03-12T18:30:00+00:00,2501.7400000000002,2504.05,2496.33,2497.08,14150
2026-03-12T19:00:00+00:00,2497.08,2500.4900000000002,2492.48,2494.13,14605
2026-03-12T19:30:00+00:00,2494.13,2498.33,2485.15,2489.25,15714
2026-03-12T20:00:00+00:00,2489.25,2491.59,2487.48,2490.34,4678
2026-03-12T20:30:00+00:00,2490.34,2493.8500000000004,2488.69,2491.4500000000003,1985
2026-03-12T22:00:00+00:00,2491.4500000000003,2493.71,2486.6000000000004,2492.4500000000003,2044
2026-03-12T22:30:00+00:00,2492.4500000000003,2497.42,2491.56,2495.76,1975
2026-03-12T23:00:00+00:00,2495.76,2497.8500000000004,2493.01,2494.4500000000003,2057
2026-03-12T23:30:00+00:00,2494.4500000000003,2495.42,2487.76,2488.1000000000004,2591
2026-03-13T00:00:00+00:00,2488.1000000000004,2505.56,2483.6600000000003,2503.2200000000003,5970
2026-03-13T00:30:00+00:00,2503.2200000000003,2507.42,2502.52,2505.3,5041
2026-03-13T01:00:00+00:00,2505.3,2511.8,2505.2200000000003,2509.77,5895
2026-03-13T01:30:00+00:00,2509.77,2510.4700000000003,2504.51,2505.82,4671
2026-03-13T02:00:00+00:00,2505.82,2508.26,2504.2200000000003,2504.6000000000004,5100
2026-03-13T02:30:00+00:00,2504.6000000000004,2506.42,2501.31,2503.3700000000003,4779
2026-03-13T03:00:00+00:00,2503.3700000000003,2505.6200000000003,2501.21,2503.42,4912
2026-03-13T03:30:00+00:00,2503.42,2507.27,2501.5,2506.67,4356
2026-03-13T04:00:00+00:00,2506.67,2507.07,2500.11,2501,4169
2026-03-13T04:30:00+00:00,2501,2502.4,2498.26,2500.71,4017
2026-03-13T05:00:00+00:00,2500.71,2501.8500000000004,2497.2000000000003,2501,4584
2026-03-13T05:30:00+00:00,2501,2503.36,2500.9100000000003,2502.6600000000003,3780
2026-03-13T06:00:00+00:00,2502.6600000000003,2504.06,2495.8,2497.2200000000003,5715
2026-03-13T06:30:00+00:00,2497.2200000000003,2497.75,2489.11,2489.26,6458
2026-03-13T07:00:00+00:00,2489.26,2490.11,2477.61,2482.02,9501
2026-03-13T07:30:00+00:00,2482.02,2484.7000000000003,2476.5,2479.46,8127
2026-03-13T08:00:00+00:00,2479.46,2480.52,2468.2200000000003,2469.4,11311
2026-03-13T08:30:00+00:00,2469.4,2486.21,2469.1200000000003,2484.52,9708
2026-03-13T09:00:00+00:00,2484.52,2492.06,2484.4100000000003,2488.52,9171
2026-03-13T09:30:00+00:00,2488.52,2492.9700000000003,2486.06,2489.9,6825
2026-03-13T10:00:00+00:00,2489.9,2499.8700000000003,2489.1600000000003,2495.8,6008
2026-03-13T10:30:00+00:00,2495.8,2499.57,2491.9700000000003,2498.06,6356
2026-03-13T11:00:00+00:00,2498.06,2504.71,2496.52,2502.15,7702
2026-03-13T11:30:00+00:00,2502.15,2507.05,2500.25,2506.52,6072
2026-03-13T12:00:00+00:00,2506.52,2508.92,2498.9,2503.15,6212
2026-03-13T12:30:00+00:00,2503.15,2515.9100000000003,2501.8,2507.2200000000003,11475
2026-03-13T13:00:00+00:00,2507.2200000000003,2508.2200000000003,2501.9100000000003,2506.31,8164
2026-03-13T13:30:00+00:00,2506.31,2519.7200000000003,2504.8500000000004,2506.82,39903
2026-03-13T14:00:00+00:00,2506.82,2509.42,2488.4700000000003,2498.05,35021
2026-03-13T14:30:00+00:00,2498.05,2506.7200000000003,2474.7000000000003,2475.71,37490
2026-03-13T15:00:00+00:00,2475.71,2486.82,2472.11,2477.36,31540
2026-03-13T15:30:00+00:00,2477.36,2483.9,2471.7200000000003,2473.26,32181
2026-03-13T16:00:00+00:00,2473.26,2479.75,2469.6000000000004,2471.5,26333
2026-03-13T16:30:00+00:00,2471.5,2482.92,2470.46,2473.82,24559
2026-03-13T17:00:00+00:00,2473.82,2480.81,2471.2200000000003,2478.76,23228
2026-03-13T17:30:00+00:00,2478.76,2481.02,2468.7000000000003,2469.2000000000003,23372
2026-03-13T18:00:00+00:00,2469.2000000000003,2477.6000000000004,2468.86,2474.17,18754
2026-03-13T18:30:00+00:00,2474.17,2482.6000000000004,2472.9500000000003,2479.32,15040
2026-03-13T19:00:00+00:00,2479.32,2479.9500000000003,2471.5,2473.02,14503
2026-03-13T19:30:00+00:00,2473.02,2479.52,2470.05,2478.9100000000003,14378
2026-03-13T20:00:00+00:00,2478.9100000000003,2479.46,2474.4500000000003,2475.9700000000003,3629
2026-03-13T20:30:00+00:00,2475.9700000000003,2478.2200000000003,2475.46,2477.26,703
2026-03-15T22:00:00+00:00,2477.26,2481.59,2460.61,2472.5,3142
2026-03-15T22:30:00+00:00,2472.5,2490.34,2469.9,2489.34,3487
2026-03-15T23:00:00+00:00,2489.34,2494.26,2484.69,2485.8,3788
2026-03-15T23:30:00+00:00,2485.8,2489.25,2481.8,2487.1000000000004,3481
2026-03-16T00:00:00+00:00,2487.1000000000004,2499.4900000000002,2486.6000000000004,2494.01,5379
2026-03-16T00:30:00+00:00,2494.01,2499.71,2493.3,2498.09,3434
2026-03-16T01:00:00+00:00,2498.09,2500.2400000000002,2495.4,2495.61,4288
2026-03-16T01:30:00+00:00,2495.61,2499.6600000000003,2491.7000000000003,2498.61,5201
2026-03-16T02:00:00+00:00,2498.61,2498.81,2493.59,2493.7400000000002,3786
2026-03-16T02:30:00+00:00,2493.7400000000002,2496.11,2492.2000000000003,2493.9900000000002,3087
2026-03-16T03:00:00+00:00,2493.9900000000002,2497.21,2493.6000000000004,2496.9900000000002,2279
2026-03-16T03:30:00+00:00,2496.9900000000002,2501.8,2496.79,2501.5,1754
2026-03-16T04:00:00+00:00,2501.5,2502.36,2499.31,2500.69,1343
2026-03-16T04:30:00+00:00,2500.69,2500.75,2497.36,2497.3900000000003,1214
2026-03-16T05:00:00+00:00,2497.3900000000003,2499.56,2497.04,2497.75,1618
2026-03-16T05:30:00+00:00,2497.75,2504.79,2496.7400000000002,2503.6600000000003,1481
2026-03-16T06:00:00+00:00,2503.6600000000003,2504.4100000000003,2499.71,2500.21,1698
2026-03-16T06:30:00+00:00,2500.21,2504.59,2499.8,2503.81,1308
2026-03-16T07:00:00+00:00,2503.81,2506.21,2495.4100000000003,2496.3900000000003,2723
2026-03-16T07:30:00+00:00,2496.3900000000003,2498.01,2490.9500000000003,2493.15,3473
2026-03-16T08:00:00+00:00,2493.15,2499.1400000000003,2490.9100000000003,2493.9100000000003,7048
2026-03-16T08:30:00+00:00,2493.9100000000003,2495.81,2486.9100000000003,2488.9100000000003,4879
2026-03-16T09:00:00+00:00,2488.9100000000003,2490.3500000000004,2482.29,2485.3,4882
2026-03-16T09:30:00+00:00,2485.3,2488.11,2481.15,2482.86,4901
2026-03-16T10:00:00+00:00,2482.86,2499.54,2482.01,2498.36,4743
2026-03-16T10:30:00+00:00,2498.36,2504.6600000000003,2496.7400000000002,2503.9900000000002,4203
2026-03-16T11:00:00+00:00,2503.9900000000002,2503.9900000000002,2495.69,2496.71,3942
2026-03-16T11:30:00+00:00,2496.71,2506.55,2495.44,2506.46,3444
2026-03-16T12:00:00+00:00,2506.46,2513.2000000000003,2506.19,2507.8,4397
2026-03-16T12:30:00+00:00,2507.8,2514.06,2507.29,2507.8900000000003,5725
2026-03-16T13:00:00+00:00,2507.8900000000003,2515.21,2507.8900000000003,2511.36,7281
2026-03-16T13:30:00+00:00,2511.36,2526.65,2510.19,2526.55,33406
2026-03-16T14:00:00+00:00,2526.55,2528.6600000000003,2517.9500000000003,2517.9500000000003,29864
2026-03-16T14:30:00+00:00,2517.9500000000003,2518.36,2505.8900000000003,2517.94,28144
2026-03-16T15:00:00+00:00,2517.94,2518.4100000000003,2509.21,2515.34,27389
2026-03-16T15:30:00+00:00,2515.34,2518.09,2505.46,2505.51,20812
2026-03-16T16:00:00+00:00,2505.51,2507,2497.69,2498.96,26907
2026-03-16T16:30:00+00:00,2498.96,2506.76,2496.96,2502.56,24839
2026-03-16T17:00:00+00:00,2502.56,2509.8,2500.8900000000003,2507.29,22452
2026-03-16T17:30:00+00:00,2507.29,2511.6000000000004,2501.4500000000003,2504.56,18428
2026-03-16T18:00:00+00:00,2504.56,2515.31,2503.8900000000003,2513.9,17447
2026-03-16T18:30:00+00:00,2513.9,2517.31,2512.04,2513.3900000000003,11328
2026-03-16T19:00:00+00:00,2513.3900000000003,2521.44,2503.59,2506.51,21137
2026-03-16T19:30:00+00:00,2506.51,2507.54,2502.25,2503.21,16279
2026-03-16T20:00:00+00:00,2503.21,2504.76,2500.31,2500.31,3660
2026-03-16T20:30:00+00:00,2500.31,2503.15,2498.96,2501.1000000000004,2734
2026-03-16T22:00:00+00:00,2501.1000000000004,2501.1000000000004,2495.28,2498.2000000000003,1170
2026-03-16T22:30:00+00:00,2498.2000000000003,2498.29,2494.3900000000003,2494.8900000000003,1046
2026-03-16T23:00:00+00:00,2494.8900000000003,2497.1000000000004,2494.58,2497.08,1105
2026-03-16T23:30:00+00:00,2497.08,2499.5,2496.6800000000003,2499.38,1203
2026-03-17T00:00:00+00:00,2499.38,2499.4900000000002,2493.38,2494.3900000000003,2989
2026-03-17T00:30:00+00:00,2494.3900000000003,2496.8,2488.55,2490.1000000000004,2335
2026-03-17T01:00:00+00:00,2490.1000000000004,2492.84,2489.6800000000003,2491.65,2537
2026-03-17T01:30:00+00:00,2491.65,2493.9500000000003,2488.78,2492.09,2269
2026-03-17T02:00:00+00:00,2492.09,2492.15,2489.08,2490.09,1534
2026-03-17T02:30:00+00:00,2490.09,2491.33,2484.73,2484.8900000000003,1583
2026-03-17T03:00:00+00:00,2484.8900000000003,2488.2400000000002,2483.6800000000003,2486.73,1391
2026-03-17T03:30:00+00:00,2486.73,2487.59,2483.58,2485.65,2016
2026-03-17T04:00:00+00:00,2485.65,2486.75,2484.59,2485.83,1154
2026-03-17T04:30:00+00:00,2485.83,2490.9500000000003,2485.83,2489.7000000000003,1262
2026-03-17T05:00:00+00:00,2489.7000000000003,2491.15,2488.29,2489.3900000000003,1704
2026-03-17T05:30:00+00:00,2489.3900000000003,2490.29,2478.09,2478.19,2688
2026-03-17T06:00:00+00:00,2478.19,2479.3500000000004,2473.78,2477.9,5137
2026-03-17T06:30:00+00:00,2477.9,2478.8500000000004,2475.6800000000003,2477.38,2542
2026-03-17T07:00:00+00:00,2477.38,2484.3500000000004,2475.4,2483.88,3309
2026-03-17T07:30:00+00:00,2483.88,2485.7400000000002,2479.6800000000003,2481.6000000000004,2754
2026-03-17T08:00:00+00:00,2481.6000000000004,2487.8,2481.58,2482.69,5074
2026-03-17T08:30:00+00:00,2482.69,2490.34,2480.33,2483.7000000000003,4819
2026-03-17T09:00:00+00:00,2483.7000000000003,2497.9900000000002,2483.69,2497.48,4267
2026-03-17T09:30:00+00:00,2497.48,2498.29,2493.1000000000004,2496.29,3053
2026-03-17T10:00:00+00:00,2496.29,2498.19,2488.7400000000002,2490.28,3068
2026-03-17T10:30:00+00:00,2490.28,2495.04,2490.13,2494.9,2259
2026-03-17T11:00:00+00:00,2494.9,2497.59,2493.08,2495.8,2051
2026-03-17T11:30:00+00:00,2495.8,2497.84,2493.88,2494.3900000000003,2106
2026-03-17T12:00:00+00:00,2494.3900000000003,2507.69,2494.29,2506.09,4148
2026-03-17T12:30:00+00:00,2506.09,2512.25,2506.09,2509.63,3923
2026-03-17T13:00:00+00:00,2509.63,2517.3,2509.38,2517.3,5414
2026-03-17T13:30:00+00:00,2517.3,2535.2999999999997,2515.88,2533.89,33514
2026-03-17T14:00:00+00:00,2533.89,2534.1,2520.0299999999997,2525.9,27498
2026-03-17T14:30:00+00:00,2525.9,2533.74,2524.99,2532.7,22719
2026-03-17T15:00:00+00:00,2532.7,2533.2,2516.04,2517.23,24241
2026-03-17T15:30:00+00:00,2517.23,2520.39,2508.98,2514.95,25736
2026-03-17T16:00:00+00:00,2514.95,2518.5899999999997,2507.8399999999997,2515.48,24890
2026-03-17T16:30:00+00:00,2515.48,2517.49,2509.6299999999997,2514.19,20381
2026-03-17T17:00:00+00:00,2514.19,2520.2,2513.7799999999997,2516.98,12428
2026-03-17T17:30:00+00:00,2516.98,2522.4,2515.39,2521.79,11995
2026-03-17T18:00:00+00:00,2521.79,2526.19,2515.85,2515.8799999999997,12232
2026-03-17T18:30:00+00:00,2515.8799999999997,2522.5899999999997,2515.8799999999997,2521.15,11518
2026-03-17T19:00:00+00:00,2521.15,2522,2517.08,2518.6,9101
2026-03-17T19:30:00+00:00,2518.6,2522.8399999999997,2516.0299999999997,2518.83,11022
2026-03-17T20:00:00+00:00,2518.83,2521.4,2517.85,2520.1,3295
2026-03-17T20:30:00+00:00,2520.1,2521.39,2517.7799999999997,2519.1,1404
2026-03-17T22:00:00+00:00,2519.1,2519.15,2516.43,2516.8399999999997,755
2026-03-17T22:30:00+00:00,2516.8399999999997,2517.68,2514.0299999999997,2516.43,877
2026-03-17T23:00:00+00:00,2516.43,2518.6,2515.23,2516.15,1116
2026-03-17T23:30:00+00:00,2516.15,2517.08,2515.1299999999997,2515.68,670
2026-03-18T00:00:00+00:00,2515.68,2520.2,2514.6299999999997,2518.8,2277
2026-03-18T00:30:00+00:00,2518.8,2522.49,2518.25,2522.19,1623
2026-03-18T01:00:00+00:00,2522.19,2526.34,2522.16,2525.24,2015
2026-03-18T01:30:00+00:00,2525.24,2527.5,2524.66,2527.5,1752
2026-03-18T02:00:00+00:00,2527.5,2531.44,2527.26,2530.96,1985
2026-03-18T02:30:00+00:00,2530.96,2532.26,2530.75,2531.44,1690
2026-03-18T03:00:00+00:00,2531.44,2532.26,2530.49,2531.24,859
2026-03-18T03:30:00+00:00,2531.24,2535.45,2530.95,2534.61,996
2026-03-18T04:00:00+00:00,2534.61,2535.91,2534.25,2534.84,953
2026-03-18T04:30:00+00:00,2534.84,2536.36,2534.04,2535.25,919
2026-03-18T05:00:00+00:00,2535.25,2537.25,2534.94,2536.96,1100
2026-03-18T05:30:00+00:00,2536.96,2540.05,2536.94,2539.51,1345
2026-03-18T06:00:00+00:00,2539.51,2546.8,2539.24,2545.95,2008
2026-03-18T06:30:00+00:00,2545.95,2546.31,2542.4,2543.76,1989
2026-03-18T07:00:00+00:00,2543.76,2545.41,2542.84,2543.85,2090
2026-03-18T07:30:00+00:00,2543.85,2544.86,2541.24,2542.24,1833
2026-03-18T08:00:00+00:00,2542.24,2544.79,2540.74,2540.95,3914
2026-03-18T08:30:00+00:00,2540.95,2543.86,2539.46,2542.54,3594
2026-03-18T09:00:00+00:00,2542.54,2543.69,2539.46,2542.14,3094
2026-03-18T09:30:00+00:00,2542.14,2543.76,2540.79,2541.76,2043
2026-03-18T10:00:00+00:00,2541.76,2544.94,2540.29,2542.04,1823
2026-03-18T10:30:00+00:00,2542.04,2543,2537.55,2538.09,1830
2026-03-18T11:00:00+00:00,2538.09,2539.3,2528.66,2528.76,3249
2026-03-18T11:30:00+00:00,2528.76,2537.46,2527.86,2530.84,4986
2026-03-18T12:00:00+00:00,2530.84,2531.49,2512.26,2514.06,6885
2026-03-18T12:30:00+00:00,2514.06,2514.36,2494.05,2495.74,12411
2026-03-18T13:00:00+00:00,2495.74,2502.49,2492.21,2502.35,9901
2026-03-18T13:30:00+00:00,2502.35,2508.35,2496.24,2508.35,40249
2026-03-18T14:00:00+00:00,2508.35,2509.16,2489.5,2492.79,30835
2026-03-18T14:30:00+00:00,2492.79,2500.81,2490.39,2500.55,21206
2026-03-18T15:00:00+00:00,2500.55,2505.81,2495.61,2497.85,19413
2026-03-18T15:30:00+00:00,2497.85,2501.8,2493.2,2495.39,14812
2026-03-18T16:00:00+00:00,2495.39,2501.24,2492.39,2499.94,12900
2026-03-18T16:30:00+00:00,2499.94,2505.86,2495.31,2502.6,11857
2026-03-18T17:00:00+00:00,2502.6,2503.91,2498.79,2501.84,10904
2026-03-18T17:30:00+00:00,2501.84,2508.41,2499.86,2506.34,11361
2026-03-18T18:00:00+00:00,2506.34,2510.46,2498.49,2502.36,17084
2026-03-18T18:30:00+00:00,2502.36,2504.86,2483.19,2483.94,21547
2026-03-18T19:00:00+00:00,2483.94,2492.95,2481.95,2483.61,17212
2026-03-18T19:30:00+00:00,2483.61,2485.21,2477.09,2478.46,16270
2026-03-18T20:00:00+00:00,2478.46,2478.86,2467.14,2468.46,7890
2026-03-18T20:30:00+00:00,2468.46,2473.81,2468.46,2470.56,3526
2026-03-18T22:00:00+00:00,2470.56,2477.08,2467.97,2468.39,1323
2026-03-18T22:30:00+00:00,2468.39,2469.94,2467.27,2469.67,1006
2026-03-18T23:00:00+00:00,2469.67,2473.83,2468.88,2473.47,721
2026-03-18T23:30:00+00:00,2473.47,2477.34,2469.98,2472.72,1737
2026-03-19T00:00:00+00:00,2472.72,2475.77,2468.78,2472.08,2360
2026-03-19T00:30:00+00:00,2472.08,2473.32,2466.28,2471.78,2202
2026-03-19T01:00:00+00:00,2471.78,2473.68,2468.58,2472.94,1919
2026-03-19T01:30:00+00:00,2472.94,2476.22,2471.47,2472.39,1753
2026-03-19T02:00:00+00:00,2472.39,2483.74,2468.87,2482.59,3111
2026-03-19T02:30:00+00:00,2482.59,2487.94,2482.57,2483.37,1837
2026-03-19T03:00:00+00:00,2483.37,2485.47,2483.37,2484.18,1235
2026-03-19T03:30:00+00:00,2484.18,2484.24,2481.47,2481.68,1803
2026-03-19T04:00:00+00:00,2481.68,2481.69,2476.97,2478.59,2218
2026-03-19T04:30:00+00:00,2478.59,2480.04,2476.18,2478.48,1846
2026-03-19T05:00:00+00:00,2478.48,2480.04,2476.38,2477.04,2148
2026-03-19T05:30:00+00:00,2477.04,2477.43,2471.88,2473.78,2327
2026-03-19T06:00:00+00:00,2473.78,2480.67,2473.47,2474.77,1420
2026-03-19T06:30:00+00:00,2474.77,2476.07,2471.77,2474.57,1744
2026-03-19T07:00:00+00:00,2474.57,2478.69,2468.97,2473.87,2882
2026-03-19T07:30:00+00:00,2473.87,2473.89,2465.27,2467.59,2596
2026-03-19T08:00:00+00:00,2467.59,2473.34,2463.97,2465.08,4877
2026-03-19T08:30:00+00:00,2465.08,2468.17,2459.17,2462.98,5064
2026-03-19T09:00:00+00:00,2462.98,2470.33,2455.38,2458.18,5585
2026-03-19T09:30:00+00:00,2458.18,2475.69,2457.67,2472.77,3761
2026-03-19T10:00:00+00:00,2472.77,2472.77,2465.39,2468.48,2309
2026-03-19T10:30:00+00:00,2468.48,2469.49,2462.18,2463.78,2451
2026-03-19T11:00:00+00:00,2463.78,2467.03,2456.48,2460.39,2830
2026-03-19T11:30:00+00:00,2460.39,2463.82,2454.67,2462.87,2347
2026-03-19T12:00:00+00:00,2462.87,2465.24,2449.28,2450.78,4685
2026-03-19T12:30:00+00:00,2450.78,2457.09,2446.49,2448.18,5853
2026-03-19T13:00:00+00:00,2448.18,2455.79,2438.69,2448.27,9584
2026-03-19T13:30:00+00:00,2448.27,2466.32,2443.28,2465.19,22719
2026-03-19T14:00:00+00:00,2465.19,2474.44,2456.27,2457.72,14880
2026-03-19T14:30:00+00:00,2457.72,2474.52,2456.17,2469.47,16294
2026-03-19T15:00:00+00:00,2469.47,2482.24,2467.09,2469.39,15053
2026-03-19T15:30:00+00:00,2469.39,2470.79,2460.67,2469.74,16652
2026-03-19T16:00:00+00:00,2469.74,2478.24,2464.52,2470.03,12736
2026-03-19T16:30:00+00:00,2470.03,2477.68,2466.18,2471.43,10820
2026-03-19T17:00:00+00:00,2471.43,2472.73,2456.44,2466.72,8181
2026-03-19T17:30:00+00:00,2466.72,2469.29,2458.79,2465.42,7897
2026-03-19T18:00:00+00:00,2465.42,2479.04,2463.67,2471.24,5878
2026-03-19T18:30:00+00:00,2471.24,2484.82,2467.28,2484.54,5560
2026-03-19T19:00:00+00:00,2484.54,2519.08,2483.67,2496.93,19109
2026-03-19T19:30:00+00:00,2496.93,2498.89,2488.18,2494.64,9800
2026-03-19T20:00:00+00:00,2494.64,2502.54,2492.29,2500.08,2301
2026-03-19T20:30:00+00:00,2500.08,2502.19,2498.87,2499.59,1775
2026-03-19T22:00:00+00:00,2499.59,2508.35,2499.59,2508.09,913
2026-03-19T22:30:00+00:00,2508.09,2509.03,2505.08,2507,678
2026-03-19T23:00:00+00:00,2507,2510.53,2505.63,2507.08,1160
2026-03-19T23:30:00+00:00,2507.08,2509.43,2505.54,2507.48,1155
2026-03-20T00:00:00+00:00,2507.48,2509.85,2501.7,2504.1,2566
2026-03-20T00:30:00+00:00,2504.1,2506.98,2503.89,2505.99,1827
2026-03-20T01:00:00+00:00,2505.99,2510.84,2504.8,2510.44,3400
2026-03-20T01:30:00+00:00,2510.44,2515.75,2508.69,2509.94,2346
2026-03-20T02:00:00+00:00,2509.94,2511.84,2508.13,2510.84,2013
2026-03-20T02:30:00+00:00,2510.84,2511.85,2508.79,2508.99,1497
2026-03-20T03:00:00+00:00,2508.99,2509.39,2506.19,2507.24,1178
2026-03-20T03:30:00+00:00,2507.24,2509.9,2506.29,2507.3,1349
2026-03-20T04:00:00+00:00,2507.3,2508.95,2505.98,2507.59,947
2026-03-20T04:30:00+00:00,2507.59,2508.04,2504.8,2505.03,904
2026-03-20T05:00:00+00:00,2505.03,2507.29,2502.59,2506.63,1755
2026-03-20T05:30:00+00:00,2506.63,2507.83,2504.75,2505.48,1181
2026-03-20T06:00:00+00:00,2505.48,2506.9,2500.74,2502.05,1605
2026-03-20T06:30:00+00:00,2502.05,2503,2496.04,2497.48,1405
2026-03-20T07:00:00+00:00,2497.48,2502.59,2492.9,2502.09,3135
2026-03-20T07:30:00+00:00,2502.09,2507.4,2501.63,2506.48,2832
2026-03-20T08:00:00+00:00,2506.48,2508.88,2500.83,2500.94,4739
2026-03-20T08:30:00+00:00,2500.94,2507.25,2499.09,2499.25,4840
2026-03-20T09:00:00+00:00,2499.25,2502.45,2490.85,2491.03,5247
2026-03-20T09:30:00+00:00,2491.03,2494.58,2475.35,2477.34,7314
2026-03-20T10:00:00+00:00,2477.34,2478.53,2465.3,2468.75,8395
2026-03-20T10:30:00+00:00,2468.75,2479.7,2468.7,2475.3,6015
2026-03-20T11:00:00+00:00,2475.3,2487.49,2474.34,2484.13,5376
2026-03-20T11:30:00+00:00,2484.13,2486.05,2478.89,2484.9,4996
2026-03-20T12:00:00+00:00,2484.9,2491.88,2481.18,2487.69,5957
2026-03-20T12:30:00+00:00,2487.69,2489.43,2480.65,2488.04,5754
2026-03-20T13:00:00+00:00,2488.04,2489.48,2480.18,2488.63,7703
2026-03-20T13:30:00+00:00,2488.63,2493.55,2467.78,2468.55,40551
2026-03-20T14:00:00+00:00,2468.55,2472.65,2451.73,2452.6,26461
2026-03-20T14:30:00+00:00,2452.6,2467.34,2452.6,2459,28230
2026-03-20T15:00:00+00:00,2459,2472.99,2454.39,2457.83,26224
2026-03-20T15:30:00+00:00,2457.83,2464.49,2455.85,2461.48,21189
2026-03-20T16:00:00+00:00,2461.48,2468.49,2458.33,2460.64,18396
2026-03-20T16:30:00+00:00,2460.64,2464.73,2453.83,2462.63,17100
2026-03-20T17:00:00+00:00,2462.63,2463.75,2453.04,2454.39,17317
2026-03-20T17:30:00+00:00,2454.39,2455.89,2446.14,2453.33,15667
2026-03-20T18:00:00+00:00,2453.33,2454.99,2436.54,2439.53,15512
2026-03-20T18:30:00+00:00,2439.53,2440.79,2429.39,2431.98,13955
2026-03-20T19:00:00+00:00,2431.98,2435.1,2427.28,2429.98,17249
2026-03-20T19:30:00+00:00,2429.98,2440.95,2420.48,2439.94,23277
2026-03-20T20:00:00+00:00,2439.94,2445.94,2438.09,2441.83,5363
2026-03-20T20:30:00+00:00,2441.83,2445.5,2440.85,2445.3,1568
2026-03-22T22:00:00+00:00,2445.3,2445.36,2408.1,2441.72,4208
2026-03-22T22:30:00+00:00,2441.72,2443.55,2435.31,2437,2712
2026-03-22T23:00:00+00:00,2437,2442.05,2436.3,2436.41,2062
2026-03-22T23:30:00+00:00,2436.41,2437.57,2429.85,2433.06,2815
2026-03-23T00:00:00+00:00,2433.06,2440.26,2430.72,2436.25,4686
2026-03-23T00:30:00+00:00,2436.25,2437.56,2424.37,2424.96,6195
2026-03-23T01:00:00+00:00,2424.96,2436.37,2423.1,2434.77,5518
2026-03-23T01:30:00+00:00,2434.77,2438.57,2433,2435.27,5352
2026-03-23T02:00:00+00:00,2435.27,2438.46,2432.56,2435.01,4110
2026-03-23T02:30:00+00:00,2435.01,2435.17,2426.95,2429.35,2703
2026-03-23T03:00:00+00:00,2429.35,2431.35,2424.5,2425.51,2597
2026-03-23T03:30:00+00:00,2425.51,2426.27,2420.1,2420.55,2774
2026-03-23T04:00:00+00:00,2420.55,2424.92,2419.41,2423.92,2132
2026-03-23T04:30:00+00:00,2423.92,2426.25,2423.21,2425.36,1913
2026-03-23T05:00:00+00:00,2425.36,2429.01,2423.32,2424.42,2701
2026-03-23T05:30:00+00:00,2424.42,2425.77,2417.4,2422.85,3523
2026-03-23T06:00:00+00:00,2422.85,2423.21,2416.32,2417.1,4276
2026-03-23T06:30:00+00:00,2417.1,2417.37,2406.86,2410.45,3708
2026-03-23T07:00:00+00:00,2410.45,2416.97,2400.3,2403.42,6002
2026-03-23T07:30:00+00:00,2403.42,2411.67,2401.96,2406.16,6321
2026-03-23T08:00:00+00:00,2406.16,2414.25,2406.16,2410.17,10671
2026-03-23T08:30:00+00:00,2410.17,2417.56,2409.7,2412.56,7397
2026-03-23T09:00:00+00:00,2412.56,2416.47,2408.65,2412.85,6793
2026-03-23T09:30:00+00:00,2412.85,2412.92,2400.8,2407,6071
2026-03-23T10:00:00+00:00,2407,2411.96,2402.26,2403.32,5945
2026-03-23T10:30:00+00:00,2403.32,2415.4,2400.66,2408.62,6697
2026-03-23T11:00:00+00:00,2408.62,2571.36,2408.62,2532.07,18500.53227391874
2026-03-23T11:30:00+00:00,2532.07,2564.32,2503.87,2507.85,18509
2026-03-23T12:00:00+00:00,2507.85,2523.07,2496.07,2518.32,14069
2026-03-23T12:30:00+00:00,2518.32,2537.52,2505.9100000000003,2526.4,18336
2026-03-23T13:00:00+00:00,2526.4,2531.77,2502.9100000000003,2503.36,12459
2026-03-23T13:30:00+00:00,2503.36,2528.52,2492.55,2528.35,33464
2026-03-23T14:00:00+00:00,2528.35,2533.35,2520.55,2523.6,25934
2026-03-23T14:30:00+00:00,2523.6,2536.9100000000003,2517.9500000000003,2534.75,23813
2026-03-23T15:00:00+00:00,2534.75,2545.76,2534.55,2537.2000000000003,19352
2026-03-23T15:30:00+00:00,2537.2000000000003,2539.31,2504.76,2506.87,22150
2026-03-23T16:00:00+00:00,2506.87,2517.07,2501.61,2501.76,21995
2026-03-23T16:30:00+00:00,2501.76,2515,2501.37,2509.3,21383
2026-03-23T17:00:00+00:00,2509.3,2514.27,2502.71,2509.17,18413
2026-03-23T17:30:00+00:00,2509.17,2526.71,2509.11,2524.17,17369
2026-03-23T18:00:00+00:00,2524.17,2525.57,2515.96,2520.37,15111
2026-03-23T18:30:00+00:00,2520.37,2533.2200000000003,2520.37,2527.8,13940
2026-03-23T19:00:00+00:00,2527.8,2528.37,2513.42,2515.65,12324
2026-03-23T19:30:00+00:00,2515.65,2522.2000000000003,2506.06,2506.12,12749
2026-03-23T20:00:00+00:00,2506.12,2508.82,2502.76,2507.56,4482
2026-03-23T20:30:00+00:00,2507.56,2511.57,2506.3,2507.9700000000003,1743
2026-03-23T22:00:00+00:00,2507.9700000000003,2510.3,2501.9300000000003,2510.03,1145
2026-03-23T22:30:00+00:00,2510.03,2517.3,2507.94,2516.25,1258
2026-03-23T23:00:00+00:00,2516.25,2516.78,2513.8,2515.15,1262
2026-03-23T23:30:00+00:00,2515.15,2515.1800000000003,2509.64,2513.1,2181
2026-03-24T00:00:00+00:00,2513.1,2513.28,2492.29,2502.25,5201
2026-03-24T00:30:00+00:00,2502.25,2504.59,2485.54,2494.29,5824
2026-03-24T01:00:00+00:00,2494.29,2494.65,2483.3,2488.7000000000003,5250
2026-03-24T01:30:00+00:00,2488.7000000000003,2488.9,2479.98,2484.1,4551
2026-03-24T02:00:00+00:00,2484.1,2489.08,2479.53,2486.7400000000002,4287
2026-03-24T02:30:00+00:00,2486.7400000000002,2488.35,2482.59,2482.89,2963
2026-03-24T03:00:00+00:00,2482.89,2486.4500000000003,2480.94,2485.53,2084
2026-03-24T03:30:00+00:00,2485.53,2487.4300000000003,2480.89,2487.2400000000002,2638
2026-03-24T04:00:00+00:00,2487.2400000000002,2489.2400000000002,2483.1800000000003,2483.6800000000003,1757
2026-03-24T04:30:00+00:00,2483.6800000000003,2485.8,2482.4,2483.4500000000003,1646
2026-03-24T05:00:00+00:00,2483.4500000000003,2490.53,2475.7000000000003,2475.78,3940
2026-03-24T05:30:00+00:00,2475.78,2485.19,2475.63,2484.05,2381
2026-03-24T06:00:00+00:00,2484.05,2495.55,2483.55,2493.23,2715
2026-03-24T06:30:00+00:00,2493.23,2502.29,2493.1800000000003,2499.39,2658
2026-03-24T07:00:00+00:00,2499.39,2516.34,2498.7000000000003,2511.55,5803
2026-03-24T07:30:00+00:00,2511.55,2513.69,2507.6800000000003,2512.9900000000002,4151
2026-03-24T08:00:00+00:00,2512.9900000000002,2516.79,2502.19,2502.44,7147
2026-03-24T08:30:00+00:00,2502.44,2508.25,2498.83,2500.9900000000002,5721
2026-03-24T09:00:00+00:00,2500.9900000000002,2503.44,2491.2000000000003,2498.34,5650
2026-03-24T09:30:00+00:00,2498.34,2507.13,2496.39,2505.28,4743
2026-03-24T10:00:00+00:00,2505.28,2508.04,2498.98,2502.34,4369
2026-03-24T10:30:00+00:00,2502.34,2507.35,2499.8,2504.08,4282
2026-03-24T11:00:00+00:00,2504.08,2507.5,2499.29,2501.48,4453
2026-03-24T11:30:00+00:00,2501.48,2506.88,2490,2503.34,5109
2026-03-24T12:00:00+00:00,2503.34,2505.4900000000002,2495.28,2499.34,4128
2026-03-24T12:30:00+00:00,2499.34,2499.94,2487.64,2488.9500000000003,7576
2026-03-24T13:00:00+00:00,2488.9500000000003,2492.15,2479.6800000000003,2486.05,11509
2026-03-24T13:30:00+00:00,2486.05,2496.75,2477.3,2487.29,32763
2026-03-24T14:00:00+00:00,2487.29,2501.79,2485.08,2496.59,27021
2026-03-24T14:30:00+00:00,2496.59,2519.04,2494.39,2512.09,26563
2026-03-24T15:00:00+00:00,2512.09,2529.19,2512.09,2526,21420
2026-03-24T15:30:00+00:00,2526,2530.79,2517.85,2519.23,16212
2026-03-24T16:00:00+00:00,2519.23,2526.2400000000002,2514.63,2524.78,15318
2026-03-24T16:30:00+00:00,2524.78,2526.25,2514.59,2523.1,14720
2026-03-24T17:00:00+00:00,2523.1,2525.4,2503.69,2509.9,21148
2026-03-24T17:30:00+00:00,2509.9,2519.5,2505.13,2518.39,16966
2026-03-24T18:00:00+00:00,2518.39,2522.4500000000003,2513.3,2521.54,14549
2026-03-24T18:30:00+00:00,2521.54,2533.8,2520.84,2524.14,14607
2026-03-24T19:00:00+00:00,2524.14,2531.75,2523.63,2523.8,11219
2026-03-24T19:30:00+00:00,2523.8,2525.9500000000003,2517.39,2519.85,12915
2026-03-24T20:00:00+00:00,2519.85,2564.73,2517.4300000000003,2545.8,8736
2026-03-24T20:30:00+00:00,2545.8,2564.4,2543.34,2547.98,10235
2026-03-24T22:00:00+00:00,2547.98,2551.08,2540.4700000000003,2542.6800000000003,1496
2026-03-24T22:30:00+00:00,2542.6800000000003,2550.48,2542.6800000000003,2550.2400000000002,1579
2026-03-24T23:00:00+00:00,2550.2400000000002,2550.9900000000002,2546.19,2549.38,1808
2026-03-24T23:30:00+00:00,2549.38,2550.34,2547.07,2548.73,1579
2026-03-25T00:00:00+00:00,2548.73,2553.23,2545.27,2549.57,3956
2026-03-25T00:30:00+00:00,2549.57,2560.83,2541.2400000000002,2553.62,4768
2026-03-25T01:00:00+00:00,2553.62,2557.7200000000003,2552.6800000000003,2555.57,5151
2026-03-25T01:30:00+00:00,2555.57,2557.6800000000003,2550.77,2551.09,4248
2026-03-25T02:00:00+00:00,2551.09,2551.7400000000002,2546.14,2548.67,5086
2026-03-25T02:30:00+00:00,2548.67,2549.14,2542.38,2542.59,3605
2026-03-25T03:00:00+00:00,2542.59,2545.73,2540.58,2543.84,3703
2026-03-25T03:30:00+00:00,2543.84,2547.34,2543.03,2546.54,2939
2026-03-25T04:00:00+00:00,2546.54,2556.53,2545.9700000000003,2556.23,2480
2026-03-25T04:30:00+00:00,2556.23,2557.17,2552.59,2555.67,1933
2026-03-25T05:00:00+00:00,2555.67,2555.7400000000002,2550.19,2550.89,2259
2026-03-25T05:30:00+00:00,2550.89,2553.64,2547.03,2548.4700000000003,3025
2026-03-25T06:00:00+00:00,2548.4700000000003,2548.77,2545.37,2546.7400000000002,3085
2026-03-25T06:30:00+00:00,2546.7400000000002,2552.4300000000003,2545.4700000000003,2549.02,2976
2026-03-25T07:00:00+00:00,2549.02,2552.09,2544.32,2545.54,3792
2026-03-25T07:30:00+00:00,2545.54,2551.9900000000002,2544.42,2550.19,4304
2026-03-25T08:00:00+00:00,2550.19,2561.88,2549.87,2558.39,8122
2026-03-25T08:30:00+00:00,2558.39,2562.17,2548.57,2549.9300000000003,7455
2026-03-25T09:00:00+00:00,2549.9300000000003,2555.9700000000003,2546.79,2547.27,5588
2026-03-25T09:30:00+00:00,2547.27,2552.62,2543.57,2548.7400000000002,5355
2026-03-25T10:00:00+00:00,2548.7400000000002,2554.29,2548.4700000000003,2548.69,5190
2026-03-25T10:30:00+00:00,2548.69,2551.53,2547.32,2549.57,4079
2026-03-25T11:00:00+00:00,2549.57,2557.79,2549.42,2554.82,4164
2026-03-25T11:30:00+00:00,2554.82,2558.84,2546.57,2553.7200000000003,5570
2026-03-25T12:00:00+00:00,2553.7200000000003,2558.28,2537.87,2541.37,9172
2026-03-25T12:30:00+00:00,2541.37,2548.4900000000002,2532.29,2546.53,8579
2026-03-25T13:00:00+00:00,2546.53,2551.88,2543.04,2549.34,7171
2026-03-25T13:30:00+00:00,2549.34,2561.44,2541.87,2542.77,31716
2026-03-25T14:00:00+00:00,2542.77,2559.69,2539.28,2555.04,26936
2026-03-25T14:30:00+00:00,2555.04,2562.44,2552.87,2554.53,20787
2026-03-25T15:00:00+00:00,2554.53,2555.77,2526.53,2548.17,25483
2026-03-25T15:30:00+00:00,2548.17,2550.44,2540.2400000000002,2547.6800000000003,20383
2026-03-25T16:00:00+00:00,2547.6800000000003,2549.92,2538.79,2547.82,20912
2026-03-25T16:30:00+00:00,2547.82,2553.54,2545.39,2550.7400000000002,14542
2026-03-25T17:00:00+00:00,2550.7400000000002,2555.02,2544.57,2550.28,14514
2026-03-25T17:30:00+00:00,2550.28,2557.9700000000003,2545.32,2547.88,15213
2026-03-25T18:00:00+00:00,2547.88,2553.6800000000003,2546.2200000000003,2548.08,12633
2026-03-25T18:30:00+00:00,2548.08,2550.62,2535.33,2540.9300000000003,11802
2026-03-25T19:00:00+00:00,2540.9300000000003,2548.59,2537.03,2545.04,12756
2026-03-25T19:30:00+00:00,2545.04,2549.7400000000002,2540.28,2549.7400000000002,12256
2026-03-25T20:00:00+00:00,2549.7400000000002,2552.82,2546.13,2546.2200000000003,3364
2026-03-25T20:30:00+00:00,2546.2200000000003,2547.83,2544.29,2546.59,1279
2026-03-25T22:00:00+00:00,2546.59,2546.59,2541.02,2541.02,1182
2026-03-25T22:30:00+00:00,2541.02,2545.2200000000003,2541.01,2542.58,1018
2026-03-25T23:00:00+00:00,2542.58,2544.13,2539.48,2540.87,1121
2026-03-25T23:30:00+00:00,2540.87,2543.87,2538.4100000000003,2543.4300000000003,1416
2026-03-26T00:00:00+00:00,2543.4300000000003,2551.56,2542.48,2549.4700000000003,2203
2026-03-26T00:30:00+00:00,2549.4700000000003,2551.37,2543.4100000000003,2545.46,2807
2026-03-26T01:00:00+00:00,2545.46,2549.52,2542.81,2544.56,4093
2026-03-26T01:30:00+00:00,2544.56,2547.4300000000003,2544.01,2546.57,3937
2026-03-26T02:00:00+00:00,2546.57,2548.58,2540.96,2541.52,3450
2026-03-26T02:30:00+00:00,2541.52,2542.58,2534.31,2536.9700000000003,4473
2026-03-26T03:00:00+00:00,2536.9700000000003,2542.52,2536.32,2541.6800000000003,2654
2026-03-26T03:30:00+00:00,2541.6800000000003,2550.33,2541.53,2546.2200000000003,3525
2026-03-26T04:00:00+00:00,2546.2200000000003,2546.52,2543.42,2544.06,2300
2026-03-26T04:30:00+00:00,2544.06,2544.77,2539.78,2540.48,2162
2026-03-26T05:00:00+00:00,2540.48,2542.36,2534.36,2535.98,3977
2026-03-26T05:30:00+00:00,2535.98,2538.1800000000003,2532.37,2532.88,3538
2026-03-26T06:00:00+00:00,2532.88,2536.98,2530.51,2536.51,4817
2026-03-26T06:30:00+00:00,2536.51,2537.48,2533.73,2536.57,3532
2026-03-26T07:00:00+00:00,2536.57,2537.23,2525.48,2530.73,5067
2026-03-26T07:30:00+00:00,2530.73,2533.83,2528.76,2531.4100000000003,3814
2026-03-26T08:00:00+00:00,2531.4100000000003,2536.13,2523.48,2523.67,8110
2026-03-26T08:30:00+00:00,2523.67,2527.57,2520.81,2525.77,6832
2026-03-26T09:00:00+00:00,2525.77,2527.21,2520.56,2520.76,6960
2026-03-26T09:30:00+00:00,2520.76,2522.6800000000003,2516.07,2521.27,6147
2026-03-26T10:00:00+00:00,2521.27,2526.6800000000003,2518.12,2526.03,5232
2026-03-26T10:30:00+00:00,2526.03,2527.98,2521.61,2522.52,5231
2026-03-26T11:00:00+00:00,2522.52,2525.32,2516.83,2518.83,4418
2026-03-26T11:30:00+00:00,2518.83,2519.4700000000003,2511.46,2511.96,4451
2026-03-26T12:00:00+00:00,2511.96,2520.88,2508.37,2518.48,5395
2026-03-26T12:30:00+00:00,2518.48,2518.56,2511.78,2517.51,6209
2026-03-26T13:00:00+00:00,2517.51,2521.9100000000003,2517.1800000000003,2518.96,6450
2026-03-26T13:30:00+00:00,2518.96,2543.33,2518.33,2542.71,31348
2026-03-26T14:00:00+00:00,2542.71,2547.63,2535.81,2544.83,25063
2026-03-26T14:30:00+00:00,2544.83,2549.73,2522.96,2531.31,29826
2026-03-26T15:00:00+00:00,2531.31,2536.6600000000003,2526.96,2530.37,20812
2026-03-26T15:30:00+00:00,2530.37,2535.12,2525.86,2531.28,17719
2026-03-26T16:00:00+00:00,2531.28,2534.28,2518.62,2519.4100000000003,15595
2026-03-26T16:30:00+00:00,2519.4100000000003,2519.48,2511.7200000000003,2516.76,16262
2026-03-26T17:00:00+00:00,2516.76,2519.21,2508.87,2512.17,12952
2026-03-26T17:30:00+00:00,2512.17,2517.48,2505.83,2506.81,13981
2026-03-26T18:00:00+00:00,2506.81,2513.53,2506.67,2510.06,13724
2026-03-26T18:30:00+00:00,2510.06,2518.53,2510.06,2516.23,11902
2026-03-26T19:00:00+00:00,2516.23,2517.03,2505.73,2507.4100000000003,12875
2026-03-26T19:30:00+00:00,2507.4100000000003,2509.56,2502.11,2504.9100000000003,14280
2026-03-26T20:00:00+00:00,2504.9100000000003,2555.1600000000003,2502.26,2519.76,19967
2026-03-26T20:30:00+00:00,2519.76,2524.52,2513.96,2514.51,8647
2026-03-26T22:00:00+00:00,2514.51,2520.54,2513.15,2519.08,2081
2026-03-26T22:30:00+00:00,2519.08,2522.15,2515.4300000000003,2520.9300000000003,1922
2026-03-26T23:00:00+00:00,2520.9300000000003,2521.9,2517.54,2518.75,1398
2026-03-26T23:30:00+00:00,2518.75,2523.65,2518.7400000000002,2522.28,1551
2026-03-27T00:00:00+00:00,2522.28,2525.73,2514.94,2516,3972
2026-03-27T00:30:00+00:00,2516,2518.53,2512.33,2513.69,3685
2026-03-27T01:00:00+00:00,2513.69,2520.4500000000003,2512.44,2520.34,3331
2026-03-27T01:30:00+00:00,2520.34,2521.65,2517.9900000000002,2519.98,2492
2026-03-27T02:00:00+00:00,2519.98,2522.1800000000003,2516.98,2518.79,2505
2026-03-27T02:30:00+00:00,2518.79,2521.35,2516.6800000000003,2516.9900000000002,1875
2026-03-27T03:00:00+00:00,2516.9900000000002,2518.6800000000003,2515.7400000000002,2516.59,1804
2026-03-27T03:30:00+00:00,2516.59,2522.48,2516.59,2522.15,1817
2026-03-27T04:00:00+00:00,2522.15,2522.25,2520.08,2521.13,1192
2026-03-27T04:30:00+00:00,2521.13,2522.53,2520.63,2522,1233
2026-03-27T05:00:00+00:00,2522,2529.65,2521.98,2526.83,2501
2026-03-27T05:30:00+00:00,2526.83,2528.4300000000003,2525.29,2525.6,1826
2026-03-27T06:00:00+00:00,2525.6,2529.08,2523.58,2527.54,2745
2026-03-27T06:30:00+00:00,2527.54,2527.54,2519.44,2520.88,2068
2026-03-27T07:00:00+00:00,2520.88,2520.9500000000003,2515.09,2515.48,2285
2026-03-27T07:30:00+00:00,2515.48,2518.4,2514.03,2515.75,2845
2026-03-27T08:00:00+00:00,2515.75,2517.69,2502.69,2502.9900000000002,6258
2026-03-27T08:30:00+00:00,2502.9900000000002,2506.38,2499.75,2500.34,5202
2026-03-27T09:00:00+00:00,2500.34,2504.73,2493.28,2502.84,5396
2026-03-27T09:30:00+00:00,2502.84,2504.94,2494.53,2495.58,4045
2026-03-27T10:00:00+00:00,2495.58,2500.58,2493.9900000000002,2495.89,3973
2026-03-27T10:30:00+00:00,2495.89,2497.6,2485.4300000000003,2486.6,4423
2026-03-27T11:00:00+00:00,2486.6,2491.7000000000003,2483.9500000000003,2491.65,5238
2026-03-27T11:30:00+00:00,2491.65,2496.75,2489.88,2493.13,4147
2026-03-27T12:00:00+00:00,2493.13,2493.65,2487.84,2490.5,4516
2026-03-27T12:30:00+00:00,2490.5,2491.55,2485.6800000000003,2488.75,4697
2026-03-27T13:00:00+00:00,2488.75,2491.8,2482.04,2490.4900000000002,8159
2026-03-27T13:30:00+00:00,2490.4900000000002,2494.9300000000003,2472.09,2475.4,29724
2026-03-27T14:00:00+00:00,2475.4,2486.5,2472.64,2477.35,31161
2026-03-27T14:30:00+00:00,2477.35,2484.9500000000003,2471.2000000000003,2484.29,23172
2026-03-27T15:00:00+00:00,2484.29,2490.3,2475.83,2488.08,21795
2026-03-27T15:30:00+00:00,2488.08,2497.4300000000003,2483.7400000000002,2484.98,19001
2026-03-27T16:00:00+00:00,2484.98,2486,2475.09,2476.75,13600
2026-03-27T16:30:00+00:00,2476.75,2481.4500000000003,2472.13,2475.75,13697
2026-03-27T17:00:00+00:00,2475.75,2483.5,2467.23,2467.4500000000003,14085
2026-03-27T17:30:00+00:00,2467.4500000000003,2469.9500000000003,2462.9,2463.4,10687
2026-03-27T18:00:00+00:00,2463.4,2467.2000000000003,2459.98,2463.79,12409
2026-03-27T18:30:00+00:00,2463.79,2470.3,2462.34,2467.33,12338
2026-03-27T19:00:00+00:00,2467.33,2468.35,2460.69,2463.8,10438
2026-03-27T19:30:00+00:00,2463.8,2466.9900000000002,2453.98,2460.88,15844
2026-03-27T20:00:00+00:00,2460.88,2462.69,2450.35,2455.19,6764
2026-03-27T20:30:00+00:00,2455.19,2456.35,2452.84,2455.05,2011
2026-03-29T22:00:00+00:00,2455.05,2455.05,2432.9300000000003,2443.94,5302
2026-03-29T22:30:00+00:00,2443.94,2445.7000000000003,2435.48,2442.38,3750
2026-03-29T23:00:00+00:00,2442.38,2445.1,2437.88,2438.2400000000002,3347
2026-03-29T23:30:00+00:00,2438.2400000000002,2439.15,2432.84,2434.44,5687
2026-03-30T00:00:00+00:00,2434.44,2449.85,2428.78,2444.35,16551
2026-03-30T00:30:00+00:00,2444.35,2446.64,2433.78,2437.19,11488
2026-03-30T01:00:00+00:00,2437.19,2442,2435.44,2440.7400000000002,11112
2026-03-30T01:30:00+00:00,2440.7400000000002,2446.79,2439.83,2445.94,7575
2026-03-30T02:00:00+00:00,2445.94,2449.89,2443.78,2445.5,5514
2026-03-30T02:30:00+00:00,2445.5,2456.7400000000002,2445.1800000000003,2453.83,6317
2026-03-30T03:00:00+00:00,2453.83,2460.4500000000003,2453.7400000000002,2458.9500000000003,4790
2026-03-30T03:30:00+00:00,2458.9500000000003,2459.33,2456.58,2458.2400000000002,4285
2026-03-30T04:00:00+00:00,2458.2400000000002,2463.3,2457.85,2461.9500000000003,3424
2026-03-30T04:30:00+00:00,2461.9500000000003,2463.35,2458.54,2459.59,2902
2026-03-30T05:00:00+00:00,2459.59,2466.4,2459.28,2464.54,3710
2026-03-30T05:30:00+00:00,2464.54,2467.33,2463.7400000000002,2465.63,3355
2026-03-30T06:00:00+00:00,2465.63,2472.38,2465.23,2468.84,5198
2026-03-30T06:30:00+00:00,2468.84,2475.14,2468.63,2470.6800000000003,4479
2026-03-30T07:00:00+00:00,2470.6800000000003,2471.58,2466.28,2467.98,6791
2026-03-30T07:30:00+00:00,2467.98,2473.94,2466.03,2472.48,6137
2026-03-30T08:00:00+00:00,2472.48,2476.3,2469.08,2476.1,6848
2026-03-30T08:30:00+00:00,2476.1,2478.5,2474.6,2477.4300000000003,5086
2026-03-30T09:00:00+00:00,2477.4300000000003,2478,2470.05,2471.8,5826
2026-03-30T09:30:00+00:00,2471.8,2474.59,2469.33,2474.13,5491
2026-03-30T10:00:00+00:00,2474.13,2476.5,2471.73,2474.9300000000003,4715
2026-03-30T10:30:00+00:00,2474.9300000000003,2477.44,2471.75,2477.44,4479
2026-03-30T11:00:00+00:00,2477.44,2497.44,2476.55,2484.03,8796
2026-03-30T11:30:00+00:00,2484.03,2486.2000000000003,2476.63,2479.19,10616
2026-03-30T12:00:00+00:00,2479.19,2486.2400000000002,2475.19,2484.98,5873
2026-03-30T12:30:00+00:00,2484.98,2487.6,2482.98,2485.4900000000002,4880
2026-03-30T13:00:00+00:00,2485.4900000000002,2488.59,2481.09,2484.63,6768
2026-03-30T13:30:00+00:00,2484.63,2484.73,2446.59,2449.9500000000003,44889
2026-03-30T14:00:00+00:00,2449.9500000000003,2461.98,2447.94,2450.28,44288
2026-03-30T14:30:00+00:00,2450.28,2456.65,2440.38,2456.38,39136
2026-03-30T15:00:00+00:00,2456.38,2464.2400000000002,2447.9300000000003,2452,31233
2026-03-30T15:30:00+00:00,2452,2463.1800000000003,2449.1,2455.59,26024
2026-03-30T16:00:00+00:00,2455.59,2456.28,2444.28,2444.89,21159
2026-03-30T16:30:00+00:00,2444.89,2448.33,2440.73,2442.13,19045
2026-03-30T17:00:00+00:00,2442.13,2444.5,2428.83,2430.23,21878
2026-03-30T17:30:00+00:00,2430.23,2435.29,2426.19,2429.19,20526
2026-03-30T18:00:00+00:00,2429.19,2432.59,2425.67,2428.6400000000003,14709.561264548309
2026-03-30T18:30:00+00:00,2428.6400000000003,2434.58,2425.8900000000003,2427.08,11659
2026-03-30T19:00:00+00:00,2427.08,2428.32,2417.6400000000003,2420.2400000000002,15532
2026-03-30T19:30:00+00:00,2420.2400000000002,2430.79,2418.48,2426.53,20336
2026-03-30T20:00:00+00:00,2426.53,2426.63,2420.77,2422.67,4842
2026-03-30T20:30:00+00:00,2422.67,2425.8900000000003,2421.82,2425.79,1911
2026-03-30T22:00:00+00:00,2425.79,2429.8,2424.4,2426.84,1564
2026-03-30T22:30:00+00:00,2426.84,2427.25,2424.4100000000003,2424.51,1162
2026-03-30T23:00:00+00:00,2424.51,2424.51,2414.9900000000002,2417.01,3469
2026-03-30T23:30:00+00:00,2417.01,2417.21,2413.9,2416.54,2539
2026-03-31T00:00:00+00:00,2416.54,2421.6600000000003,2407.3500000000004,2414.31,8744
2026-03-31T00:30:00+00:00,2414.31,2449.2000000000003,2411.7400000000002,2443.8900000000003,16785
2026-03-31T01:00:00+00:00,2443.8900000000003,2457.9500000000003,2436.8900000000003,2456.4100000000003,12736
2026-03-31T01:30:00+00:00,2456.4100000000003,2469.29,2456.2400000000002,2464.31,11303
2026-03-31T02:00:00+00:00,2464.31,2469.5,2461.55,2466.4900000000002,7234
2026-03-31T02:30:00+00:00,2466.4900000000002,2472.56,2464.4900000000002,2465.8500000000004,6084
2026-03-31T03:00:00+00:00,2465.8500000000004,2471.21,2464.09,2464.6600000000003,5129
2026-03-31T03:30:00+00:00,2464.6600000000003,2465.7000000000003,2460.79,2461.09,4634
2026-03-31T04:00:00+00:00,2461.09,2463.46,2457.79,2458.44,4006
2026-03-31T04:30:00+00:00,2458.44,2461.3900000000003,2455.61,2456.61,3562
2026-03-31T05:00:00+00:00,2456.61,2459.26,2449.5,2456.7400000000002,5273
2026-03-31T05:30:00+00:00,2456.7400000000002,2463.1600000000003,2456.09,2459.76,5720
2026-03-31T06:00:00+00:00,2459.76,2460.31,2454.59,2456.09,6808
2026-03-31T06:30:00+00:00,2456.09,2458.11,2452.19,2455.2000000000003,6600
2026-03-31T07:00:00+00:00,2455.2000000000003,2457.7000000000003,2448.19,2452.76,8451
2026-03-31T07:30:00+00:00,2452.76,2466.79,2452.76,2466.6000000000004,7035
2026-03-31T08:00:00+00:00,2466.6000000000004,2466.9500000000003,2459.7000000000003,2460.9500000000003,8181
2026-03-31T08:30:00+00:00,2460.9500000000003,2461.8500000000004,2455.4100000000003,2458.59,6440
2026-03-31T09:00:00+00:00,2458.59,2464.09,2457.34,2457.75,5315
2026-03-31T09:30:00+00:00,2457.75,2460.3500000000004,2454.19,2455.8900000000003,6103
2026-03-31T10:00:00+00:00,2455.8900000000003,2460.6600000000003,2454.54,2456.36,5118
2026-03-31T10:30:00+00:00,2456.36,2457.46,2446.9,2455.06,5706
2026-03-31T11:00:00+00:00,2455.06,2474.2000000000003,2452.15,2460.9,14492
2026-03-31T11:30:00+00:00,2460.9,2465.05,2455.84,2461,8833
2026-03-31T12:00:00+00:00,2461,2469.1400000000003,2452.25,2464.04,11760
2026-03-31T12:30:00+00:00,2464.04,2467.56,2458.65,2459.15,8053
2026-03-31T13:00:00+00:00,2459.15,2464.7400000000002,2458.4,2461.2400000000002,7321
2026-03-31T13:30:00+00:00,2461.2400000000002,2482.6600000000003,2458.3900000000003,2481.9900000000002,36769
2026-03-31T14:00:00+00:00,2481.9900000000002,2482.04,2468.8,2476.71,32408
2026-03-31T14:30:00+00:00,2476.71,2478.06,2452.4900000000002,2457.84,28407
2026-03-31T15:00:00+00:00,2457.84,2477.79,2457.84,2467,27280
2026-03-31T15:30:00+00:00,2467,2470.26,2460.61,2461.1000000000004,26654
2026-03-31T16:00:00+00:00,2461.1000000000004,2473.86,2460.06,2470.55,19126
2026-03-31T16:30:00+00:00,2470.55,2520.56,2468.05,2496.25,69484
2026-03-31T17:00:00+00:00,2496.25,2504.96,2490.94,2495.34,43470
2026-03-31T17:30:00+00:00,2495.34,2503,2490.65,2491.6400000000003,27152
2026-03-31T18:00:00+00:00,2491.6400000000003,2500.94,2491.59,2498.05,18024
2026-03-31T18:30:00+00:00,2498.05,2505.51,2496.6400000000003,2503.86,13185
2026-03-31T19:00:00+00:00,2503.86,2509.21,2501.4100000000003,2506.56,12106
2026-03-31T19:30:00+00:00,2506.56,2514.11,2505.34,2510.11,20756
2026-03-31T20:00:00+00:00,2510.11,2513.81,2505.19,2512.71,9431
2026-03-31T20:30:00+00:00,2512.71,2512.9500000000003,2508.1000000000004,2509.1600000000003,3407
2026-03-31T22:00:00+00:00,2509.1600000000003,2511.3700000000003,2504.81,2509.5,2358
2026-03-31T22:30:00+00:00,2509.5,2510.1600000000003,2506.71,2508.65,1346
2026-03-31T23:00:00+00:00,2508.65,2510.42,2506.76,2509.9500000000003,1478
2026-03-31T23:30:00+00:00,2509.9500000000003,2517.9100000000003,2509.7000000000003,2516.9700000000003,2745
2026-04-01T00:00:00+00:00,2516.9700000000003,2518.1200000000003,2514.25,2516.9700000000003,5766
2026-04-01T00:30:00+00:00,2516.9700000000003,2520.46,2513.11,2520.32,4599
2026-04-01T01:00:00+00:00,2520.32,2521.75,2514.6200000000003,2517.25,7040
2026-04-01T01:30:00+00:00,2517.25,2518.4700000000003,2511.2000000000003,2512.15,4127
2026-04-01T02:00:00+00:00,2512.15,2514.6000000000004,2510.51,2511,2585
2026-04-01T02:30:00+00:00,2511,2511.81,2508.6200000000003,2510.6600000000003,2549
2026-04-01T03:00:00+00:00,2510.6600000000003,2512.71,2510.25,2511.2000000000003,2239
2026-04-01T03:30:00+00:00,2511.2000000000003,2513.32,2511.2000000000003,2512.4700000000003,1561
2026-04-01T04:00:00+00:00,2512.4700000000003,2514.2000000000003,2511.77,2514.11,1559
2026-04-01T04:30:00+00:00,2514.11,2516.07,2513.6000000000004,2514.8700000000003,1335
2026-04-01T05:00:00+00:00,2514.8700000000003,2522.9,2514.2000000000003,2519.9700000000003,2208
2026-04-01T05:30:00+00:00,2519.9700000000003,2522.82,2518.01,2521.8500000000004,2485
2026-04-01T06:00:00+00:00,2521.8500000000004,2531.9,2521,2531.25,4850
2026-04-01T06:30:00+00:00,2531.25,2540.15,2530.3500000000004,2538.9700000000003,6270
2026-04-01T07:00:00+00:00,2538.9700000000003,2540.2200000000003,2533.5,2535.6600000000003,6028
2026-04-01T07:30:00+00:00,2535.6600000000003,2538.9700000000003,2524.6000000000004,2525.51,6290
2026-04-01T08:00:00+00:00,2525.51,2528.96,2518.1000000000004,2525.4500000000003,8027
2026-04-01T08:30:00+00:00,2525.4500000000003,2529.25,2519.82,2525.9700000000003,7103
2026-04-01T09:00:00+00:00,2525.9700000000003,2528.8700000000003,2517.3500000000004,2520.9700000000003,6229
2026-04-01T09:30:00+00:00,2520.9700000000003,2528.4100000000003,2520.8500000000004,2525.3700000000003,5474
2026-04-01T10:00:00+00:00,2525.3700000000003,2528.4,2523.1200000000003,2524.96,4745
2026-04-01T10:30:00+00:00,2524.96,2532.4700000000003,2523.56,2530.5,5006
2026-04-01T11:00:00+00:00,2530.5,2535.02,2530.01,2532.52,4429
2026-04-01T11:30:00+00:00,2532.52,2538.5,2531.9100000000003,2537.26,4719
2026-04-01T12:00:00+00:00,2537.26,2537.42,2524.75,2527.86,4984
2026-04-01T12:30:00+00:00,2527.86,2543.82,2516.07,2519.27,12952
2026-04-01T13:00:00+00:00,2519.27,2529.2200000000003,2516.3500000000004,2528.96,12522
2026-04-01T13:30:00+00:00,2528.96,2543.27,2528.4500000000003,2536.8,42376
2026-04-01T14:00:00+00:00,2536.8,2541.2200000000003,2530.9,2541.02,36787
2026-04-01T14:30:00+00:00,2541.02,2548.4,2534.2000000000003,2547.36,27677
2026-04-01T15:00:00+00:00,2547.36,2550.9100000000003,2545.81,2546.1600000000003,17113
2026-04-01T15:30:00+00:00,2546.1600000000003,2553.82,2543.51,2552.15,14870
2026-04-01T16:00:00+00:00,2552.15,2554.52,2544.2000000000003,2545.27,13033
2026-04-01T16:30:00+00:00,2545.27,2551.2200000000003,2543.7000000000003,2550.51,8750
2026-04-01T17:00:00+00:00,2550.51,2553.67,2549,2549.21,7215
2026-04-01T17:30:00+00:00,2549.21,2550.01,2541.05,2541.52,8531
2026-04-01T18:00:00+00:00,2541.52,2542.1600000000003,2524.4,2526.71,21017
2026-04-01T18:30:00+00:00,2526.71,2531.4500000000003,2520.8500000000004,2524.77,18673
2026-04-01T19:00:00+00:00,2524.77,2533.5,2523.7000000000003,2532.27,12972
2026-04-01T19:30:00+00:00,2532.27,2533.52,2523.02,2525.21,14546
2026-04-01T20:00:00+00:00,2525.21,2529.1200000000003,2523.8500000000004,2525.57,3887
2026-04-01T20:30:00+00:00,2525.57,2527.86,2524.8500000000004,2526.57,1801
2026-04-01T22:00:00+00:00,2526.57,2528.4900000000002,2523.4700000000003,2525.3900000000003,1435
2026-04-01T22:30:00+00:00,2525.3900000000003,2526.29,2522.73,2524.04,1535
2026-04-01T23:00:00+00:00,2524.04,2527.4300000000003,2523.59,2526.9300000000003,1045
2026-04-01T23:30:00+00:00,2526.9300000000003,2526.94,2522.6200000000003,2524.73,1519
2026-04-02T00:00:00+00:00,2524.73,2525.13,2518.34,2519.3900000000003,5222
2026-04-02T00:30:00+00:00,2519.3900000000003,2531.8700000000003,2517.69,2530.77,6051
2026-04-02T01:00:00+00:00,2530.77,2531.04,2489.69,2492.78,17548
2026-04-02T01:30:00+00:00,2492.78,2493.1800000000003,2482.4900000000002,2487.44,15272
2026-04-02T02:00:00+00:00,2487.44,2491.54,2480.32,2481.6200000000003,8981
2026-04-02T02:30:00+00:00,2481.6200000000003,2486.59,2480.2200000000003,2485.23,5743
2026-04-02T03:00:00+00:00,2485.23,2486.53,2481.02,2484.44,4090
2026-04-02T03:30:00+00:00,2484.44,2485.1400000000003,2478.9700000000003,2479.69,4141
2026-04-02T04:00:00+00:00,2479.69,2481.48,2477.7400000000002,2478.6200000000003,3636
2026-04-02T04:30:00+00:00,2478.6200000000003,2479.63,2476.8900000000003,2477.98,2425
2026-04-02T05:00:00+00:00,2477.98,2481.1800000000003,2477.1800000000003,2479.8900000000003,3247
2026-04-02T05:30:00+00:00,2479.8900000000003,2481.4700000000003,2473.2200000000003,2473.88,3337
2026-04-02T06:00:00+00:00,2473.88,2477.4700000000003,2470.8700000000003,2474.08,4768
2026-04-02T06:30:00+00:00,2474.08,2477.1400000000003,2472.27,2476.84,4138
2026-04-02T07:00:00+00:00,2476.84,2482.9300000000003,2475.77,2482.1400000000003,5430
2026-04-02T07:30:00+00:00,2482.1400000000003,2488.04,2480.9300000000003,2487.84,4000
2026-04-02T08:00:00+00:00,2487.84,2488.59,2483.8700000000003,2485.92,4561
2026-04-02T08:30:00+00:00,2485.92,2490.4900000000002,2484.9700000000003,2486.1200000000003,3652
2026-04-02T09:00:00+00:00,2486.1200000000003,2487.9900000000002,2483.78,2486.63,2960
2026-04-02T09:30:00+00:00,2486.63,2486.79,2482.8700000000003,2485.38,2952
2026-04-02T10:00:00+00:00,2485.38,2487.19,2479.2200000000003,2480.02,3824
2026-04-02T10:30:00+00:00,2480.02,2484.23,2478.73,2483.04,3955
2026-04-02T11:00:00+00:00,2483.04,2484.07,2473.09,2473.4900000000002,4700
2026-04-02T11:30:00+00:00,2473.4900000000002,2477.6400000000003,2469.77,2470.04,5364
2026-04-02T12:00:00+00:00,2470.04,2473.79,2465.38,2473.44,5018
2026-04-02T12:30:00+00:00,2473.44,2478.09,2470.82,2475.38,5013
2026-04-02T13:00:00+00:00,2475.38,2480.53,2472.77,2477.2200000000003,10860
2026-04-02T13:30:00+00:00,2477.2200000000003,2497.54,2476.9300000000003,2497.1800000000003,38834
2026-04-02T14:00:00+00:00,2497.1800000000003,2508.33,2492.38,2506.02,30057
2026-04-02T14:30:00+00:00,2506.02,2552.63,2504.9700000000003,2536.3900000000003,51714
2026-04-02T15:00:00+00:00,2536.3900000000003,2540.1400000000003,2526.9700000000003,2538.08,33061
2026-04-02T15:30:00+00:00,2538.08,2541.42,2524.9300000000003,2532.6400000000003,25082
2026-04-02T16:00:00+00:00,2532.6400000000003,2537.17,2521.23,2524.53,20276
2026-04-02T16:30:00+00:00,2524.53,2535.58,2523.1200000000003,2527.58,18464
2026-04-02T17:00:00+00:00,2527.58,2534.13,2524.3700000000003,2532.9300000000003,14926
2026-04-02T17:30:00+00:00,2532.9300000000003,2533.9700000000003,2523.52,2526.52,13504
2026-04-02T18:00:00+00:00,2526.52,2532.0899999999997,2526.0699999999997,2527.23,12660.375310303438
2026-04-02T18:30:00+00:00,2527.23,2538.68,2527.17,2536.47,10249
2026-04-02T19:00:00+00:00,2536.47,2540.58,2535.23,2536.37,9087
2026-04-02T19:30:00+00:00,2536.37,2542.48,2535.0299999999997,2541.42,10996
2026-04-02T20:00:00+00:00,2541.42,2542.23,2537.79,2541.7799999999997,3028
2026-04-02T20:30:00+00:00,2541.7799999999997,2542.19,2539.49,2540.02,1927
2026-04-02T22:00:00+00:00,2540.02,2541.92,2535.9,2540.6,905
2026-04-02T22:30:00+00:00,2540.6,2541.72,2540.0499999999997,2540.17,541
2026-04-02T23:00:00+00:00,2540.17,2541.37,2538.9,2541.16,538
2026-04-02T23:30:00+00:00,2541.16,2541.67,2540.06,2540.87,671
2026-04-03T00:00:00+00:00,2540.87,2545.37,2540.87,2542.31,2018
2026-04-03T00:30:00+00:00,2542.31,2542.5099999999998,2539.6,2541.0699999999997,1438
2026-04-03T01:00:00+00:00,2541.0699999999997,2541.3199999999997,2538,2539.2999999999997,1073
2026-04-03T01:30:00+00:00,2539.2999999999997,2539.67,2537.85,2538.17,781
2026-04-03T02:00:00+00:00,2538.17,2538.8599999999997,2534.0699999999997,2534.22,936
2026-04-03T02:30:00+00:00,2534.22,2536.27,2532.27,2535.37,1669
2026-04-03T03:00:00+00:00,2535.37,2537.0699999999997,2535.0699999999997,2535.8599999999997,843
2026-04-03T03:30:00+00:00,2535.8599999999997,2536.71,2534.65,2535.2999999999997,688
2026-04-03T04:00:00+00:00,2535.2999999999997,2537.27,2535.2999999999997,2535.9,546
2026-04-03T04:30:00+00:00,2535.9,2536.37,2533.6,2534.31,692
2026-04-03T05:00:00+00:00,2534.31,2536.21,2531.41,2534.17,863
2026-04-03T05:30:00+00:00,2534.17,2537.97,2534.17,2536.2,758
2026-04-03T06:00:00+00:00,2536.2,2536.41,2533.7,2534.5,653
2026-04-03T06:30:00+00:00,2534.5,2534.96,2531.31,2533.1099999999997,1202
2026-04-03T07:00:00+00:00,2533.1099999999997,2533.97,2530.0499999999997,2533.71,1029
2026-04-03T07:30:00+00:00,2533.71,2535.96,2533.6,2533.81,777
2026-04-03T08:00:00+00:00,2533.81,2534.96,2531.31,2532.5699999999997,763
2026-04-03T08:30:00+00:00,2532.5699999999997,2533.77,2531.37,2531.5699999999997,514
2026-04-03T09:00:00+00:00,2531.5699999999997,2531.8199999999997,2528.7599999999998,2529.2599999999998,740
2026-04-03T09:30:00+00:00,2529.2599999999998,2530.02,2527.95,2528.47,433
2026-04-03T10:00:00+00:00,2528.47,2528.85,2525.8199999999997,2526.0699999999997,780
2026-04-03T10:30:00+00:00,2526.0699999999997,2526.7599999999998,2524.3599999999997,2526.12,626
2026-04-03T11:00:00+00:00,2526.12,2530.3599999999997,2522.95,2530.22,1307
2026-04-03T11:30:00+00:00,2530.22,2532.67,2530,2531.8599999999997,1106
2026-04-03T12:00:00+00:00,2531.8599999999997,2534.47,2528.1,2532,2266
2026-04-03T12:30:00+00:00,2532,2547.91,2525.71,2528.46,4362
2026-04-03T13:00:00+00:00,2528.46,2531.16,2527.1099999999997,2528.91,1319
2026-04-05T22:00:00+00:00,2517.02,2517.02,2497.73,2505.28,5168
2026-04-05T22:30:00+00:00,2505.28,2510.14,2502.02,2508.93,3690
2026-04-05T23:00:00+00:00,2508.93,2511.04,2504.2599999999998,2506.4799999999996,3832.950941002326
2026-04-05T23:30:00+00:00,2506.4799999999996,2509.47,2505.8699999999994,2509.2699999999995,945
2026-04-06T00:00:00+00:00,2509.2699999999995,2518.4299999999994,2508.5699999999997,2514.5199999999995,4817
2026-04-06T00:30:00+00:00,2514.5199999999995,2519.7699999999995,2514.3599999999997,2519.0099999999998,3207
2026-04-06T01:00:00+00:00,2519.0099999999998,2524.2699999999995,2518.2799999999997,2522.6799999999994,2896
2026-04-06T01:30:00+00:00,2522.6799999999994,2523.0299999999997,2517.6199999999994,2519.1699999999996,2272
2026-04-06T02:00:00+00:00,2519.1699999999996,2532.4199999999996,2518.5299999999997,2531.1799999999994,5513
2026-04-06T02:30:00+00:00,2531.1799999999994,2531.4799999999996,2520.8099999999995,2521.1199999999994,4004
2026-04-06T03:00:00+00:00,2521.1199999999994,2521.7799999999997,2510.5699999999997,2514.8299999999995,5222
2026-04-06T03:30:00+00:00,2514.8299999999995,2519.9199999999996,2513.9599999999996,2518.7099999999996,3078
2026-04-06T04:00:00+00:00,2518.7099999999996,2522.7599999999998,2518.1099999999997,2520.72,2663
2026-04-06T04:30:00+00:00,2520.72,2524.2799999999997,2520.1699999999996,2523.3199999999997,1885
2026-04-06T05:00:00+00:00,2523.3199999999997,2525.5599999999995,2523.0699999999997,2523.8099999999995,1981
2026-04-06T05:30:00+00:00,2523.8099999999995,2524.1099999999997,2519.1799999999994,2521.2599999999998,2615
2026-04-06T06:00:00+00:00,2521.2599999999998,2526.9199999999996,2519.6799999999994,2521.4299999999994,3431
2026-04-06T06:30:00+00:00,2521.4299999999994,2529.8699999999994,2520.3199999999997,2525.0199999999995,3967
2026-04-06T07:00:00+00:00,2525.0199999999995,2526.0299999999997,2520.1699999999996,2522.4299999999994,3577
2026-04-06T07:30:00+00:00,2522.4299999999994,2534.2599999999998,2522.0599999999995,2531.1599999999994,3448
2026-04-06T08:00:00+00:00,2531.1599999999994,2535.8599999999997,2530.9599999999996,2534.1699999999996,4775
2026-04-06T08:30:00+00:00,2534.1699999999996,2538.3799999999997,2533.0799999999995,2535.6799999999994,2953
2026-04-06T09:00:00+00:00,2535.6799999999994,2538.8699999999994,2535.4599999999996,2537.0799999999995,2648
2026-04-06T09:30:00+00:00,2537.0799999999995,2538.0199999999995,2529.6199999999994,2529.8599999999997,2692
2026-04-06T10:00:00+00:00,2529.8599999999997,2534.3699999999994,2529.2699999999995,2530.0799999999995,2709
2026-04-06T10:30:00+00:00,2530.0799999999995,2532.8699999999994,2522.4799999999996,2529.4099999999994,4067
2026-04-06T11:00:00+00:00,2529.4099999999994,2529.4099999999994,2524.4299999999994,2527.0099999999998,4270
2026-04-06T11:30:00+00:00,2527.0099999999998,2529.8699999999994,2526.3699999999994,2527.7099999999996,2671
2026-04-06T12:00:00+00:00,2527.7099999999996,2529.0199999999995,2525.7099999999996,2528.7799999999997,2814
2026-04-06T12:30:00+00:00,2528.7799999999997,2534.5799999999995,2527.8599999999997,2530.5099999999998,3878
2026-04-06T13:00:00+00:00,2530.5099999999998,2531.4199999999996,2525.1599999999994,2527.0199999999995,4731
2026-04-06T13:30:00+00:00,2527.0199999999995,2540.4099999999994,2525.3099999999995,2535.0699999999997,24649
2026-04-06T14:00:00+00:00,2535.0699999999997,2541.9599999999996,2519.5599999999995,2532.0099999999998,20744
2026-04-06T14:30:00+00:00,2532.0099999999998,2535.5599999999995,2522.97,2533.2799999999997,18874
2026-04-06T15:00:00+00:00,2533.2799999999997,2537.5799999999995,2530.7599999999998,2536.1599999999994,12624
2026-04-06T15:30:00+00:00,2536.1599999999994,2541.2599999999998,2532.6099999999997,2541.1699999999996,9251
2026-04-06T16:00:00+00:00,2541.1699999999996,2541.9299999999994,2536.3099999999995,2539.0299999999997,6619
2026-04-06T16:30:00+00:00,2539.0299999999997,2543.2599999999998,2536.2299999999996,2538.1199999999994,6588
2026-04-06T17:00:00+00:00,2538.1199999999994,2538.3099999999995,2524.6099999999997,2536.7699999999995,14210
2026-04-06T17:30:00+00:00,2536.7699999999995,2540.6199999999994,2534.9199999999996,2535.1699999999996,10443
2026-04-06T18:00:00+00:00,2535.1699999999996,2548.0599999999995,2532.8599999999997,2545.5199999999995,11797
2026-04-06T18:30:00+00:00,2545.5199999999995,2547.0199999999995,2541.8599999999997,2544.8799999999997,7364
2026-04-06T19:00:00+00:00,2544.8799999999997,2545.3099999999995,2540.0799999999995,2540.7299999999996,5432
2026-04-06T19:30:00+00:00,2540.7299999999996,2545.2799999999997,2539.2099999999996,2541.5299999999997,6343
2026-04-06T20:00:00+00:00,2541.5299999999997,2541.9799999999996,2538.8699999999994,2540.6299999999997,2391
2026-04-06T20:30:00+00:00,2540.6299999999997,2542.1599999999994,2538.1099999999997,2539.8799999999997,1244
2026-04-06T22:00:00+00:00,2539.8799999999997,2542.8099999999995,2533.6099999999997,2535.97,2458
2026-04-06T22:30:00+00:00,2535.97,2537.3799999999997,2534.4099999999994,2534.9799999999996,1091
2026-04-06T23:00:00+00:00,2534.9799999999996,2537.7299999999996,2534.3699999999994,2534.5699999999997,900
2026-04-06T23:30:00+00:00,2534.5699999999997,2536.4299999999994,2533.7099999999996,2533.7799999999997,957
2026-04-07T00:00:00+00:00,2533.7799999999997,2541.3799999999997,2532.0099999999998,2537.5099999999998,4991
2026-04-07T00:30:00+00:00,2537.5099999999998,2537.9099999999994,2532.7799999999997,2534.0799999999995,3340
2026-04-07T01:00:00+00:00,2534.0799999999995,2535.2299999999996,2528.4599999999996,2530.5699999999997,4894
2026-04-07T01:30:00+00:00,2530.5699999999997,2530.8699999999994,2516.9599999999996,2518.0199999999995,6244
2026-04-07T02:00:00+00:00,2518.0199999999995,2519.9299999999994,2515.0199999999995,2519.5099999999998,5578
2026-04-07T02:30:00+00:00,2519.5099999999998,2522.6099999999997,2519.5099999999998,2522.4799999999996,2702
2026-04-07T03:00:00+00:00,2522.4799999999996,2523.3199999999997,2518.9099999999994,2521.7799999999997,2571
2026-04-07T03:30:00+00:00,2521.7799999999997,2524.22,2521.47,2522.5299999999997,1802
2026-04-07T04:00:00+00:00,2522.5299999999997,2524.5299999999997,2519.6699999999996,2522.3599999999997,2911
2026-04-07T04:30:00+00:00,2522.3599999999997,2526.22,2522.3599999999997,2524.5799999999995,2426
2026-04-07T05:00:00+00:00,2524.5799999999995,2526.5299999999997,2522.4599999999996,2522.7699999999995,2025
2026-04-07T05:30:00+00:00,2522.7699999999995,2524.6199999999994,2520.0299999999997,2523.8199999999997,3226
2026-04-07T06:00:00+00:00,2523.8199999999997,2527.2699999999995,2522.5099999999998,2527.0599999999995,3850
2026-04-07T06:30:00+00:00,2527.0599999999995,2528.0299999999997,2523.9099999999994,2527.7099999999996,3412
2026-04-07T07:00:00+00:00,2527.7099999999996,2529.2299999999996,2525.0299999999997,2525.7099999999996,6285
2026-04-07T07:30:00+00:00,2525.7099999999996,2529.2299999999996,2525.0799999999995,2528.6799999999994,3761
2026-04-07T08:00:00+00:00,2528.6799999999994,2542.6699999999996,2528.6799999999994,2538.8599999999997,11572
2026-04-07T08:30:00+00:00,2538.8599999999997,2544.5199999999995,2538.0199999999995,2541.9599999999996,6951
2026-04-07T09:00:00+00:00,2541.9599999999996,2546.8599999999997,2540.8099999999995,2545.47,5404
2026-04-07T09:30:00+00:00,2545.47,2547.4199999999996,2540.97,2543.1699999999996,4382
2026-04-07T10:00:00+00:00,2543.1699999999996,2544.6599999999994,2531.8699999999994,2536.7599999999998,8529
2026-04-07T10:30:00+00:00,2536.7599999999998,2537.1699999999996,2517.8799999999997,2520.3099999999995,9389
2026-04-07T11:00:00+00:00,2520.3099999999995,2527.1199999999994,2519.7599999999998,2523.2799999999997,7622
2026-04-07T11:30:00+00:00,2523.2799999999997,2525.4599999999996,2519.47,2523.8699999999994,6793
2026-04-07T12:00:00+00:00,2523.8699999999994,2528.8199999999997,2514.4799999999996,2528.1299999999997,10154
2026-04-07T12:30:00+00:00,2528.1299999999997,2533.6199999999994,2520.5699999999997,2524.8599999999997,6315
2026-04-07T13:00:00+00:00,2524.8599999999997,2529.7799999999997,2523.6699999999996,2529.7799999999997,8016
2026-04-07T13:30:00+00:00,2529.7799999999997,2534.8799999999997,2518.5799999999995,2521.8799999999997,29876
2026-04-07T14:00:00+00:00,2521.8799999999997,2531.1599999999994,2513.0199999999995,2530.1699999999996,25164
2026-04-07T14:30:00+00:00,2530.1699999999996,2534.7799999999997,2520.6699999999996,2521.5299999999997,21743
2026-04-07T15:00:00+00:00,2521.5299999999997,2526.2699999999995,2511.9599999999996,2524.5599999999995,21368
2026-04-07T15:30:00+00:00,2524.5599999999995,2528.3199999999997,2519.3799999999997,2525.6599999999994,15417
2026-04-07T16:00:00+00:00,2525.6599999999994,2544.7799999999997,2525.6599999999994,2531.5699999999997,20485
2026-04-07T16:30:00+00:00,2531.5699999999997,2538.9799999999996,2529.3299999999995,2533.5699999999997,15037
2026-04-07T17:00:00+00:00,2533.5699999999997,2538.47,2532.0799999999995,2535.4799999999996,11398
2026-04-07T17:30:00+00:00,2535.4799999999996,2552.1699999999996,2534.8299999999995,2539.9299999999994,13882
2026-04-07T18:00:00+00:00,2539.9299999999994,2540.9799999999996,2533.72,2534.22,9287
2026-04-07T18:30:00+00:00,2534.22,2535.3199999999997,2521.1699999999996,2524.9099999999994,12213
2026-04-07T19:00:00+00:00,2524.9099999999994,2546.5099999999998,2520.8099999999995,2537.3799999999997,20430
2026-04-07T19:30:00+00:00,2537.3799999999997,2547.6099999999997,2530.5799999999995,2547.1299999999997,20011
2026-04-07T20:00:00+00:00,2547.1299999999997,2552.2099999999996,2543.8599999999997,2549.4299999999994,7972
2026-04-07T20:30:00+00:00,2549.4299999999994,2555.3799999999997,2548.9099999999994,2552.5599999999995,6881
2026-04-07T22:00:00+00:00,2552.5599999999995,2583.97,2552.5599999999995,2577.22,6765
2026-04-07T22:30:00+00:00,2577.22,2622.7699999999995,2554.6399999999994,2621.5699999999997,10513
2026-04-07T23:00:00+00:00,2621.5699999999997,2632.5899999999997,2616.97,2627.3699999999994,7521
2026-04-07T23:30:00+00:00,2627.3699999999994,2632.74,2625.1699999999996,2630.7799999999997,7227
2026-04-08T00:00:00+00:00,2630.7799999999997,2633.9799999999996,2622.2299999999996,2623.6799999999994,12173
2026-04-08T00:30:00+00:00,2623.6799999999994,2631.2899999999995,2621.7699999999995,2628.8799999999997,8046
2026-04-08T01:00:00+00:00,2628.8799999999997,2632.8699999999994,2626.1699999999996,2626.22,6316
2026-04-08T01:30:00+00:00,2626.22,2634.0399999999995,2625.3799999999997,2631.4299999999994,4676
2026-04-08T02:00:00+00:00,2631.4299999999994,2635.8899999999994,2631.4199999999996,2634.1299999999997,3354
2026-04-08T02:30:00+00:00,2634.1299999999997,2638.2699999999995,2633.72,2637.8799999999997,2539
2026-04-08T03:00:00+00:00,2637.8799999999997,2639.3699999999994,2634.8199999999997,2635.5899999999997,2379
2026-04-08T03:30:00+00:00,2635.5899999999997,2636.5899999999997,2634.24,2635.72,1991
2026-04-08T04:00:00+00:00,2635.72,2639.97,2635.72,2639.4199999999996,2364
2026-04-08T04:30:00+00:00,2639.4199999999996,2640.1799999999994,2636.9199999999996,2637.0899999999997,2050
2026-04-08T05:00:00+00:00,2637.0899999999997,2639.7799999999997,2635.7899999999995,2639.22,3319
2026-04-08T05:30:00+00:00,2639.22,2643.2699999999995,2637.7299999999996,2641.8399999999997,3785
2026-04-08T06:00:00+00:00,2641.8399999999997,2642.97,2637.1199999999994,2638.0899999999997,5441
2026-04-08T06:30:00+00:00,2638.0899999999997,2641.0899999999997,2637.1699999999996,2639.8299999999995,5238
2026-04-08T07:00:00+00:00,2639.8299999999995,2641.2299999999996,2633.5699999999997,2638.5899999999997,8212
2026-04-08T07:30:00+00:00,2638.5899999999997,2640.7899999999995,2634.9399999999996,2637.2799999999997,6249
2026-04-08T08:00:00+00:00,2637.2799999999997,2642.6399999999994,2636.8699999999994,2640.8299999999995,6540
2026-04-08T08:30:00+00:00,2640.8299999999995,2646.2699999999995,2636.9299999999994,2644.1699999999996,6657
2026-04-08T09:00:00+00:00,2644.1699999999996,2646.4399999999996,2641.5699999999997,2641.5799999999995,4611
2026-04-08T09:30:00+00:00,2641.5799999999995,2643.7799999999997,2637.47,2639.6799999999994,5351
2026-04-08T10:00:00+00:00,2639.6799999999994,2643.3399999999997,2637.6399999999994,2642.4299999999994,4381
2026-04-08T10:30:00+00:00,2642.4299999999994,2642.6399999999994,2639.3199999999997,2639.8799999999997,3548
2026-04-08T11:00:00+00:00,2639.8799999999997,2648.2899999999995,2637.9199999999996,2647.5199999999995,5306
2026-04-08T11:30:00+00:00,2647.5199999999995,2651.8399999999997,2644.3199999999997,2645.7699999999995,5564
2026-04-08T12:00:00+00:00,2645.7699999999995,2649.1699999999996,2628.2299999999996,2637.8299999999995,11746
2026-04-08T12:30:00+00:00,2637.8299999999995,2641.6199999999994,2634.0299999999997,2637.3299999999995,6567
2026-04-08T13:00:00+00:00,2637.3299999999995,2639.49,2632.7699999999995,2634.2299999999996,7571
2026-04-08T13:30:00+00:00,2634.2299999999996,2641.4799999999996,2624.6699999999996,2627.5799999999995,42537
2026-04-08T14:00:00+00:00,2627.5799999999995,2631.6299999999997,2621.3899999999994,2624.72,30569
2026-04-08T14:30:00+00:00,2624.72,2626.7699999999995,2602.47,2611.1299999999997,30297
2026-04-08T15:00:00+00:00,2611.1299999999997,2620.7899999999995,2610.6899999999996,2615.3799999999997,21934
2026-04-08T15:30:00+00:00,2615.3799999999997,2626.3399999999997,2613.5699999999997,2624.5899999999997,14595
2026-04-08T16:00:00+00:00,2624.5899999999997,2628.4299999999994,2619.9199999999996,2621.9199999999996,12618
2026-04-08T16:30:00+00:00,2621.9199999999996,2626.5299999999997,2620.6199999999994,2625.6299999999997,9146
2026-04-08T17:00:00+00:00,2625.6299999999997,2627.1899999999996,2615.97,2619.1699999999996,13970
2026-04-08T17:30:00+00:00,2619.1699999999996,2627.5799999999995,2618.9199999999996,2627.2299999999996,12334
2026-04-08T18:00:00+00:00,2627.2299999999996,2629.49,2615.8199999999997,2616.22,19847
2026-04-08T18:30:00+00:00,2616.22,2618.47,2604.8699999999994,2605.1799999999994,15015
2026-04-08T19:00:00+00:00,2605.1799999999994,2614.3199999999997,2604.22,2609.49,15999
2026-04-08T19:30:00+00:00,2609.49,2623.1699999999996,2609.3699999999994,2622.97,15858
2026-04-08T20:00:00+00:00,2622.97,2624.5799999999995,2619.8699999999994,2620.1299999999997,3279
2026-04-08T20:30:00+00:00,2620.1299999999997,2621.3899999999994,2618.5699999999997,2619.22,1554
2026-04-08T22:00:00+00:00,2619.22,2625.9399999999996,2618.5799999999995,2620.0299999999997,2474
2026-04-08T22:30:00+00:00,2620.0299999999997,2622.8499999999995,2619.8999999999996,2620.3399999999997,1139
2026-04-08T23:00:00+00:00,2620.3399999999997,2622.8999999999996,2619.8899999999994,2621.4999999999995,1191
2026-04-08T23:30:00+00:00,2621.4999999999995,2621.5299999999997,2618.4799999999996,2618.74,1302
2026-04-09T00:00:00+00:00,2618.74,2622.0499999999997,2615.7,2619.8799999999997,5361
2026-04-09T00:30:00+00:00,2619.8799999999997,2624.1499999999996,2618.5299999999997,2619.5499999999997,4626
2026-04-09T01:00:00+00:00,2619.5499999999997,2620.95,2613.4299999999994,2615.0399999999995,3002
2026-04-09T01:30:00+00:00,2615.0399999999995,2618.5799999999995,2614.3999999999996,2618.1799999999994,3188
2026-04-09T02:00:00+00:00,2618.1799999999994,2619.2499999999995,2616.6299999999997,2617.9999999999995,2527
2026-04-09T02:30:00+00:00,2617.9999999999995,2620.3999999999996,2617.1899999999996,2617.2299999999996,1742
2026-04-09T03:00:00+00:00,2617.2299999999996,2618.7999999999997,2615.7799999999997,2616.7,1304
2026-04-09T03:30:00+00:00,2616.7,2619.0899999999997,2615.7299999999996,2618.3799999999997,1809
2026-04-09T04:00:00+00:00,2618.3799999999997,2619.0499999999997,2616.7799999999997,2617.7,1258
2026-04-09T04:30:00+00:00,2617.7,2618.4999999999995,2616.49,2616.6899999999996,1048
2026-04-09T05:00:00+00:00,2616.6899999999996,2619.4299999999994,2613.9999999999995,2618.99,2272
2026-04-09T05:30:00+00:00,2618.99,2620.8899999999994,2617.5299999999997,2618.7,2101
2026-04-09T06:00:00+00:00,2618.7,2621.6799999999994,2616.3799999999997,2618.0499999999997,3302
2026-04-09T06:30:00+00:00,2618.0499999999997,2619.0499999999997,2614.9399999999996,2617.9799999999996,3160
2026-04-09T07:00:00+00:00,2617.9799999999996,2619.5499999999997,2611.3299999999995,2613.7,4074
2026-04-09T07:30:00+00:00,2613.7,2614.8299999999995,2606.4299999999994,2608.3299999999995,3625
2026-04-09T08:00:00+00:00,2608.3299999999995,2609.2799999999997,2604.3799999999997,2604.5899999999997,4348
2026-04-09T08:30:00+00:00,2604.5899999999997,2609.1399999999994,2604.3799999999997,2605.6799999999994,3344
2026-04-09T09:00:00+00:00,2605.6799999999994,2607.8499999999995,2603.2799999999997,2607.5999999999995,2860
2026-04-09T09:30:00+00:00,2607.5999999999995,2608.45,2606.1799999999994,2608.1299999999997,2239
2026-04-09T10:00:00+00:00,2608.1299999999997,2609.3899999999994,2605.1499999999996,2607.6499999999996,3124
2026-04-09T10:30:00+00:00,2607.6499999999996,2608.24,2602.7899999999995,2603.2999999999997,2995
2026-04-09T11:00:00+00:00,2603.2999999999997,2606.7,2601.9799999999996,2602.3399999999997,3552
2026-04-09T11:30:00+00:00,2602.3399999999997,2608.8899999999994,2602.2799999999997,2607.1399999999994,4022
2026-04-09T12:00:00+00:00,2607.1399999999994,2608.5399999999995,2605.3299999999995,2607.1399999999994,3088
2026-04-09T12:30:00+00:00,2607.1399999999994,2609.6899999999996,2602.5799999999995,2606.2499999999995,6189
2026-04-09T13:00:00+00:00,2606.2499999999995,2607.5899999999997,2603.6799999999994,2607.2799999999997,5571
2026-04-09T13:30:00+00:00,2607.2799999999997,2625.2,2607.1799999999994,2623.2499999999995,34741
2026-04-09T14:00:00+00:00,2623.2499999999995,2623.3399999999997,2609.5799999999995,2613.6299999999997,23033
2026-04-09T14:30:00+00:00,2613.6299999999997,2621.2999999999997,2610.3799999999997,2620.7499999999995,19332
2026-04-09T15:00:00+00:00,2620.7499999999995,2624.8899999999994,2615.2799999999997,2622.0899999999997,17264
2026-04-09T15:30:00+00:00,2622.0899999999997,2636.95,2621.1399999999994,2636.4399999999996,28271
2026-04-09T16:00:00+00:00,2636.4399999999996,2643.8899999999994,2635.9799999999996,2640.9399999999996,14636
2026-04-09T16:30:00+00:00,2640.9399999999996,2644.8499999999995,2638.3999999999996,2644.7299999999996,10700
2026-04-09T17:00:00+00:00,2644.7299999999996,2649.0999999999995,2643.7899999999995,2646.5499999999997,8868
2026-04-09T17:30:00+00:00,2646.5499999999997,2649.2999999999997,2643.6799999999994,2646.4399999999996,9153
2026-04-09T18:00:00+00:00,2646.4399999999996,2646.8499999999995,2634.6399999999994,2637.0899999999997,15492
2026-04-09T18:30:00+00:00,2637.0899999999997,2638.0999999999995,2633.9999999999995,2635.9799999999996,9613
2026-04-09T19:00:00+00:00,2635.9799999999996,2641.6499999999996,2635.3899999999994,2640.0499999999997,8365
2026-04-09T19:30:00+00:00,2640.0499999999997,2644.2799999999997,2638.3899999999994,2640.1499999999996,10575
2026-04-09T20:00:00+00:00,2640.1499999999996,2640.5999999999995,2637.49,2639.3899999999994,1967
2026-04-09T20:30:00+00:00,2639.3899999999994,2641.4799999999996,2637.1899999999996,2638.9299999999994,1068
2026-04-09T22:00:00+00:00,2638.9299999999994,2638.9299999999994,2634.4099999999994,2635.7499999999995,1205
2026-04-09T22:30:00+00:00,2635.7499999999995,2637.4599999999996,2633.4999999999995,2634.24,1250
2026-04-09T23:00:00+00:00,2634.24,2634.4099999999994,2632.49,2633.1399999999994,614
2026-04-09T23:30:00+00:00,2633.1399999999994,2634.8899999999994,2632.5899999999997,2633.8499999999995,745
2026-04-10T00:00:00+00:00,2633.8499999999995,2634.2,2631.6899999999996,2633.6899999999996,1944
2026-04-10T00:30:00+00:00,2633.6899999999996,2635.3499999999995,2631.5999999999995,2634.9399999999996,1453
2026-04-10T01:00:00+00:00,2634.9399999999996,2636.8999999999996,2632.9999999999995,2636.8499999999995,1592
2026-04-10T01:30:00+00:00,2636.8499999999995,2638.6599999999994,2636.1899999999996,2636.7099999999996,1844
2026-04-10T02:00:00+00:00,2636.7099999999996,2637.0099999999998,2633.9399999999996,2634.3999999999996,1258
2026-04-10T02:30:00+00:00,2634.3999999999996,2635.3999999999996,2634.1499999999996,2634.7,655
2026-04-10T03:00:00+00:00,2634.7,2635.9099999999994,2633.8899999999994,2633.95,386
2026-04-10T03:30:00+00:00,2633.95,2636.9599999999996,2633.95,2636.4599999999996,799
2026-04-10T04:00:00+00:00,2636.4599999999996,2636.7599999999998,2634.7999999999997,2635.3099999999995,477
2026-04-10T04:30:00+00:00,2635.3099999999995,2635.5599999999995,2633.6399999999994,2633.8899999999994,606
2026-04-10T05:00:00+00:00,2633.8899999999994,2635.8899999999994,2633.8899999999994,2634.1899999999996,767
2026-04-10T05:30:00+00:00,2634.1899999999996,2635.5899999999997,2633.8399999999997,2634.2099999999996,900
2026-04-10T06:00:00+00:00,2634.2099999999996,2634.5599999999995,2631.4399999999996,2631.8999999999996,1425
2026-04-10T06:30:00+00:00,2631.8999999999996,2632.7499999999995,2630.0899999999997,2631.3099999999995,1405
2026-04-10T07:00:00+00:00,2631.3099999999995,2633.9599999999996,2630.74,2633.9599999999996,1987
2026-04-10T07:30:00+00:00,2633.9599999999996,2636.0599999999995,2633.5899999999997,2634.9099999999994,1828
2026-04-10T08:00:00+00:00,2634.9099999999994,2635.1099999999997,2631.0599999999995,2634.2499999999995,2346
2026-04-10T08:30:00+00:00,2634.2499999999995,2635.2999999999997,2629.5899999999997,2630.45,1921
2026-04-10T09:00:00+00:00,2630.45,2640.3099999999995,2630.45,2636.8899999999994,4194
2026-04-10T09:30:00+00:00,2636.8899999999994,2639.1399999999994,2634.1599999999994,2638.2499999999995,2656
2026-04-10T10:00:00+00:00,2638.2499999999995,2641.3499999999995,2635.24,2639.8599999999997,2002
2026-04-10T10:30:00+00:00,2639.8599999999997,2642.7899999999995,2638.5599999999995,2640.74,1670
2026-04-10T11:00:00+00:00,2640.74,2642.4999999999995,2638.9999999999995,2641.6399999999994,1670
2026-04-10T11:30:00+00:00,2641.6399999999994,2642.8599999999997,2639.2899999999995,2640.6899999999996,1636
2026-04-10T12:00:00+00:00,2640.6899999999996,2647.9999999999995,2639.6599999999994,2646.99,2462
2026-04-10T12:30:00+00:00,2646.99,2661.7,2643.8499999999995,2644.1099999999997,4479
2026-04-10T13:00:00+00:00,2644.1099999999997,2645.0599999999995,2641.0899999999997,2643.7999999999997,3800
2026-04-10T13:30:00+00:00,2643.7999999999997,2647.2099999999996,2635.24,2642.2899999999995,25127
2026-04-10T14:00:00+00:00,2642.2899999999995,2642.4099999999994,2633.3399999999997,2641.0499999999997,15447
2026-04-10T14:30:00+00:00,2641.0499999999997,2643.2,2634.0899999999997,2639.5899999999997,14935
2026-04-10T15:00:00+00:00,2639.5899999999997,2643.0599999999995,2637.2599999999998,2639.1099999999997,11399
2026-04-10T15:30:00+00:00,2639.1099999999997,2640.5399999999995,2627.3899999999994,2628.5099999999998,15748
2026-04-10T16:00:00+00:00,2628.5099999999998,2630.5099999999998,2624.99,2627.1399999999994,11680
2026-04-10T16:30:00+00:00,2627.1399999999994,2629.1899999999996,2622.6399999999994,2628.9599999999996,10987
2026-04-10T17:00:00+00:00,2628.9599999999996,2629.0899999999997,2623.99,2626.5499999999997,9030
2026-04-10T17:30:00+00:00,2626.5499999999997,2631.85,2625.7599999999998,2631.65,7616.158938810953
2026-04-10T18:00:00+00:00,2631.65,2633.9900000000002,2628.03,2633.08,7806
2026-04-10T18:30:00+00:00,2633.08,2634.35,2630.9300000000003,2632.8,6442
2026-04-10T19:00:00+00:00,2632.8,2636.79,2632.6800000000003,2634.94,4718
2026-04-10T19:30:00+00:00,2634.94,2634.98,2629.1800000000003,2632.63,8581
2026-04-10T20:00:00+00:00,2632.63,2635,2630.4300000000003,2634.54,1814
2026-04-10T20:30:00+00:00,2634.54,2635.5,2634.4500000000003,2635.4,413
2026-04-12T22:00:00+00:00,2635.4,2635.4,2580.82,2581.88,4898
2026-04-12T22:30:00+00:00,2581.88,2589.6800000000003,2581.06,2589.11,2370
2026-04-12T23:00:00+00:00,2589.11,2589.4300000000003,2586.26,2588.7200000000003,1285
2026-04-12T23:30:00+00:00,2588.7200000000003,2592.03,2586.73,2591.88,1668
2026-04-13T00:00:00+00:00,2591.88,2594.83,2589.02,2593.26,3283
2026-04-13T00:30:00+00:00,2593.26,2599.38,2593.01,2598.98,2490
2026-04-13T01:00:00+00:00,2598.98,2602.67,2597.51,2600.28,2621
2026-04-13T01:30:00+00:00,2600.28,2602.4100000000003,2598.51,2600.86,1648
2026-04-13T02:00:00+00:00,2600.86,2601.07,2598.23,2598.62,1306
2026-04-13T02:30:00+00:00,2598.62,2600.32,2598.13,2600.07,842
2026-04-13T03:00:00+00:00,2600.07,2600.7200000000003,2597.7200000000003,2599.02,930
2026-04-13T03:30:00+00:00,2599.02,2599.12,2596.6800000000003,2596.9700000000003,738
2026-04-13T04:00:00+00:00,2596.9700000000003,2598.1600000000003,2595.96,2597.76,867
2026-04-13T04:30:00+00:00,2597.76,2600.88,2597.13,2599.53,928
2026-04-13T05:00:00+00:00,2599.53,2601.07,2597.77,2600.62,1339
2026-04-13T05:30:00+00:00,2600.62,2602.08,2599.56,2600.9300000000003,1121
2026-04-13T06:00:00+00:00,2600.9300000000003,2604.6800000000003,2600.71,2603.78,2154
2026-04-13T06:30:00+00:00,2603.78,2604.92,2602.77,2604.9100000000003,1827
2026-04-13T07:00:00+00:00,2604.9100000000003,2609.03,2604.88,2608.71,2647
2026-04-13T07:30:00+00:00,2608.71,2609.87,2605.76,2607.01,1834
2026-04-13T08:00:00+00:00,2607.01,2610.7200000000003,2606.62,2608.87,2915
2026-04-13T08:30:00+00:00,2608.87,2609.48,2606.01,2607.88,2239
2026-04-13T09:00:00+00:00,2607.88,2611.9700000000003,2607.07,2608.02,2220
2026-04-13T09:30:00+00:00,2608.02,2609.92,2607.06,2608.4700000000003,1366
2026-04-13T10:00:00+00:00,2608.4700000000003,2609.1800000000003,2607.4700000000003,2608.77,1300
2026-04-13T10:30:00+00:00,2608.77,2612.77,2607.36,2612.73,1585
2026-04-13T11:00:00+00:00,2612.73,2618.78,2609.96,2610.58,3245
2026-04-13T11:30:00+00:00,2610.58,2611.23,2606.03,2607.02,3647
2026-04-13T12:00:00+00:00,2607.02,2614.48,2606.26,2614.1600000000003,3232
2026-04-13T12:30:00+00:00,2614.1600000000003,2621.33,2613.6600000000003,2619.71,3515
2026-04-13T13:00:00+00:00,2619.71,2622.83,2618.81,2622.78,3937
2026-04-13T13:30:00+00:00,2622.78,2642.2200000000003,2620.58,2642.11,30723
2026-04-13T14:00:00+00:00,2642.11,2644.9300000000003,2635.76,2644.48,20017
2026-04-13T14:30:00+00:00,2644.48,2646.6800000000003,2639.36,2644.9700000000003,11106
2026-04-13T15:00:00+00:00,2644.9700000000003,2645.02,2637.36,2637.83,10087
2026-04-13T15:30:00+00:00,2637.83,2642.63,2636.03,2638.96,8537
2026-04-13T16:00:00+00:00,2638.96,2653.42,2636.17,2652.17,12397
2026-04-13T16:30:00+00:00,2652.17,2664.08,2650.11,2659.76,15382
2026-04-13T17:00:00+00:00,2659.76,2662.48,2657.61,2659.9700000000003,6249
2026-04-13T17:30:00+00:00,2659.9700000000003,2661.03,2657.36,2657.53,4851
2026-04-13T18:00:00+00:00,2657.53,2662.4300000000003,2657.53,2660.62,3977
2026-04-13T18:30:00+00:00,2660.62,2666.88,2659.61,2664.96,4642
2026-04-13T19:00:00+00:00,2664.96,2669.32,2664.31,2668.92,3823
2026-04-13T19:30:00+00:00,2668.92,2674.58,2667.28,2671.27,9008
2026-04-13T20:00:00+00:00,2671.27,2672.57,2669.46,2671.83,2475
2026-04-13T20:30:00+00:00,2671.83,2675.02,2671.31,2674.9700000000003,1169
2026-04-13T22:00:00+00:00,2674.9700000000003,2679.86,2674.9700000000003,2678.05,1128
2026-04-13T22:30:00+00:00,2678.05,2680.25,2677.9500000000003,2679.2400000000002,598
2026-04-13T23:00:00+00:00,2679.2400000000002,2681.86,2678.7400000000002,2678.7400000000002,797
2026-04-13T23:30:00+00:00,2678.7400000000002,2679.05,2676.1400000000003,2676.76,859
2026-04-14T00:00:00+00:00,2676.76,2676.9500000000003,2674.05,2674.05,1493
2026-04-14T00:30:00+00:00,2674.05,2675.84,2673.9500000000003,2675.69,1093
2026-04-14T01:00:00+00:00,2675.69,2675.69,2673.25,2675.15,1037
2026-04-14T01:30:00+00:00,2675.15,2676.36,2673.8900000000003,2675.3,1069
2026-04-14T02:00:00+00:00,2675.3,2677.6600000000003,2674.84,2677.15,568
2026-04-14T02:30:00+00:00,2677.15,2677.84,2676.4,2677.21,593
2026-04-14T03:00:00+00:00,2677.21,2677.21,2675.4500000000003,2676.01,557
2026-04-14T03:30:00+00:00,2676.01,2676.9500000000003,2674.9,2676.4100000000003,530
2026-04-14T04:00:00+00:00,2676.4100000000003,2677.2000000000003,2676.06,2676.8,385
2026-04-14T04:30:00+00:00,2676.8,2677.46,2676.09,2677.46,460
2026-04-14T05:00:00+00:00,2677.46,2677.96,2675.84,2676.44,515
2026-04-14T05:30:00+00:00,2676.44,2676.46,2674.9,2675.2400000000002,640
2026-04-14T06:00:00+00:00,2675.2400000000002,2677.21,2674.7400000000002,2676.85,976
2026-04-14T06:30:00+00:00,2676.85,2678.8,2676,2677.3900000000003,1051
2026-04-14T07:00:00+00:00,2677.3900000000003,2681.85,2676.1,2680.15,4247
2026-04-14T07:30:00+00:00,2680.15,2682.69,2679.1600000000003,2680.71,2365
2026-04-14T08:00:00+00:00,2680.71,2684.1,2679.29,2683.79,2410
2026-04-14T08:30:00+00:00,2683.79,2686.51,2682.84,2686.11,1690
2026-04-14T09:00:00+00:00,2686.11,2687.4100000000003,2683.96,2684.29,1515
2026-04-14T09:30:00+00:00,2684.29,2684.36,2682.19,2682.69,1537
2026-04-14T10:00:00+00:00,2682.69,2684.46,2681.71,2684.06,1725
2026-04-14T10:30:00+00:00,2684.06,2684.1400000000003,2679.6400000000003,2681.46,2090
2026-04-14T11:00:00+00:00,2681.46,2686.4900000000002,2680.7000000000003,2685.71,1301
2026-04-14T11:30:00+00:00,2685.71,2694.31,2685.31,2690.61,2292
2026-04-14T12:00:00+00:00,2690.61,2693,2688.2000000000003,2692.79,2608
2026-04-14T12:30:00+00:00,2692.79,2700.19,2689.31,2691.44,3046
2026-04-14T13:00:00+00:00,2691.44,2692.36,2688.25,2691.46,3405
2026-04-14T13:30:00+00:00,2691.46,2696.71,2683.3,2694.96,30486
2026-04-14T14:00:00+00:00,2694.96,2703.11,2693.5,2702.15,17162
2026-04-14T14:30:00+00:00,2702.15,2710.9500000000003,2702.01,2710.4900000000002,9213
2026-04-14T15:00:00+00:00,2710.4900000000002,2710.7000000000003,2702.44,2709.76,11960
2026-04-14T15:30:00+00:00,2709.76,2715.1600000000003,2709.7000000000003,2710.65,7221
2026-04-14T16:00:00+00:00,2710.65,2711.61,2708.54,2710.36,5990
2026-04-14T16:30:00+00:00,2710.36,2710.7400000000002,2703.4900000000002,2704.01,5415
2026-04-14T17:00:00+00:00,2704.01,2710.25,2703.46,2709.4,5407
2026-04-14T17:30:00+00:00,2709.4,2710.1600000000003,2703.4900000000002,2704.15,4419
2026-04-14T18:00:00+00:00,2704.15,2705.3,2697.4900000000002,2699.8900000000003,8921
2026-04-14T18:30:00+00:00,2699.8900000000003,2703.9900000000002,2699.4900000000002,2703.9100000000003,5896
2026-04-14T19:00:00+00:00,2703.9100000000003,2708.96,2703.54,2708.79,5634
2026-04-14T19:30:00+00:00,2708.79,2709.9100000000003,2705.04,2707.54,8292
2026-04-14T20:00:00+00:00,2707.54,2708.15,2704.6600000000003,2706.9,1670
2026-04-14T20:30:00+00:00,2706.9,2708.7000000000003,2705.94,2708.09,782
2026-04-14T22:00:00+00:00,2708.09,2708.09,2704.78,2707.27,1249
2026-04-14T22:30:00+00:00,2707.27,2707.98,2706.2200000000003,2706.56,469
2026-04-14T23:00:00+00:00,2706.56,2707.6600000000003,2706.26,2707.63,438
2026-04-14T23:30:00+00:00,2707.63,2710.21,2707.06,2707.67,1605
2026-04-15T00:00:00+00:00,2707.67,2709.38,2706.7200000000003,2708.63,1317
2026-04-15T00:30:00+00:00,2708.63,2709.12,2707.26,2708.2200000000003,971
2026-04-15T01:00:00+00:00,2708.2200000000003,2710.08,2706.96,2708.87,1019
2026-04-15T01:30:00+00:00,2708.87,2709.1800000000003,2707.57,2707.81,1126
2026-04-15T02:00:00+00:00,2707.81,2707.87,2704.88,2704.88,805
2026-04-15T02:30:00+00:00,2704.88,2705.02,2703.4100000000003,2704.77,719
2026-04-15T03:00:00+00:00,2704.77,2704.98,2704.17,2704.73,450
2026-04-15T03:30:00+00:00,2704.73,2706.73,2703.9300000000003,2706.07,533
2026-04-15T04:00:00+00:00,2706.07,2706.57,2705.06,2706.11,376
2026-04-15T04:30:00+00:00,2706.11,2706.33,2703.88,2704.4100000000003,459
2026-04-15T05:00:00+00:00,2704.4100000000003,2709.52,2702.92,2703.73,2282
2026-04-15T05:30:00+00:00,2703.73,2703.87,2701.51,2703.77,1065
2026-04-15T06:00:00+00:00,2703.77,2705.58,2703.4100000000003,2705.46,945
2026-04-15T06:30:00+00:00,2705.46,2706.33,2704.71,2705.52,908
2026-04-15T07:00:00+00:00,2705.52,2706.61,2704.17,2704.92,1507
2026-04-15T07:30:00+00:00,2704.92,2706.76,2703.32,2705.73,1354
2026-04-15T08:00:00+00:00,2705.73,2706.9300000000003,2704.46,2706.61,1517
2026-04-15T08:30:00+00:00,2706.61,2707.4100000000003,2705.86,2706.48,1290
2026-04-15T09:00:00+00:00,2706.48,2707.17,2702.02,2703.2200000000003,2821
2026-04-15T09:30:00+00:00,2703.2200000000003,2704.57,2702.06,2703.52,1451
2026-04-15T10:00:00+00:00,2703.52,2706.12,2699.31,2700.31,3075
2026-04-15T10:30:00+00:00,2700.31,2705.61,2699.31,2704.73,2502
2026-04-15T11:00:00+00:00,2704.73,2705.87,2702.57,2702.83,1889
2026-04-15T11:30:00+00:00,2702.83,2709.92,2700.63,2703.9700000000003,3007
2026-04-15T12:00:00+00:00,2703.9700000000003,2705.98,2701.11,2703.76,2360
2026-04-15T12:30:00+00:00,2703.76,2708.82,2703.63,2708.1800000000003,1481
2026-04-15T13:00:00+00:00,2708.1800000000003,2708.83,2705.92,2708.06,2600
2026-04-15T13:30:00+00:00,2708.06,2716.42,2702.01,2709.42,23457
2026-04-15T14:00:00+00:00,2709.42,2713.02,2703.58,2712.86,15981
2026-04-15T14:30:00+00:00,2712.86,2713.67,2706.51,2707.51,10758
2026-04-15T15:00:00+00:00,2707.51,2711.6800000000003,2703.1600000000003,2710.32,11001
2026-04-15T15:30:00+00:00,2710.32,2710.4300000000003,2702.4100000000003,2703.6800000000003,7914
2026-04-15T16:00:00+00:00,2703.6800000000003,2709.46,2703.01,2707.71,6515
2026-04-15T16:30:00+00:00,2707.71,2708.98,2696.26,2699.76,12034
2026-04-15T17:00:00+00:00,2699.76,2704.1800000000003,2699.32,2703.51,7042
2026-04-15T17:30:00+00:00,2703.51,2706.48,2701.4700000000003,2704.2200000000003,4965
2026-04-15T18:00:00+00:00,2704.2200000000003,2710.78,2702.27,2709.03,9981.778047414598
2026-04-15T18:30:00+00:00,2709.03,2711.53,2706.17,2710.5200000000004,4656
2026-04-15T19:00:00+00:00,2710.5200000000004,2713.32,2709.3100000000004,2711.4800000000005,4995
2026-04-15T19:30:00+00:00,2711.4800000000005,2715.7100000000005,2708.9600000000005,2714.5200000000004,7316
2026-04-15T20:00:00+00:00,2714.5200000000004,2715.2700000000004,2711.1200000000003,2712.3700000000003,1471
2026-04-15T20:30:00+00:00,2712.3700000000003,2714.2200000000003,2711.8300000000004,2713.82,701
2026-04-15T22:00:00+00:00,2713.82,2717.1800000000003,2712.78,2716.51,799
2026-04-15T22:30:00+00:00,2716.51,2718.2300000000005,2716.42,2717.9300000000003,592
2026-04-15T23:00:00+00:00,2717.9300000000003,2718.7300000000005,2717.5800000000004,2717.8700000000003,471
2026-04-15T23:30:00+00:00,2717.8700000000003,2720.17,2717.6600000000003,2719.4800000000005,471
2026-04-16T00:00:00+00:00,2719.4800000000005,2720.8100000000004,2717.26,2717.4300000000003,1201
2026-04-16T00:30:00+00:00,2717.4300000000003,2720.6800000000003,2717.4300000000003,2719.0200000000004,763
2026-04-16T01:00:00+00:00,2719.0200000000004,2719.53,2717.82,2718.1600000000003,727
2026-04-16T01:30:00+00:00,2718.1600000000003,2719.4300000000003,2716.9800000000005,2717.2700000000004,883
2026-04-16T02:00:00+00:00,2717.2700000000004,2719.1800000000003,2717.26,2718.4300000000003,836
2026-04-16T02:30:00+00:00,2718.4300000000003,2719.7700000000004,2717.61,2718.11,584
2026-04-16T03:00:00+00:00,2718.11,2719.9300000000003,2718.01,2718.42,548
2026-04-16T03:30:00+00:00,2718.42,2718.63,2716.51,2716.82,540
2026-04-16T04:00:00+00:00,2716.82,2717.7300000000005,2715.5800000000004,2716.1800000000003,492
2026-04-16T04:30:00+00:00,2716.1800000000003,2716.7300000000005,2715.57,2716.6200000000003,415
2026-04-16T05:00:00+00:00,2716.6200000000003,2717.13,2715.2700000000004,2717.03,601
2026-04-16T05:30:00+00:00,2717.03,2718.4800000000005,2716.32,2717.8300000000004,902
2026-04-16T06:00:00+00:00,2717.8300000000004,2720.0800000000004,2717.5200000000004,2719.4800000000005,1430
2026-04-16T06:30:00+00:00,2719.4800000000005,2720.42,2717.0600000000004,2719.9300000000003,942
2026-04-16T07:00:00+00:00,2719.9300000000003,2720.03,2716.07,2719.01,1491
2026-04-16T07:30:00+00:00,2719.01,2720.11,2716.03,2717.13,1266
2026-04-16T08:00:00+00:00,2717.13,2718.1200000000003,2714.32,2714.67,2049
2026-04-16T08:30:00+00:00,2714.67,2715.38,2712.61,2714.7100000000005,1168
2026-04-16T09:00:00+00:00,2714.7100000000005,2715.86,2713.76,2714.7100000000005,1053
2026-04-16T09:30:00+00:00,2714.7100000000005,2716.86,2714.0200000000004,2716.7700000000004,971
2026-04-16T10:00:00+00:00,2716.7700000000004,2718.5800000000004,2716.7700000000004,2717.3700000000003,1047
2026-04-16T10:30:00+00:00,2717.3700000000003,2717.5800000000004,2714.86,2717.0800000000004,1741
2026-04-16T11:00:00+00:00,2717.0800000000004,2718.42,2715.8100000000004,2718.3100000000004,1487
2026-04-16T11:30:00+00:00,2718.3100000000004,2720.61,2716.5800000000004,2716.7100000000005,1651
2026-04-16T12:00:00+00:00,2716.7100000000005,2718.4300000000003,2714.7300000000005,2717.5200000000004,1549
2026-04-16T12:30:00+00:00,2717.5200000000004,2718.9800000000005,2711.2700000000004,2711.7300000000005,1707
2026-04-16T13:00:00+00:00,2711.7300000000005,2715.6800000000003,2711.7300000000005,2715.2100000000005,2799
2026-04-16T13:30:00+00:00,2715.2100000000005,2724.26,2703.86,2712.61,30370
2026-04-16T14:00:00+00:00,2712.61,2713.13,2702.5600000000004,2705.53,23960
2026-04-16T14:30:00+00:00,2705.53,2712.28,2701.26,2709.82,16747
2026-04-16T15:00:00+00:00,2709.82,2721.78,2709.7100000000005,2714.9100000000003,13134
2026-04-16T15:30:00+00:00,2714.9100000000003,2722.9300000000003,2713.4600000000005,2720.07,15098
2026-04-16T16:00:00+00:00,2720.07,2722.9300000000003,2717.57,2717.9100000000003,6327
2026-04-16T16:30:00+00:00,2717.9100000000003,2718.8700000000003,2708.8700000000003,2714.17,13667
2026-04-16T17:00:00+00:00,2714.17,2714.6800000000003,2705.6600000000003,2711.01,13563
2026-04-16T17:30:00+00:00,2711.01,2713.9300000000003,2708.67,2710.8100000000004,9430
2026-04-16T18:00:00+00:00,2710.8100000000004,2715.7700000000004,2709.7200000000003,2710.88,13070
2026-04-16T18:30:00+00:00,2710.88,2715.6800000000003,2710.86,2713.9700000000003,8046
2026-04-16T19:00:00+00:00,2713.9700000000003,2720.2700000000004,2713.9700000000003,2717.9600000000005,7103
2026-04-16T19:30:00+00:00,2717.9600000000005,2721.8700000000003,2717.8100000000004,2720.5200000000004,8401
2026-04-16T20:00:00+00:00,2720.5200000000004,2724.17,2719.9100000000003,2722.9800000000005,1907
2026-04-16T20:30:00+00:00,2722.9800000000005,2724.38,2722.6800000000003,2724.03,603
2026-04-16T22:00:00+00:00,2724.03,2725.82,2723.17,2725.38,910
2026-04-16T22:30:00+00:00,2725.38,2725.9700000000003,2724.92,2725.42,449
2026-04-16T23:00:00+00:00,2725.42,2727.3900000000003,2724.8700000000003,2726.03,506
2026-04-16T23:30:00+00:00,2726.03,2728.1900000000005,2725.3700000000003,2726.4400000000005,604
2026-04-17T00:00:00+00:00,2726.4400000000005,2726.4400000000005,2723.1200000000003,2725.2300000000005,1904
2026-04-17T00:30:00+00:00,2725.2300000000005,2726.1900000000005,2724.34,2724.9400000000005,905
2026-04-17T01:00:00+00:00,2724.9400000000005,2725.6400000000003,2723.8900000000003,2724.2700000000004,1126
2026-04-17T01:30:00+00:00,2724.2700000000004,2725.8300000000004,2723.7200000000003,2725.1900000000005,953
2026-04-17T02:00:00+00:00,2725.1900000000005,2725.7300000000005,2722.8300000000004,2723.1200000000003,773
2026-04-17T02:30:00+00:00,2723.1200000000003,2724.03,2722.78,2723.2300000000005,640
2026-04-17T03:00:00+00:00,2723.2300000000005,2723.63,2721.8700000000003,2722.9700000000003,657
2026-04-17T03:30:00+00:00,2722.9700000000003,2724.2300000000005,2722.3700000000003,2723.13,562
2026-04-17T04:00:00+00:00,2723.13,2725.3900000000003,2722.5400000000004,2724.82,543
2026-04-17T04:30:00+00:00,2724.82,2725.6900000000005,2724.0200000000004,2724.2900000000004,468
2026-04-17T05:00:00+00:00,2724.2900000000004,2724.6900000000005,2722.2200000000003,2724.53,969
2026-04-17T05:30:00+00:00,2724.53,2726.0800000000004,2722.9700000000003,2725.3300000000004,786
2026-04-17T06:00:00+00:00,2725.3300000000004,2726.59,2724.17,2724.4300000000003,1322
2026-04-17T06:30:00+00:00,2724.4300000000003,2725.5400000000004,2722.5200000000004,2724.3700000000003,1429
2026-04-17T07:00:00+00:00,2724.3700000000003,2727.2700000000004,2724.3700000000003,2725.7300000000005,2051
2026-04-17T07:30:00+00:00,2725.7300000000005,2728.4800000000005,2724.9300000000003,2727.7400000000002,1650
2026-04-17T08:00:00+00:00,2727.7400000000002,2730.0800000000004,2727.5800000000004,2729.2400000000002,1591
2026-04-17T08:30:00+00:00,2729.2400000000002,2731.8900000000003,2728.17,2731.6400000000003,1232
2026-04-17T09:00:00+00:00,2731.6400000000003,2732.6800000000003,2730.2400000000002,2732.5200000000004,1250
2026-04-17T09:30:00+00:00,2732.5200000000004,2734.38,2731.6200000000003,2733.3700000000003,1597
2026-04-17T10:00:00+00:00,2733.3700000000003,2734.28,2731.7200000000003,2732.2200000000003,1319
2026-04-17T10:30:00+00:00,2732.2200000000003,2732.9400000000005,2731.1900000000005,2732.63,1255
2026-04-17T11:00:00+00:00,2732.63,2734.09,2731.5200000000004,2732.0200000000004,1343
2026-04-17T11:30:00+00:00,2732.0200000000004,2736.8700000000003,2732.0200000000004,2735.7300000000005,1523
2026-04-17T12:00:00+00:00,2735.7300000000005,2740.6200000000003,2732.4400000000005,2739.8300000000004,3129
2026-04-17T12:30:00+00:00,2739.8300000000004,2762.8900000000003,2739.3300000000004,2761.9900000000002,13150
2026-04-17T13:00:00+00:00,2761.9900000000002,2770.07,2755.9800000000005,2758.03,16027
2026-04-17T13:30:00+00:00,2758.03,2765.88,2751.8300000000004,2762.9400000000005,42136
2026-04-17T14:00:00+00:00,2762.9400000000005,2783.6800000000003,2761.0200000000004,2781.1200000000003,21384
2026-04-17T14:30:00+00:00,2781.1200000000003,2793.7900000000004,2780.67,2782.4800000000005,19729
2026-04-17T15:00:00+00:00,2782.4800000000005,2784.7400000000002,2774.78,2778.9300000000003,21669
2026-04-17T15:30:00+00:00,2778.9300000000003,2787.0400000000004,2777.1800000000003,2785.92,15203
2026-04-17T16:00:00+00:00,2785.92,2794.09,2784.03,2793.6800000000003,9179
2026-04-17T16:30:00+00:00,2793.6800000000003,2797.7700000000004,2793.6200000000003,2794.17,6903
2026-04-17T17:00:00+00:00,2794.17,2795.6900000000005,2777.9300000000003,2781.1800000000003,18045
2026-04-17T17:30:00+00:00,2781.1800000000003,2785.4900000000002,2778.38,2780.99,12951.274095037516
2026-04-17T18:00:00+00:00,2780.99,2781.68,2773.77,2777.0699999999997,13888
2026-04-17T18:30:00+00:00,2777.0699999999997,2779.5299999999997,2774.12,2776.08,9811
2026-04-17T19:00:00+00:00,2776.08,2777.33,2770.5699999999997,2772.23,7917
2026-04-17T19:30:00+00:00,2772.23,2781.19,2772.08,2778.37,10324
2026-04-17T20:00:00+00:00,2778.37,2781.24,2777.47,2777.48,2054
2026-04-17T20:30:00+00:00,2777.48,2778.2799999999997,2776.17,2776.27,503
2026-04-19T22:00:00+00:00,2776.27,2776.27,2735.25,2747.31,6032
2026-04-19T22:30:00+00:00,2747.31,2755.02,2746.65,2752.3199999999997,1996
2026-04-19T23:00:00+00:00,2752.3199999999997,2754.25,2748.47,2749.37,1916
2026-04-19T23:30:00+00:00,2749.37,2749.67,2744.47,2748.0499999999997,1595
2026-04-20T00:00:00+00:00,2748.0499999999997,2751.87,2745.2,2750.75,5000
2026-04-20T00:30:00+00:00,2750.75,2752.02,2749.21,2749.77,2102
2026-04-20T01:00:00+00:00,2749.77,2753.62,2749.06,2752.11,2028
2026-04-20T01:30:00+00:00,2752.11,2756.3199999999997,2751.85,2755.11,1232
2026-04-20T02:00:00+00:00,2755.11,2755.3199999999997,2753,2753.77,1167
2026-04-20T02:30:00+00:00,2753.77,2754.52,2751.56,2753.2,833
2026-04-20T03:00:00+00:00,2753.2,2754.37,2751.85,2754.02,951
2026-04-20T03:30:00+00:00,2754.02,2754.7,2751.3199999999997,2751.4,856
2026-04-20T04:00:00+00:00,2751.4,2752.5099999999998,2750.5,2751.02,739
2026-04-20T04:30:00+00:00,2751.02,2753.3199999999997,2749.72,2751.7,882
2026-04-20T05:00:00+00:00,2751.7,2752.02,2748.31,2748.41,1239
2026-04-20T05:30:00+00:00,2748.41,2750.5,2746.65,2748.97,1876
2026-04-20T06:00:00+00:00,2748.97,2751.5699999999997,2748.96,2750.42,2564
2026-04-20T06:30:00+00:00,2750.42,2755.2,2748.7,2753.17,3364
2026-04-20T07:00:00+00:00,2753.17,2759.52,2752.25,2754.7,5238
2026-04-20T07:30:00+00:00,2754.7,2755.47,2748.02,2751.2,4920
2026-04-20T08:00:00+00:00,2751.2,2754.12,2746.71,2753.6,4132
2026-04-20T08:30:00+00:00,2753.6,2757.17,2751.65,2755.66,3110
2026-04-20T09:00:00+00:00,2755.66,2758.86,2754.15,2756.0699999999997,2461
2026-04-20T09:30:00+00:00,2756.0699999999997,2757.41,2755,2755.5099999999998,1690
2026-04-20T10:00:00+00:00,2755.5099999999998,2759.95,2755.2599999999998,2756.5499999999997,2536
2026-04-20T10:30:00+00:00,2756.5499999999997,2756.8199999999997,2752.16,2754.02,1520
2026-04-20T11:00:00+00:00,2754.02,2754.27,2750.77,2752.11,2354
2026-04-20T11:30:00+00:00,2752.11,2757.5699999999997,2751.56,2756.6,3471
2026-04-20T12:00:00+00:00,2756.6,2758.86,2754.06,2755.95,3680
2026-04-20T12:30:00+00:00,2755.95,2761.17,2755.16,2759.56,2866
2026-04-20T13:00:00+00:00,2759.56,2767.92,2758.7999999999997,2767.31,7307
2026-04-20T13:30:00+00:00,2767.31,2783.37,2766.35,2782.22,33946
2026-04-20T14:00:00+00:00,2782.22,2787.92,2777.72,2785.66,20968
2026-04-20T14:30:00+00:00,2785.66,2788.95,2775.27,2783,28119
2026-04-20T15:00:00+00:00,2783,2792.62,2776.15,2791.21,24268
2026-04-20T15:30:00+00:00,2791.21,2794.62,2787.91,2792.16,13736
2026-04-20T16:00:00+00:00,2792.16,2792.47,2785.75,2786.2999999999997,10189
2026-04-20T16:30:00+00:00,2786.2999999999997,2789.47,2783.42,2785.7999999999997,9055
2026-04-20T17:00:00+00:00,2785.7999999999997,2791.66,2783.7999999999997,2788.7999999999997,8394
2026-04-20T17:30:00+00:00,2788.7999999999997,2789.86,2785.0499999999997,2785.87,7294
2026-04-20T18:00:00+00:00,2785.87,2793.02,2784.35,2791.8199999999997,7057
2026-04-20T18:30:00+00:00,2791.8199999999997,2797.7999999999997,2790.5499999999997,2797.2999999999997,5728
2026-04-20T19:00:00+00:00,2797.2999999999997,2797.97,2793.95,2793.97,4427
2026-04-20T19:30:00+00:00,2793.97,2795.47,2791.0499999999997,2794.75,8306
2026-04-20T20:00:00+00:00,2794.75,2795.0699999999997,2792.87,2794.25,1411
2026-04-20T20:30:00+00:00,2794.25,2799.87,2793.95,2798.0099999999998,2416
2026-04-20T22:00:00+00:00,2798.0099999999998,2801.49,2795.33,2799.39,981
2026-04-20T22:30:00+00:00,2799.39,2799.58,2798.0699999999997,2799.5299999999997,679
2026-04-20T23:00:00+00:00,2799.5299999999997,2799.62,2798.12,2798.12,549
2026-04-20T23:30:00+00:00,2798.12,2798.48,2797.27,2798.22,690
2026-04-21T00:00:00+00:00,2798.22,2799.38,2795.38,2795.42,1801
2026-04-21T00:30:00+00:00,2795.42,2799.29,2794.42,2797.62,2384
2026-04-21T01:00:00+00:00,2797.62,2799.94,2796.72,2799.94,1646
2026-04-21T01:30:00+00:00,2799.94,2801.5299999999997,2798.79,2799.59,1308
2026-04-21T02:00:00+00:00,2799.59,2801.0299999999997,2799.5699999999997,2800.77,761
2026-04-21T02:30:00+00:00,2800.77,2801.54,2799.37,2799.63,723
2026-04-21T03:00:00+00:00,2799.63,2800.08,2797.37,2798.47,974
2026-04-21T03:30:00+00:00,2798.47,2799.34,2797.72,2798.47,715
2026-04-21T04:00:00+00:00,2798.47,2800.18,2798.47,2799.93,491
2026-04-21T04:30:00+00:00,2799.93,2800.98,2799.93,2800.2799999999997,470
2026-04-21T05:00:00+00:00,2800.2799999999997,2803.52,2800.22,2802.44,1202
2026-04-21T05:30:00+00:00,2802.44,2802.44,2799.13,2799.38,920
2026-04-21T06:00:00+00:00,2799.38,2801.17,2798.58,2799.83,1756
2026-04-21T06:30:00+00:00,2799.83,2800.59,2798.5699999999997,2798.83,1252
2026-04-21T07:00:00+00:00,2798.83,2798.84,2794.43,2796.33,3142
2026-04-21T07:30:00+00:00,2796.33,2798.74,2794.8199999999997,2795.43,2610
2026-04-21T08:00:00+00:00,2795.43,2799.44,2793.98,2798.94,3254
2026-04-21T08:30:00+00:00,2798.94,2800.87,2797.84,2799.33,2447
2026-04-21T09:00:00+00:00,2799.33,2799.88,2796.67,2798.5699999999997,2399
2026-04-21T09:30:00+00:00,2798.5699999999997,2803.39,2798.02,2802.29,2208
2026-04-21T10:00:00+00:00,2802.29,2804.02,2801.17,2802.43,2046
2026-04-21T10:30:00+00:00,2802.43,2806.08,2802.3199999999997,2804.89,1758
2026-04-21T11:00:00+00:00,2804.89,2806.33,2798.92,2806.17,3832
2026-04-21T11:30:00+00:00,2806.17,2808.43,2804.67,2804.72,2373
2026-04-21T12:00:00+00:00,2804.72,2807.34,2802.0699999999997,2807.34,2610
2026-04-21T12:30:00+00:00,2807.34,2809.3199999999997,2797.12,2800.88,5486
2026-04-21T13:00:00+00:00,2800.88,2803.19,2798.97,2802.97,4592
2026-04-21T13:30:00+00:00,2802.97,2817.64,2796.37,2811.59,30865
2026-04-21T14:00:00+00:00,2811.59,2819.2799999999997,2808.68,2817.72,18735
2026-04-21T14:30:00+00:00,2817.72,2819.12,2788.13,2790.2799999999997,24933
2026-04-21T15:00:00+00:00,2790.2799999999997,2796.09,2781.0299999999997,2784.3199999999997,35738
2026-04-21T15:30:00+00:00,2784.3199999999997,2788.54,2778.2799999999997,2782.24,23642
2026-04-21T16:00:00+00:00,2782.24,2789.34,2778.47,2780.59,16975
2026-04-21T16:30:00+00:00,2780.59,2784.14,2775.33,2775.37,12956
2026-04-21T17:00:00+00:00,2775.37,2779.09,2763.43,2768.3199999999997,20200
2026-04-21T17:30:00+00:00,2768.3199999999997,2784.48,2767.92,2775.59,20131
2026-04-21T18:00:00+00:00,2775.59,2778.19,2763.77,2767.98,14777
2026-04-21T18:30:00+00:00,2767.98,2779.43,2767.79,2775.8199999999997,14070
2026-04-21T19:00:00+00:00,2775.8199999999997,2786.8199999999997,2774.52,2785.33,17820
2026-04-21T19:30:00+00:00,2785.33,2786.24,2758.3199999999997,2766.22,31269
2026-04-21T20:00:00+00:00,2766.22,2787.43,2762.44,2779.3199999999997,11941
2026-04-21T20:30:00+00:00,2779.3199999999997,2782.92,2777.92,2779.27,3541
2026-04-21T22:00:00+00:00,2779.27,2783.42,2779.27,2781.5499999999997,1275
2026-04-21T22:30:00+00:00,2781.5499999999997,2782.62,2778.86,2779.7599999999998,868
2026-04-21T23:00:00+00:00,2779.7599999999998,2782.0699999999997,2778.92,2780.86,850
2026-04-21T23:30:00+00:00,2780.86,2784.31,2779.9,2784.0699999999997,1242
2026-04-22T00:00:00+00:00,2784.0699999999997,2790.3199999999997,2784.0699999999997,2788.16,2437
2026-04-22T00:30:00+00:00,2788.16,2789.5,2787.11,2787.65,1414
2026-04-22T01:00:00+00:00,2787.65,2789.4,2787.31,2787.97,1802
2026-04-22T01:30:00+00:00,2787.97,2791.06,2787.7,2789.21,1554
2026-04-22T02:00:00+00:00,2789.21,2792.02,2789.21,2791.87,1246
2026-04-22T02:30:00+00:00,2791.87,2792.11,2790.7,2791.15,745
2026-04-22T03:00:00+00:00,2791.15,2792.46,2789.8199999999997,2790.77,946
2026-04-22T03:30:00+00:00,2790.77,2791.8199999999997,2788.62,2788.62,889
2026-04-22T04:00:00+00:00,2788.62,2789.62,2787.65,2788.2,1014
2026-04-22T04:30:00+00:00,2788.2,2788.8199999999997,2785.95,2786.15,1084
2026-04-22T05:00:00+00:00,2786.15,2797.8199999999997,2785.65,2793.85,3874
2026-04-22T05:30:00+00:00,2793.85,2795.31,2792.75,2792.77,1676
2026-04-22T06:00:00+00:00,2792.77,2793.22,2789.2,2790.7999999999997,1873
2026-04-22T06:30:00+00:00,2790.7999999999997,2794.17,2790.71,2793.52,1864
2026-04-22T07:00:00+00:00,2793.52,2795.62,2790.91,2794.1,2683
2026-04-22T07:30:00+00:00,2794.1,2794.87,2790.96,2791.2999999999997,2790
2026-04-22T08:00:00+00:00,2791.2999999999997,2792.56,2785.7599999999998,2785.87,3752
2026-04-22T08:30:00+00:00,2785.87,2788.37,2782.25,2788.06,3332
2026-04-22T09:00:00+00:00,2788.06,2792.6,2787.6,2792.2599999999998,4321
2026-04-22T09:30:00+00:00,2792.2599999999998,2792.8199999999997,2786,2788.5699999999997,3041
2026-04-22T10:00:00+00:00,2788.5699999999997,2791.62,2786.1,2791.3199999999997,4023
2026-04-22T10:30:00+00:00,2791.3199999999997,2792.97,2789.9,2790.4,2507
2026-04-22T11:00:00+00:00,2790.4,2791.37,2788.3199999999997,2789.46,2964
2026-04-22T11:30:00+00:00,2789.46,2792.5699999999997,2788.66,2791.2999999999997,3164
2026-04-22T12:00:00+00:00,2791.2999999999997,2797.12,2790.92,2792.0099999999998,3453
2026-04-22T12:30:00+00:00,2792.0099999999998,2793.0699999999997,2786.25,2786.77,4787
2026-04-22T13:00:00+00:00,2786.77,2797.71,2785.47,2797.5099999999998,8852
2026-04-22T13:30:00+00:00,2797.5099999999998,2801.62,2790.5499999999997,2795.5499999999997,33398
2026-04-22T14:00:00+00:00,2795.5499999999997,2795.85,2786.35,2787.75,21328
2026-04-22T14:30:00+00:00,2787.75,2790.6,2781.45,2787.3199999999997,21398
2026-04-22T15:00:00+00:00,2787.3199999999997,2788.37,2780.7599999999998,2785.52,18429
2026-04-22T15:30:00+00:00,2785.52,2787.72,2775.11,2780.21,13042
2026-04-22T16:00:00+00:00,2780.21,2783.6,2775.7,2776.35,9664
2026-04-22T16:30:00+00:00,2776.35,2778.77,2770.5,2771.46,10401
2026-04-22T17:00:00+00:00,2771.46,2780.37,2770.21,2780.15,10736
2026-04-22T17:30:00+00:00,2780.15,2781.61,2777.1,2777.81,7149
2026-04-22T18:00:00+00:00,2777.81,2779,2774,2776.35,6857
2026-04-22T18:30:00+00:00,2776.35,2779.77,2775.65,2777.92,5515
2026-04-22T19:00:00+00:00,2777.92,2781.97,2774.41,2781.65,9522
2026-04-22T19:30:00+00:00,2781.65,2786.92,2778.21,2785.86,8416
2026-04-22T20:00:00+00:00,2785.86,2786.12,2780.5699999999997,2782.16,3978
2026-04-22T20:30:00+00:00,2782.16,2782.72,2777.7,2782.25,1892
2026-04-22T22:00:00+00:00,2782.25,2785.08,2779.97,2782.22,1153
2026-04-22T22:30:00+00:00,2782.22,2782.2799999999997,2780.22,2780.5699999999997,592
2026-04-22T23:00:00+00:00,2780.5699999999997,2781.14,2779.64,2780.99,534.553114018375
2026-04-22T23:30:00+00:00,2780.99,2781.38,2779.9,2780.79,533
2026-04-23T00:00:00+00:00,2780.79,2780.98,2751.83,2776.33,13947
2026-04-23T00:30:00+00:00,2776.33,2779.69,2774.8,2777.74,6095
2026-04-23T01:00:00+00:00,2777.74,2777.89,2773.38,2773.89,4431
2026-04-23T01:30:00+00:00,2773.89,2775.73,2770.28,2771.49,4250
2026-04-23T02:00:00+00:00,2771.49,2773.1,2766.48,2768.95,5042
2026-04-23T02:30:00+00:00,2768.95,2771.55,2766.53,2767.29,4540
2026-04-23T03:00:00+00:00,2767.29,2769.79,2765.03,2765.39,3880
2026-04-23T03:30:00+00:00,2765.39,2768.2,2762.88,2767.68,4394
2026-04-23T04:00:00+00:00,2767.68,2770.95,2765.94,2770.4,2643
2026-04-23T04:30:00+00:00,2770.4,2772.35,2770.18,2772.09,1760
2026-04-23T05:00:00+00:00,2772.09,2772.89,2769.5,2770.69,2110
2026-04-23T05:30:00+00:00,2770.69,2773.6,2769.18,2773.5,2867
2026-04-23T06:00:00+00:00,2773.5,2776.29,2773.48,2775.55,3092
2026-04-23T06:30:00+00:00,2775.55,2775.89,2772.78,2774.78,2320
2026-04-23T07:00:00+00:00,2774.78,2775.35,2771.15,2773.03,4048
2026-04-23T07:30:00+00:00,2773.03,2776.28,2770.69,2773.65,4160
2026-04-23T08:00:00+00:00,2773.65,2774.2,2768.19,2769.7,4445
2026-04-23T08:30:00+00:00,2769.7,2770.04,2766,2766.89,3813
2026-04-23T09:00:00+00:00,2766.89,2770.49,2763.84,2769.33,5648
2026-04-23T09:30:00+00:00,2769.33,2771.83,2767.84,2768.59,3642
2026-04-23T10:00:00+00:00,2768.59,2770.74,2765.98,2769.84,4043
2026-04-23T10:30:00+00:00,2769.84,2774,2769.53,2773.38,3957
2026-04-23T11:00:00+00:00,2773.38,2775.1,2768.78,2770.89,3787
2026-04-23T11:30:00+00:00,2770.89,2783.75,2769.6,2782.83,7126
2026-04-23T12:00:00+00:00,2782.83,2791.79,2782.3,2786.2,5756
2026-04-23T12:30:00+00:00,2786.2,2790.2,2777.98,2786.84,7721
2026-04-23T13:00:00+00:00,2786.84,2788.6,2780.83,2788.54,6098
2026-04-23T13:30:00+00:00,2788.54,2796.59,2785.45,2785.69,29417
2026-04-23T14:00:00+00:00,2785.69,2790.35,2778.68,2789.74,26613
2026-04-23T14:30:00+00:00,2789.74,2799.74,2788.43,2799.1,18006
2026-04-23T15:00:00+00:00,2799.1,2799.59,2792.04,2795.59,15055
2026-04-23T15:30:00+00:00,2795.59,2798.15,2786.03,2788.84,17560
2026-04-23T16:00:00+00:00,2788.84,2790.05,2784.53,2786.43,14110
2026-04-23T16:30:00+00:00,2786.43,2790.85,2785.79,2788.53,10637
2026-04-23T17:00:00+00:00,2788.53,2789.65,2757.14,2758.5,39343
2026-04-23T17:30:00+00:00,2758.5,2771.14,2739.93,2767.55,45623
2026-04-23T18:00:00+00:00,2767.55,2776.99,2766.38,2776.6,24040
2026-04-23T18:30:00+00:00,2776.6,2779.08,2766.38,2768.09,15722
2026-04-23T19:00:00+00:00,2768.09,2772.95,2765.75,2771.74,13612
2026-04-23T19:30:00+00:00,2771.74,2778.8,2765.33,2776.39,17866
2026-04-23T20:00:00+00:00,2776.39,2776.39,2767.63,2769.84,5551
2026-04-23T20:30:00+00:00,2769.84,2770.8,2767.7,2769.4,2207
2026-04-23T22:00:00+00:00,2769.4,2774.72,2769.4,2772.76,1739
2026-04-23T22:30:00+00:00,2772.76,2773.57,2770.62,2772.82,995
2026-04-23T23:00:00+00:00,2772.82,2773.96,2771.28,2773.96,665
2026-04-23T23:30:00+00:00,2773.96,2776.43,2773.86,2776.06,1000
2026-04-24T00:00:00+00:00,2776.06,2779.13,2773.98,2778.37,3022
2026-04-24T00:30:00+00:00,2778.37,2778.91,2773.61,2774.57,2501
2026-04-24T01:00:00+00:00,2774.57,2775.07,2772.46,2773.72,2354
2026-04-24T01:30:00+00:00,2773.72,2774.03,2769.87,2772.86,2958
2026-04-24T02:00:00+00:00,2772.86,2773.02,2764.91,2765.07,2502
2026-04-24T02:30:00+00:00,2765.07,2767.18,2763.28,2764.06,2116
2026-04-24T03:00:00+00:00,2764.06,2765.12,2762.62,2762.92,1939
2026-04-24T03:30:00+00:00,2762.92,2765.56,2761.73,2763.67,2225
2026-04-24T04:00:00+00:00,2763.67,2765.58,2762.52,2763.22,1607
2026-04-24T04:30:00+00:00,2763.22,2767.53,2763.22,2767.23,1926
2026-04-24T05:00:00+00:00,2767.23,2768.57,2765.16,2768.12,2040
2026-04-24T05:30:00+00:00,2768.12,2772.43,2768.12,2772.38,1439
2026-04-24T06:00:00+00:00,2772.38,2773.12,2769.41,2769.72,2222
2026-04-24T06:30:00+00:00,2769.72,2771.62,2768.93,2770.27,2429
2026-04-24T07:00:00+00:00,2770.27,2776.13,2769.67,2775.17,3163
2026-04-24T07:30:00+00:00,2775.17,2775.76,2771.66,2775.46,2866
2026-04-24T08:00:00+00:00,2775.46,2777.51,2769.82,2771.27,5560
2026-04-24T08:30:00+00:00,2771.27,2771.72,2768.26,2769.66,4026
2026-04-24T09:00:00+00:00,2769.66,2771.68,2765.92,2769.61,4541
2026-04-24T09:30:00+00:00,2769.61,2772.53,2769.03,2772.13,2624
2026-04-24T10:00:00+00:00,2772.13,2777.58,2771.86,2777.07,2371
2026-04-24T10:30:00+00:00,2777.07,2777.72,2775.27,2776.63,2117
2026-04-24T11:00:00+00:00,2776.63,2797.88,2776.21,2797.58,14153
2026-04-24T11:30:00+00:00,2797.58,2798.71,2786.81,2788.51,6415
2026-04-24T12:00:00+00:00,2788.51,2792.43,2786.78,2790.72,5883
2026-04-24T12:30:00+00:00,2790.72,2790.93,2779.33,2783.17,5956
2026-04-24T13:00:00+00:00,2783.17,2787.43,2782.76,2786.93,5733
2026-04-24T13:30:00+00:00,2786.93,2793.48,2762.43,2770.91,37212
2026-04-24T14:00:00+00:00,2770.91,2780.31,2766.01,2777.98,30823
2026-04-24T14:30:00+00:00,2777.98,2784.76,2776.31,2781.58,22772
2026-04-24T15:00:00+00:00,2781.58,2785.23,2780.02,2783.52,16745
2026-04-24T15:30:00+00:00,2783.52,2801.93,2781.58,2799.53,28180
2026-04-24T16:00:00+00:00,2799.53,2800.38,2791.67,2793.98,15547
2026-04-24T16:30:00+00:00,2793.98,2798.03,2790.97,2795.58,12550
2026-04-24T17:00:00+00:00,2795.58,2796.73,2789.37,2792.27,9469
2026-04-24T17:30:00+00:00,2792.27,2797.97,2790.03,2791.62,9384.047052504991
2026-04-24T18:00:00+00:00,2791.62,2792.33,2788.31,2789.71,8581
2026-04-24T18:30:00+00:00,2789.71,2793.22,2789.71,2791.4199999999996,5866
2026-04-24T19:00:00+00:00,2791.4199999999996,2793.0299999999997,2786.72,2788.1699999999996,7170
2026-04-24T19:30:00+00:00,2788.1699999999996,2790.6099999999997,2783.46,2786.5699999999997,11027
2026-04-24T20:00:00+00:00,2786.5699999999997,2789.0299999999997,2784.41,2785.02,2276
2026-04-24T20:30:00+00:00,2785.02,2787.48,2785.02,2787.3599999999997,449
2026-04-26T22:00:00+00:00,2787.3599999999997,2787.3599999999997,2770.6699999999996,2775.43,2429
2026-04-26T22:30:00+00:00,2775.43,2778.7799999999997,2774.27,2778.5699999999997,720
2026-04-26T23:00:00+00:00,2778.5699999999997,2778.68,2775.8199999999997,2776.3799999999997,794
2026-04-26T23:30:00+00:00,2776.3799999999997,2776.97,2774.52,2776.72,1153
2026-04-27T00:00:00+00:00,2776.72,2779.18,2775.97,2777.4399999999996,2951
2026-04-27T00:30:00+00:00,2777.4399999999996,2783.3799999999997,2777.24,2781.6899999999996,1804
2026-04-27T01:00:00+00:00,2781.6899999999996,2789.74,2781.0699999999997,2786.4199999999996,4385
2026-04-27T01:30:00+00:00,2786.4199999999996,2793.29,2786.1699999999996,2792.33,2167
2026-04-27T02:00:00+00:00,2792.33,2793.18,2790.0699999999997,2792.0699999999997,1216
2026-04-27T02:30:00+00:00,2792.0699999999997,2793.24,2790.6699999999996,2790.6699999999996,902
2026-04-27T03:00:00+00:00,2790.6699999999996,2793.14,2788.93,2789.79,1172
2026-04-27T03:30:00+00:00,2789.79,2790.3399999999997,2788.98,2789.1299999999997,905
2026-04-27T04:00:00+00:00,2789.1299999999997,2789.89,2787.49,2789.49,896
2026-04-27T04:30:00+00:00,2789.49,2790.04,2787.5699999999997,2788.12,915
2026-04-27T05:00:00+00:00,2788.12,2788.3799999999997,2783.72,2783.72,1676
2026-04-27T05:30:00+00:00,2783.72,2784.12,2781.33,2782.33,2006
2026-04-27T06:00:00+00:00,2782.33,2784.4399999999996,2780.99,2783.72,2058
2026-04-27T06:30:00+00:00,2783.72,2784.02,2781.22,2782.98,1905
2026-04-27T07:00:00+00:00,2782.98,2785.68,2781.8799999999997,2784.7799999999997,2748
2026-04-27T07:30:00+00:00,2784.7799999999997,2786.14,2783.87,2784.02,2116
2026-04-27T08:00:00+00:00,2784.02,2785.6299999999997,2781.7799999999997,2785.5699999999997,3119
2026-04-27T08:30:00+00:00,2785.5699999999997,2787.5299999999997,2785.0699999999997,2786.98,1516
2026-04-27T09:00:00+00:00,2786.98,2788.04,2786.22,2787.14,1357
2026-04-27T09:30:00+00:00,2787.14,2788.8199999999997,2786.9199999999996,2787.4399999999996,874
2026-04-27T10:00:00+00:00,2787.4399999999996,2788.52,2786.14,2787.79,1136
2026-04-27T10:30:00+00:00,2787.79,2791.2799999999997,2787.22,2790.39,1362
2026-04-27T11:00:00+00:00,2790.39,2792.1699999999996,2788.47,2791.6699999999996,1456
2026-04-27T11:30:00+00:00,2791.6699999999996,2792.3799999999997,2790.62,2791.6299999999997,1319
2026-04-27T12:00:00+00:00,2791.6299999999997,2793.3799999999997,2788.24,2790.37,1695
2026-04-27T12:30:00+00:00,2790.37,2790.8799999999997,2785.3399999999997,2786.08,2695
2026-04-27T13:00:00+00:00,2786.08,2789.18,2784.0299999999997,2788.8799999999997,4481
2026-04-27T13:30:00+00:00,2788.8799999999997,2803.04,2782.98,2793.5899999999997,30385
2026-04-27T14:00:00+00:00,2793.5899999999997,2796.37,2788.02,2788.1899999999996,20195
2026-04-27T14:30:00+00:00,2788.1899999999996,2796.74,2786.12,2790.23,15412
2026-04-27T15:00:00+00:00,2790.23,2791.29,2782.79,2785.3199999999997,13418
2026-04-27T15:30:00+00:00,2785.3199999999997,2790.02,2784.4399999999996,2788.98,10097
2026-04-27T16:00:00+00:00,2788.98,2790.79,2786.3799999999997,2786.83,6662
2026-04-27T16:30:00+00:00,2786.83,2787.7799999999997,2785.77,2787.0899999999997,4565
2026-04-27T17:00:00+00:00,2787.0899999999997,2790.74,2784.5899999999997,2789.3199999999997,6712
2026-04-27T17:30:00+00:00,2789.3199999999997,2792.1899999999996,2784.47,2786.52,6013
2026-04-27T18:00:00+00:00,2786.52,2788.54,2785.62,2787.27,3708
2026-04-27T18:30:00+00:00,2787.27,2789.48,2786.27,2787.6899999999996,4485
2026-04-27T19:00:00+00:00,2787.6899999999996,2791.39,2786.89,2789.48,4698
2026-04-27T19:30:00+00:00,2789.48,2791.6899999999996,2787.39,2791.5299999999997,6969
2026-04-27T20:00:00+00:00,2791.5299999999997,2791.8399999999997,2789.43,2790.39,1253
2026-04-27T20:30:00+00:00,2790.39,2792.98,2790.18,2792.2799999999997,554
2026-04-27T22:00:00+00:00,2792.2799999999997,2797.2799999999997,2789.1299999999997,2796.3199999999997,2113
2026-04-27T22:30:00+00:00,2796.3199999999997,2796.68,2795.02,2795.0899999999997,879
2026-04-27T23:00:00+00:00,2795.0899999999997,2795.73,2794.22,2795.6899999999996,669
2026-04-27T23:30:00+00:00,2795.6899999999996,2796.6899999999996,2795.27,2796.5299999999997,869
2026-04-28T00:00:00+00:00,2796.5299999999997,2799.39,2794.64,2796.37,4208
2026-04-28T00:30:00+00:00,2796.37,2797.5699999999997,2795.0699999999997,2795.73,2349
2026-04-28T01:00:00+00:00,2795.73,2797.54,2794.77,2797.2799999999997,2684
2026-04-28T01:30:00+00:00,2797.2799999999997,2798.79,2793.52,2793.99,3270
2026-04-28T02:00:00+00:00,2793.99,2795.54,2793.0299999999997,2794.68,2362
2026-04-28T02:30:00+00:00,2794.68,2794.68,2792.22,2792.8399999999997,1811
2026-04-28T03:00:00+00:00,2792.8399999999997,2795.04,2791.9399999999996,2794.77,1952
2026-04-28T03:30:00+00:00,2794.77,2795.79,2793.2799999999997,2793.58,1560
2026-04-28T04:00:00+00:00,2793.58,2794.93,2792.77,2794.5899999999997,1323
2026-04-28T04:30:00+00:00,2794.5899999999997,2795.74,2793.77,2793.8799999999997,1003
2026-04-28T05:00:00+00:00,2793.8799999999997,2794.24,2790.29,2792.3399999999997,2310
2026-04-28T05:30:00+00:00,2792.3399999999997,2792.3399999999997,2787.1699999999996,2788.5899999999997,2891
2026-04-28T06:00:00+00:00,2788.5899999999997,2789.5899999999997,2787.5699999999997,2788.77,2889
2026-04-28T06:30:00+00:00,2788.77,2789.1699999999996,2784.6699999999996,2786.6699999999996,3070
2026-04-28T07:00:00+00:00,2786.6699999999996,2786.98,2782.48,2784.8399999999997,4723
2026-04-28T07:30:00+00:00,2784.8399999999997,2788.5699999999997,2784.6299999999997,2788.2799999999997,4057
2026-04-28T08:00:00+00:00,2788.2799999999997,2792.68,2783.4199999999996,2792.5699999999997,5758
2026-04-28T08:30:00+00:00,2792.5699999999997,2792.68,2789.47,2791.14,3295
2026-04-28T09:00:00+00:00,2791.14,2792.14,2788.5699999999997,2789.8399999999997,4066
2026-04-28T09:30:00+00:00,2789.8399999999997,2790.14,2783.14,2783.97,3849
2026-04-28T10:00:00+00:00,2783.97,2785.6699999999996,2780.02,2781.1699999999996,3503
2026-04-28T10:30:00+00:00,2781.1699999999996,2784.39,2780.6699999999996,2783.29,3156
2026-04-28T11:00:00+00:00,2783.29,2785.18,2769.8199999999997,2771.39,6174
2026-04-28T11:30:00+00:00,2771.39,2772.14,2765.47,2767.79,7887
2026-04-28T12:00:00+00:00,2767.79,2772.77,2762.48,2764.4199999999996,10810
2026-04-28T12:30:00+00:00,2764.4199999999996,2776.8799999999997,2761.9199999999996,2775.9399999999996,6890
2026-04-28T13:00:00+00:00,2775.9399999999996,2780.1899999999996,2769.93,2778.49,7917
2026-04-28T13:30:00+00:00,2778.49,2787.8399999999997,2767.97,2768.04,36845
2026-04-28T14:00:00+00:00,2768.04,2769.43,2755.22,2755.5699999999997,24605
2026-04-28T14:30:00+00:00,2755.5699999999997,2758.3399999999997,2747.12,2755.72,32542
2026-04-28T15:00:00+00:00,2755.72,2759.8399999999997,2752.9199999999996,2753.5699999999997,24766
2026-04-28T15:30:00+00:00,2753.5699999999997,2754.3199999999997,2748.99,2752.58,17036
2026-04-28T16:00:00+00:00,2752.58,2754.99,2751.12,2753.58,13520
2026-04-28T16:30:00+00:00,2753.58,2754.8399999999997,2748.79,2753.93,12189
2026-04-28T17:00:00+00:00,2753.93,2755.27,2749.62,2752.27,8853
2026-04-28T17:30:00+00:00,2752.27,2757.33,2751.98,2756.22,7462
2026-04-28T18:00:00+00:00,2756.22,2757.43,2752.6699999999996,2756.54,7219
2026-04-28T18:30:00+00:00,2756.54,2756.9399999999996,2752.62,2755.93,5188
2026-04-28T19:00:00+00:00,2755.93,2759.0299999999997,2752.58,2752.8799999999997,6987
2026-04-28T19:30:00+00:00,2752.8799999999997,2758.04,2750.6299999999997,2757.6699999999996,9759
2026-04-28T20:00:00+00:00,2757.6699999999996,2762.33,2756.3199999999997,2759.72,2470
2026-04-28T20:30:00+00:00,2759.72,2760.5299999999997,2758.97,2760.02,1238
2026-04-28T22:00:00+00:00,2760.02,2762.0899999999997,2759.3799999999997,2761.0299999999997,839
2026-04-28T22:30:00+00:00,2761.0299999999997,2761.8399999999997,2760.62,2761.8399999999997,488
2026-04-28T23:00:00+00:00,2761.8399999999997,2762.1299999999997,2760.97,2761.54,414
2026-04-28T23:30:00+00:00,2761.54,2763.6899999999996,2761.54,2763.62,494
2026-04-29T00:00:00+00:00,2763.62,2767.48,2763.5899999999997,2767.3399999999997,1301
2026-04-29T00:30:00+00:00,2767.3399999999997,2768.3199999999997,2766.5899999999997,2766.99,799
2026-04-29T01:00:00+00:00,2766.99,2767.14,2759.58,2763.58,4159
2026-04-29T01:30:00+00:00,2763.58,2765.14,2762.72,2763.8199999999997,2363
2026-04-29T02:00:00+00:00,2763.8199999999997,2767.27,2763.7799999999997,2766.29,1775
2026-04-29T02:30:00+00:00,2766.29,2766.3399999999997,2764.23,2764.9199999999996,1283
2026-04-29T03:00:00+00:00,2764.9199999999996,2767.08,2764.8199999999997,2766.3199999999997,922
2026-04-29T03:30:00+00:00,2766.3199999999997,2766.3199999999997,2764.1699999999996,2764.62,649
2026-04-29T04:00:00+00:00,2764.62,2765.5899999999997,2764.62,2765.1299999999997,455
2026-04-29T04:30:00+00:00,2765.1299999999997,2766.58,2765.12,2765.47,641
2026-04-29T05:00:00+00:00,2765.47,2765.87,2763.8199999999997,2765.22,945
2026-04-29T05:30:00+00:00,2765.22,2766.6899999999996,2764.74,2765.83,766
2026-04-29T06:00:00+00:00,2765.83,2767.29,2764.37,2764.43,1423
2026-04-29T06:30:00+00:00,2764.43,2765.58,2761.6299999999997,2761.79,1606
2026-04-29T07:00:00+00:00,2761.79,2763.6899999999996,2759.62,2760.97,3141
2026-04-29T07:30:00+00:00,2760.97,2765.4199999999996,2760.3199999999997,2762.9399999999996,3852
2026-04-29T08:00:00+00:00,2762.9399999999996,2766.3799999999997,2757.48,2762.5899999999997,5014
2026-04-29T08:30:00+00:00,2762.5899999999997,2762.87,2757.3199999999997,2758.74,4044
2026-04-29T09:00:00+00:00,2758.74,2761.24,2756.3399999999997,2760.58,2955
2026-04-29T09:30:00+00:00,2760.58,2763.4399999999996,2755.77,2757.5899999999997,3112
2026-04-29T10:00:00+00:00,2757.5899999999997,2765.54,2756.5899999999997,2764.83,2627
2026-04-29T10:30:00+00:00,2764.83,2766.27,2763.4199999999996,2764.4199999999996,2211
2026-04-29T11:00:00+00:00,2764.4199999999996,2766.93,2763.64,2764.0299999999997,2670
2026-04-29T11:30:00+00:00,2764.0299999999997,2766.5299999999997,2762.6899999999996,2764.04,2487
2026-04-29T12:00:00+00:00,2764.04,2764.54,2759.58,2761.1899999999996,2930
2026-04-29T12:30:00+00:00,2761.1899999999996,2761.1899999999996,2752.18,2759.98,3849
2026-04-29T13:00:00+00:00,2759.98,2762.49,2754.3199999999997,2757.4199999999996,5486
2026-04-29T13:30:00+00:00,2757.4199999999996,2762.2799999999997,2743.0299999999997,2748.24,31216
2026-04-29T14:00:00+00:00,2748.24,2753.04,2743.48,2748.9399999999996,19758
2026-04-29T14:30:00+00:00,2748.9399999999996,2753.14,2745.29,2746.18,13106
2026-04-29T15:00:00+00:00,2746.18,2746.9399999999996,2738.0299999999997,2741.73,13859
2026-04-29T15:30:00+00:00,2741.73,2742.89,2728.29,2733.3199999999997,18213
2026-04-29T16:00:00+00:00,2733.3199999999997,2735.9399999999996,2730.22,2730.24,11024
2026-04-29T16:30:00+00:00,2730.24,2731.39,2726.08,2729.5699999999997,11716
2026-04-29T17:00:00+00:00,2729.5699999999997,2733.3799999999997,2726.77,2731.47,9637
2026-04-29T17:30:00+00:00,2731.47,2735.64,2727.72,2735.3799999999997,7095
2026-04-29T18:00:00+00:00,2735.3799999999997,2735.54,2721.43,2726.0299999999997,14897
2026-04-29T18:30:00+00:00,2726.0299999999997,2733.04,2720.79,2732.37,18333
2026-04-29T19:00:00+00:00,2732.37,2737.79,2728.9199999999996,2733.02,9726
2026-04-29T19:30:00+00:00,2733.02,2739.0899999999997,2728.7799999999997,2738.29,10226
2026-04-29T20:00:00+00:00,2738.29,2743.49,2726.47,2733.8799999999997,14389
2026-04-29T20:30:00+00:00,2733.8799999999997,2734.54,2727.8199999999997,2728.93,4425
2026-04-29T22:00:00+00:00,2728.93,2733.7599999999998,2723.29,2732.3399999999997,3320
2026-04-29T22:30:00+00:00,2732.3399999999997,2734.46,2731.56,2732.74,1645
2026-04-29T23:00:00+00:00,2732.74,2734.57,2732.2000000000003,2732.82,1035.5283108832996
2026-04-29T23:30:00+00:00,2732.82,2736.57,2732.82,2735.86,1436
2026-04-30T00:00:00+00:00,2735.86,2738.92,2734.52,2738.6200000000003,3474
2026-04-30T00:30:00+00:00,2738.6200000000003,2741.01,2737.76,2739.67,2265
2026-04-30T01:00:00+00:00,2739.67,2740.31,2737.65,2740.1600000000003,2184
2026-04-30T01:30:00+00:00,2740.1600000000003,2742.8,2738.56,2742.7200000000003,1992
2026-04-30T02:00:00+00:00,2742.7200000000003,2743.26,2737.9,2738.6200000000003,1502
2026-04-30T02:30:00+00:00,2738.6200000000003,2738.6200000000003,2727.15,2734.71,8422
2026-04-30T03:00:00+00:00,2734.71,2735.96,2730.2200000000003,2731.7200000000003,3579
2026-04-30T03:30:00+00:00,2731.7200000000003,2732.52,2730,2730.6200000000003,2855
2026-04-30T04:00:00+00:00,2730.6200000000003,2730.7200000000003,2724.4,2724.6600000000003,4483
2026-04-30T04:30:00+00:00,2724.6600000000003,2725.06,2720.56,2722.35,4206
2026-04-30T05:00:00+00:00,2722.35,2728.06,2722.35,2723.71,4067
2026-04-30T05:30:00+00:00,2723.71,2728.11,2721.75,2721.9100000000003,3283
2026-04-30T06:00:00+00:00,2721.9100000000003,2722.42,2716.55,2721.25,4890
2026-04-30T06:30:00+00:00,2721.25,2729.77,2721.25,2726.02,5009
2026-04-30T07:00:00+00:00,2726.02,2733,2724.4100000000003,2732.26,6938
2026-04-30T07:30:00+00:00,2732.26,2732.92,2729.7000000000003,2731.27,5047
2026-04-30T08:00:00+00:00,2731.27,2735.36,2731.06,2733.77,6099
2026-04-30T08:30:00+00:00,2733.77,2738.55,2733.55,2734.05,4551
2026-04-30T09:00:00+00:00,2734.05,2736.4100000000003,2729.9,2736.2000000000003,5063
2026-04-30T09:30:00+00:00,2736.2000000000003,2742.4700000000003,2732.71,2735.21,6413
2026-04-30T10:00:00+00:00,2735.21,2739.1,2735.15,2738.4500000000003,4343
2026-04-30T10:30:00+00:00,2738.4500000000003,2741.21,2732.35,2735.86,7611
2026-04-30T11:00:00+00:00,2735.86,2743.75,2735.35,2742.8700000000003,6077
2026-04-30T11:30:00+00:00,2742.8700000000003,2742.96,2735.51,2737.75,4118
2026-04-30T12:00:00+00:00,2737.75,2745.02,2737.35,2742.82,4217
2026-04-30T12:30:00+00:00,2742.82,2744,2737.36,2742.1200000000003,4837
2026-04-30T13:00:00+00:00,2742.1200000000003,2748.85,2739.25,2748.55,6065
2026-04-30T13:30:00+00:00,2748.55,2756.27,2741.8,2744.11,37220
2026-04-30T14:00:00+00:00,2744.11,2759.65,2744.01,2759.35,26473
2026-04-30T14:30:00+00:00,2759.35,2772.81,2756.46,2771.6,24277
2026-04-30T15:00:00+00:00,2771.6,2778.9100000000003,2767.5,2777.9,15320
2026-04-30T15:30:00+00:00,2777.9,2779.81,2772.65,2778.5,11783
2026-04-30T16:00:00+00:00,2778.5,2780.52,2775.26,2780.3700000000003,6942
2026-04-30T16:30:00+00:00,2780.3700000000003,2781.76,2777.7000000000003,2780.65,6512
2026-04-30T17:00:00+00:00,2780.65,2784.1200000000003,2780.21,2784.01,6691
2026-04-30T17:30:00+00:00,2784.01,2790,2784,2787.65,6918
2026-04-30T18:00:00+00:00,2787.65,2791.4500000000003,2787.3,2790.9700000000003,6078
2026-04-30T18:30:00+00:00,2790.9700000000003,2794.86,2790.55,2790.65,5794
2026-04-30T19:00:00+00:00,2790.65,2797.86,2790.25,2795.77,6036
2026-04-30T19:30:00+00:00,2795.77,2800.1,2793.81,2797.01,10533
2026-04-30T20:00:00+00:00,2797.01,2804.92,2796.9,2803.92,5051
2026-04-30T20:30:00+00:00,2803.92,2806.1600000000003,2802.46,2803.9500000000003,3192
2026-04-30T22:00:00+00:00,2803.9500000000003,2804.59,2800.58,2802.78,1623
2026-04-30T22:30:00+00:00,2802.78,2803.9900000000002,2801.42,2802.52,1224
2026-04-30T23:00:00+00:00,2802.52,2803.57,2801.28,2803.04,1120
2026-04-30T23:30:00+00:00,2803.04,2804.73,2802.13,2802.7400000000002,1173
2026-05-01T00:00:00+00:00,2802.7400000000002,2805.29,2799.13,2804.04,2550
2026-05-01T00:30:00+00:00,2804.04,2805.03,2800.58,2800.6800000000003,1342
2026-05-01T01:00:00+00:00,2800.6800000000003,2802.78,2799.2200000000003,2801.82,1108
2026-05-01T01:30:00+00:00,2801.82,2803.1800000000003,2801.19,2801.32,771
2026-05-01T02:00:00+00:00,2801.32,2801.4900000000002,2799.78,2800.32,542
2026-05-01T02:30:00+00:00,2800.32,2800.53,2799.23,2800.03,653
2026-05-01T03:00:00+00:00,2800.03,2802.52,2799.84,2801.6400000000003,596
2026-05-01T03:30:00+00:00,2801.6400000000003,2802.79,2799.7200000000003,2799.9900000000002,845
2026-05-01T04:00:00+00:00,2799.9900000000002,2800.09,2798.4900000000002,2799.48,788
2026-05-01T04:30:00+00:00,2799.48,2799.8900000000003,2798.6200000000003,2798.98,589
2026-05-01T05:00:00+00:00,2798.98,2800.73,2798.48,2800.52,845
2026-05-01T05:30:00+00:00,2800.52,2800.69,2799.1200000000003,2799.54,645
2026-05-01T06:00:00+00:00,2799.54,2800.83,2798.73,2799.17,1107
2026-05-01T06:30:00+00:00,2799.17,2799.4900000000002,2796.6800000000003,2797.48,1331
2026-05-01T07:00:00+00:00,2797.48,2800.6400000000003,2797.3700000000003,2798.98,1649
2026-05-01T07:30:00+00:00,2798.98,2798.98,2795.28,2795.54,1201
2026-05-01T08:00:00+00:00,2795.54,2796.34,2794.09,2795.79,1373
2026-05-01T08:30:00+00:00,2795.79,2796.03,2794.02,2795.4700000000003,985
2026-05-01T09:00:00+00:00,2795.4700000000003,2795.78,2793.4700000000003,2794.7400000000002,1029
2026-05-01T09:30:00+00:00,2794.7400000000002,2795.29,2793.82,2794.42,869
2026-05-01T10:00:00+00:00,2794.42,2794.84,2793.2200000000003,2793.27,777
2026-05-01T10:30:00+00:00,2793.27,2795.9700000000003,2791.27,2795.83,978
2026-05-01T11:00:00+00:00,2795.83,2796.78,2793.1400000000003,2796.27,1369
2026-05-01T11:30:00+00:00,2796.27,2797.54,2795.02,2797.2200000000003,1147
2026-05-01T12:00:00+00:00,2797.2200000000003,2808.84,2796.57,2804.13,4180
2026-05-01T12:30:00+00:00,2804.13,2805.82,2798.98,2799.27,2423
2026-05-01T13:00:00+00:00,2799.27,2804.19,2798.98,2803.7400000000002,2451
2026-05-01T13:30:00+00:00,2803.7400000000002,2804.9300000000003,2782.8700000000003,2799.88,28015
2026-05-01T14:00:00+00:00,2799.88,2811.54,2798.1200000000003,2807.1400000000003,17156
2026-05-01T14:30:00+00:00,2807.1400000000003,2807.2400000000002,2797.08,2798.2400000000002,16703
2026-05-01T15:00:00+00:00,2798.2400000000002,2803.78,2795.52,2803.42,13495
2026-05-01T15:30:00+00:00,2803.42,2810.88,2801.7400000000002,2805.92,10117
2026-05-01T16:00:00+00:00,2805.92,2809.63,2801.69,2802.54,9717
2026-05-01T16:30:00+00:00,2802.54,2805.52,2799.38,2803.7200000000003,7196
2026-05-01T17:00:00+00:00,2803.7200000000003,2811.79,2803.28,2811.4300000000003,4664
2026-05-01T17:30:00+00:00,2811.4300000000003,2814.07,2810.6800000000003,2812.49,4601.927005030787
2026-05-01T18:00:00+00:00,2812.49,2813.24,2806.17,2812.34,6462
2026-05-01T18:30:00+00:00,2812.34,2813.08,2806.63,2806.87,6408
2026-05-01T19:00:00+00:00,2806.87,2815.33,2806.17,2813.52,4748
2026-05-01T19:30:00+00:00,2813.52,2814.0299999999997,2808.72,2809.79,7207
2026-05-01T20:00:00+00:00,2809.79,2810.14,2804.83,2805.74,1830
2026-05-01T20:30:00+00:00,2805.74,2806.34,2804.13,2804.58,451
2026-05-03T22:00:00+00:00,2804.58,2823.5099999999998,2804.58,2817.32,2051
2026-05-03T22:30:00+00:00,2817.32,2821.61,2815.9,2817.91,960
2026-05-03T23:00:00+00:00,2817.91,2821.81,2816.2,2817.7,912
2026-05-03T23:30:00+00:00,2817.7,2819.31,2814.7,2817,1332
2026-05-04T00:00:00+00:00,2817,2818.56,2812.9,2815.75,3929
2026-05-04T00:30:00+00:00,2815.75,2819.12,2815.15,2818.67,1930
2026-05-04T01:00:00+00:00,2818.67,2818.92,2814.31,2815.75,2532
2026-05-04T01:30:00+00:00,2815.75,2817.37,2815.2,2816.36,1790
2026-05-04T02:00:00+00:00,2816.36,2816.7599999999998,2811.7999999999997,2812.21,2165
2026-05-04T02:30:00+00:00,2812.21,2815.17,2812.06,2813.47,1372
2026-05-04T03:00:00+00:00,2813.47,2814.77,2812.95,2813.21,1041
2026-05-04T03:30:00+00:00,2813.21,2813.46,2811.6,2812.35,1535
2026-05-04T04:00:00+00:00,2812.35,2813.71,2811.5,2812.92,886
2026-05-04T04:30:00+00:00,2812.92,2813.37,2811.5499999999997,2812.12,661
2026-05-04T05:00:00+00:00,2812.12,2817.71,2811.56,2813.32,1755
2026-05-04T05:30:00+00:00,2813.32,2815.97,2812.71,2814.25,1096
2026-05-04T06:00:00+00:00,2814.25,2815.21,2811.56,2813.72,2353
2026-05-04T06:30:00+00:00,2813.72,2814.37,2809.25,2811.42,2869
2026-05-04T07:00:00+00:00,2811.42,2815.17,2809.45,2813.87,3596
2026-05-04T07:30:00+00:00,2813.87,2814.35,2809.35,2809.66,2139
2026-05-04T08:00:00+00:00,2809.66,2809.81,2804.7999999999997,2809.35,3908
2026-05-04T08:30:00+00:00,2809.35,2811.12,2808.72,2809.87,2401
2026-05-04T09:00:00+00:00,2809.87,2812.32,2809.12,2810.2599999999998,2152
2026-05-04T09:30:00+00:00,2810.2599999999998,2812.5,2809.1,2809.6,1787
2026-05-04T10:00:00+00:00,2809.6,2810.62,2778,2789.27,18337
2026-05-04T10:30:00+00:00,2789.27,2803.11,2788.2,2800.25,9196
2026-05-04T11:00:00+00:00,2800.25,2804.42,2797.5499999999997,2800.7999999999997,6041
2026-05-04T11:30:00+00:00,2800.7999999999997,2802.35,2793.12,2798.17,6580
2026-05-04T12:00:00+00:00,2798.17,2804.96,2797.85,2803.92,4744
2026-05-04T12:30:00+00:00,2803.92,2806.95,2801.95,2802.86,3550
2026-05-04T13:00:00+00:00,2802.86,2807.77,2796.75,2804.15,10884
2026-05-04T13:30:00+00:00,2804.15,2818.82,2795.7999999999997,2815.11,33714
2026-05-04T14:00:00+00:00,2815.11,2823.72,2811.46,2817.46,20949
2026-05-04T14:30:00+00:00,2817.46,2825.82,2816.45,2818.36,15457
2026-05-04T15:00:00+00:00,2818.36,2821.87,2798.65,2804,29242
2026-05-04T15:30:00+00:00,2804,2804.52,2789.7599999999998,2793.67,26479
2026-05-04T16:00:00+00:00,2793.67,2795.57,2777.85,2787.42,24945
2026-05-04T16:30:00+00:00,2787.42,2789.95,2782.92,2783.41,14747
2026-05-04T17:00:00+00:00,2783.41,2795.85,2781.82,2795.0099999999998,15593
2026-05-04T17:30:00+00:00,2795.0099999999998,2798.5099999999998,2789.86,2797.25,9619
2026-05-04T18:00:00+00:00,2797.25,2801.72,2794.02,2797.36,10581
2026-05-04T18:30:00+00:00,2797.36,2798.02,2792.4,2794.41,10179
2026-05-04T19:00:00+00:00,2794.41,2799.52,2792.56,2793.27,10615
2026-05-04T19:30:00+00:00,2793.27,2796.81,2792.17,2796.65,9783
2026-05-04T20:00:00+00:00,2796.65,2796.65,2790.95,2794.27,2428
2026-05-04T20:30:00+00:00,2794.27,2795,2793.0499999999997,2794.2999999999997,1005
2026-05-04T22:00:00+00:00,2794.2999999999997,2798.15,2793.75,2798.04,1073
2026-05-04T22:30:00+00:00,2798.04,2798.68,2794.68,2795.1,835
2026-05-04T23:00:00+00:00,2795.1,2796.0299999999997,2793.63,2795.73,793
2026-05-04T23:30:00+00:00,2795.73,2796.0499999999997,2794.4,2795.49,825
2026-05-05T00:00:00+00:00,2795.49,2799.54,2793.79,2794.83,2541
2026-05-05T00:30:00+00:00,2794.83,2798.49,2794.2999999999997,2797.7,2034
2026-05-05T01:00:00+00:00,2797.7,2798.54,2795.0299999999997,2797.45,2004
2026-05-05T01:30:00+00:00,2797.45,2800.7799999999997,2796.5499999999997,2799.24,2439
2026-05-05T02:00:00+00:00,2799.24,2802.45,2799.23,2802.35,1372
2026-05-05T02:30:00+00:00,2802.35,2803.65,2799.35,2801.39,1510
2026-05-05T03:00:00+00:00,2801.39,2804.69,2801.2799999999997,2804.0299999999997,878
2026-05-05T03:30:00+00:00,2804.0299999999997,2805,2803.5299999999997,2804.18,682
2026-05-05T04:00:00+00:00,2804.18,2805.64,2804.14,2804.58,750
2026-05-05T04:30:00+00:00,2804.58,2805.88,2803.58,2803.83,1128
2026-05-05T05:00:00+00:00,2803.83,2806.0499999999997,2802.98,2804.58,1170
2026-05-05T05:30:00+00:00,2804.58,2807.1,2803.48,2806.58,1548
2026-05-05T06:00:00+00:00,2806.58,2809.14,2800.45,2801.99,2855
2026-05-05T06:30:00+00:00,2801.99,2807.4,2801.88,2807.08,2616
2026-05-05T07:00:00+00:00,2807.08,2811.7,2806.13,2809.43,3607
2026-05-05T07:30:00+00:00,2809.43,2814.2999999999997,2807.74,2809.2,4205
2026-05-05T08:00:00+00:00,2809.2,2813.59,2808.93,2811.73,3548
2026-05-05T08:30:00+00:00,2811.73,2813.6,2810.09,2810.49,2687
2026-05-05T09:00:00+00:00,2810.49,2811.29,2808.39,2810.88,2540
2026-05-05T09:30:00+00:00,2810.88,2815,2810.83,2812.65,2060
2026-05-05T10:00:00+00:00,2812.65,2812.98,2810.73,2811.73,1849
2026-05-05T10:30:00+00:00,2811.73,2815.4,2808.23,2809.65,2585
2026-05-05T11:00:00+00:00,2809.65,2811.0299999999997,2804.68,2809.7999999999997,3399
2026-05-05T11:30:00+00:00,2809.7999999999997,2814.7799999999997,2809.7799999999997,2814.48,2055
2026-05-05T12:00:00+00:00,2814.48,2821.25,2812.58,2820.93,4478
2026-05-05T12:30:00+00:00,2820.93,2821.5299999999997,2816.85,2818.34,1849
2026-05-05T13:00:00+00:00,2818.34,2821.4,2816.34,2818.75,3372
2026-05-05T13:30:00+00:00,2818.75,2826.7999999999997,2817.35,2822.73,21317
2026-05-05T14:00:00+00:00,2822.73,2841.49,2820.94,2839.48,21941
2026-05-05T14:30:00+00:00,2839.48,2839.6,2831.18,2837.0299999999997,12769
2026-05-05T15:00:00+00:00,2837.0299999999997,2841.35,2835.48,2838.93,9274
2026-05-05T15:30:00+00:00,2838.93,2839.68,2834.34,2837.85,8145
2026-05-05T16:00:00+00:00,2837.85,2842.75,2837.58,2841.04,6179
2026-05-05T16:30:00+00:00,2841.04,2841.5,2834.43,2834.74,5797
2026-05-05T17:00:00+00:00,2834.74,2838.79,2833.73,2838.45,4847
2026-05-05T17:30:00+00:00,2838.45,2841.73,2838.08,2838.89,4472
2026-05-05T18:00:00+00:00,2838.89,2843.08,2838.89,2840.93,4188
2026-05-05T18:30:00+00:00,2840.93,2845.79,2840.54,2844.95,4063
2026-05-05T19:00:00+00:00,2844.95,2847.65,2841.93,2842.0499999999997,5330
2026-05-05T19:30:00+00:00,2842.0499999999997,2846.0499999999997,2840.15,2844.04,8607
2026-05-05T20:00:00+00:00,2844.04,2846.79,2841.29,2841.84,3311
2026-05-05T20:30:00+00:00,2841.84,2842.35,2838.63,2840.63,1663
2026-05-05T22:00:00+00:00,2840.63,2843.29,2839.09,2841.92,1519
2026-05-05T22:30:00+00:00,2841.92,2860.33,2841.73,2860.2799999999997,3705
2026-05-05T23:00:00+00:00,2860.2799999999997,2861.33,2854.23,2854.88,2946
2026-05-05T23:30:00+00:00,2854.88,2856.39,2851.52,2851.88,1621
2026-05-06T00:00:00+00:00,2851.88,2853.07,2848.82,2849.08,4839
2026-05-06T00:30:00+00:00,2849.08,2851.63,2848.58,2851.22,3059
2026-05-06T01:00:00+00:00,2851.22,2853.74,2849.43,2849.88,2562
2026-05-06T01:30:00+00:00,2849.88,2852.69,2848.92,2850.97,2681
2026-05-06T02:00:00+00:00,2850.97,2851.54,2848.12,2848.24,2485
2026-05-06T02:30:00+00:00,2848.24,2849.0299999999997,2847.17,2847.92,1697
2026-05-06T03:00:00+00:00,2847.92,2849.38,2847.22,2849.0299999999997,1432
2026-05-06T03:30:00+00:00,2849.0299999999997,2851.29,2848.48,2848.98,1198
2026-05-06T04:00:00+00:00,2848.98,2849.39,2847.33,2848.74,1334
2026-05-06T04:30:00+00:00,2848.74,2849.43,2847.29,2848.52,1946
2026-05-06T05:00:00+00:00,2848.52,2849.14,2846.62,2848.54,1536
2026-05-06T05:30:00+00:00,2848.54,2850.63,2847.37,2849.99,1562
2026-05-06T06:00:00+00:00,2849.99,2852.69,2849.37,2850.08,2511
2026-05-06T06:30:00+00:00,2850.08,2850.23,2845.94,2848.72,2567
2026-05-06T07:00:00+00:00,2848.72,2850.69,2847.57,2849.79,3640
2026-05-06T07:30:00+00:00,2849.79,2852.57,2847.92,2851.82,2965
2026-05-06T08:00:00+00:00,2851.82,2854.79,2850.42,2851.43,3627
2026-05-06T08:30:00+00:00,2851.43,2874.44,2851.32,2869.57,9916
2026-05-06T09:00:00+00:00,2869.57,2875.29,2863.54,2874.39,7841
2026-05-06T09:30:00+00:00,2874.39,2885.94,2873.27,2885.32,6034
2026-05-06T10:00:00+00:00,2885.32,2896.99,2885.17,2895.73,6102
2026-05-06T10:30:00+00:00,2895.73,2908.02,2893.27,2905.27,8465
2026-05-06T11:00:00+00:00,2905.27,2909.77,2898.07,2898.33,8010
2026-05-06T11:30:00+00:00,2898.33,2901.98,2891.87,2892.98,7384
2026-05-06T12:00:00+00:00,2892.98,2893.93,2878.82,2882.69,9662
2026-05-06T12:30:00+00:00,2882.69,2885.94,2875.88,2877.94,6048
2026-05-06T13:00:00+00:00,2877.94,2878.57,2870.09,2871.74,11251
2026-05-06T13:30:00+00:00,2871.74,2875.64,2857.98,2859.87,32200
2026-05-06T14:00:00+00:00,2859.87,2862.54,2851.5299999999997,2856.17,22032
2026-05-06T14:30:00+00:00,2856.17,2874.72,2855.97,2872.22,16915
2026-05-06T15:00:00+00:00,2872.22,2879.59,2871.98,2877.94,12731
2026-05-06T15:30:00+00:00,2877.94,2878.39,2866.52,2869.74,12371
2026-05-06T16:00:00+00:00,2869.74,2872.87,2866.93,2871.14,8615
2026-05-06T16:30:00+00:00,2871.14,2873.32,2867.02,2869.47,9166
2026-05-06T17:00:00+00:00,2869.47,2876.99,2868.49,2875.98,7554
2026-05-06T17:30:00+00:00,2875.98,2878.92,2874.62,2875.59,5706
2026-05-06T18:00:00+00:00,2875.59,2881.24,2874.87,2880.32,6312
2026-05-06T18:30:00+00:00,2880.32,2882.2799999999997,2877.62,2879.13,6106
2026-05-06T19:00:00+00:00,2879.13,2885.63,2879.02,2882.67,6751
2026-05-06T19:30:00+00:00,2882.67,2889.09,2882.07,2886.7799999999997,9554
2026-05-06T20:00:00+00:00,2886.7799999999997,2887.62,2883.57,2885.14,3266
2026-05-06T20:30:00+00:00,2885.14,2885.14,2881.04,2883.33,1851
2026-05-06T22:00:00+00:00,2883.33,2885.57,2881.16,2881.48,1918
2026-05-06T22:30:00+00:00,2881.48,2882.46,2881.0099999999998,2881.36,1229
2026-05-06T23:00:00+00:00,2881.36,2881.94,2880.54,2881.4300000000003,1186.1522549145575
2026-05-06T23:30:00+00:00,2881.4300000000003,2882.89,2880.6800000000003,2881.7400000000002,1843
2026-05-07T00:00:00+00:00,2881.7400000000002,2885.54,2881.4900000000002,2882.53,6867
2026-05-07T00:30:00+00:00,2882.53,2885.94,2882.02,2885.38,3751
2026-05-07T01:00:00+00:00,2885.38,2887.39,2882.94,2887.1800000000003,4088
2026-05-07T01:30:00+00:00,2887.1800000000003,2890.84,2887.02,2888.83,3014
2026-05-07T02:00:00+00:00,2888.83,2890.23,2886.2400000000002,2888.02,3512
2026-05-07T02:30:00+00:00,2888.02,2889.9900000000002,2887.17,2889.44,2757
2026-05-07T03:00:00+00:00,2889.44,2890.2200000000003,2887.77,2889.04,2441
2026-05-07T03:30:00+00:00,2889.04,2890.59,2888.98,2889.73,1495
2026-05-07T04:00:00+00:00,2889.73,2891.33,2888.9700000000003,2890.48,1695
2026-05-07T04:30:00+00:00,2890.48,2890.98,2889.58,2890.4900000000002,1360
2026-05-07T05:00:00+00:00,2890.4900000000002,2891.54,2888.87,2889.64,1846
2026-05-07T05:30:00+00:00,2889.64,2890.84,2889.02,2889.03,1715
2026-05-07T06:00:00+00:00,2889.03,2890.39,2886.78,2889.48,2555
2026-05-07T06:30:00+00:00,2889.48,2896.6800000000003,2888.6800000000003,2892.14,3955
2026-05-07T07:00:00+00:00,2892.14,2898.98,2889.6800000000003,2893.79,8595
2026-05-07T07:30:00+00:00,2893.79,2895.7400000000002,2890.92,2892.42,4921
2026-05-07T08:00:00+00:00,2892.42,2894.59,2887.17,2889.63,7157
2026-05-07T08:30:00+00:00,2889.63,2890.54,2886.82,2887.89,4287
2026-05-07T09:00:00+00:00,2887.89,2888.69,2884.87,2887.87,3503
2026-05-07T09:30:00+00:00,2887.87,2888.73,2883.89,2885.57,2899
2026-05-07T10:00:00+00:00,2885.57,2886.84,2883.53,2885.38,2929
2026-05-07T10:30:00+00:00,2885.38,2885.9300000000003,2883.14,2885.33,3631
2026-05-07T11:00:00+00:00,2885.33,2886.19,2882.89,2884.39,4297
2026-05-07T11:30:00+00:00,2884.39,2886.4300000000003,2883.28,2885.57,3132
2026-05-07T12:00:00+00:00,2885.57,2889.52,2883.59,2889.52,3080
2026-05-07T12:30:00+00:00,2889.52,2892.19,2887.4900000000002,2889.82,3185
2026-05-07T13:00:00+00:00,2889.82,2894.23,2885.17,2893.87,4546
2026-05-07T13:30:00+00:00,2893.87,2893.87,2861.78,2863.67,31001
2026-05-07T14:00:00+00:00,2863.67,2869.23,2861.07,2863.69,19624
2026-05-07T14:30:00+00:00,2863.69,2876.14,2863.69,2875.57,14087
2026-05-07T15:00:00+00:00,2875.57,2876.39,2863.9900000000002,2867.32,14655
2026-05-07T15:30:00+00:00,2867.32,2869.89,2857.4700000000003,2858.78,14337
2026-05-07T16:00:00+00:00,2858.78,2859.69,2846.12,2851.92,24088
2026-05-07T16:30:00+00:00,2851.92,2853.54,2840.29,2843.02,17810
2026-05-07T17:00:00+00:00,2843.02,2847.63,2829.4900000000002,2833.38,20986
2026-05-07T17:30:00+00:00,2833.38,2842.63,2830.13,2842.12,21296
2026-05-07T18:00:00+00:00,2842.12,2847.58,2839.77,2841.57,14820
2026-05-07T18:30:00+00:00,2841.57,2844.04,2831.67,2837.88,15763
2026-05-07T19:00:00+00:00,2837.88,2840.13,2832.87,2835.2400000000002,13736
2026-05-07T19:30:00+00:00,2835.2400000000002,2841.54,2834.73,2841.32,14597
2026-05-07T20:00:00+00:00,2841.32,2851.4900000000002,2837.42,2845.07,6153
2026-05-07T20:30:00+00:00,2845.07,2845.98,2836.17,2837.33,7193
2026-05-07T22:00:00+00:00,2837.33,2838.23,2829.32,2836.9900000000002,3758
2026-05-07T22:30:00+00:00,2836.9900000000002,2837.29,2831.12,2832.77,1980
2026-05-07T23:00:00+00:00,2832.77,2836.08,2832.27,2835.83,1503
2026-05-07T23:30:00+00:00,2835.83,2840.19,2835.28,2840.07,1029
2026-05-08T00:00:00+00:00,2840.07,2845.64,2840.02,2841.13,3418
2026-05-08T00:30:00+00:00,2841.13,2842.67,2839.7200000000003,2842.39,2795
2026-05-08T01:00:00+00:00,2842.39,2845.88,2842.39,2843.58,3094
2026-05-08T01:30:00+00:00,2843.58,2843.9900000000002,2841.02,2841.07,2347
2026-05-08T02:00:00+00:00,2841.07,2842.34,2840.07,2841.6800000000003,2519
2026-05-08T02:30:00+00:00,2841.6800000000003,2844.44,2837.28,2841.7200000000003,3703
2026-05-08T03:00:00+00:00,2841.7200000000003,2842.7400000000002,2840.83,2842.29,2387
2026-05-08T03:30:00+00:00,2842.29,2844.64,2840.82,2842.39,2635
2026-05-08T04:00:00+00:00,2842.39,2842.94,2840.37,2842.02,2156
2026-05-08T04:30:00+00:00,2842.02,2844.58,2840.02,2843.09,2401
2026-05-08T05:00:00+00:00,2843.09,2844.58,2842.57,2844.13,2715
2026-05-08T05:30:00+00:00,2844.13,2846.13,2843.4700000000003,2844.09,3017
2026-05-08T06:00:00+00:00,2844.09,2848.17,2842.23,2847.48,3984
2026-05-08T06:30:00+00:00,2847.48,2848.23,2844.79,2845.94,3453
2026-05-08T07:00:00+00:00,2845.94,2846.19,2841.78,2843.54,4976
2026-05-08T07:30:00+00:00,2843.54,2846.33,2841.69,2845.28,3822
2026-05-08T08:00:00+00:00,2845.28,2848.1800000000003,2844.27,2847.73,3984
2026-05-08T08:30:00+00:00,2847.73,2850.33,2847.63,2849.69,3333
2026-05-08T09:00:00+00:00,2849.69,2852.59,2849.34,2850.12,2819
2026-05-08T09:30:00+00:00,2850.12,2850.29,2846.52,2848.73,3321
2026-05-08T10:00:00+00:00,2848.73,2852.59,2848.58,2851.79,2391
2026-05-08T10:30:00+00:00,2851.79,2854.87,2849.73,2851.84,2879
2026-05-08T11:00:00+00:00,2851.84,2854.84,2851.7200000000003,2854.54,3221
2026-05-08T11:30:00+00:00,2854.54,2858.17,2854.32,2857.7200000000003,2015
2026-05-08T12:00:00+00:00,2857.7200000000003,2858.29,2855.39,2857.63,2616
2026-05-08T12:30:00+00:00,2857.63,2866.92,2853.48,2855.9700000000003,6239
2026-05-08T13:00:00+00:00,2855.9700000000003,2858.4700000000003,2851.4300000000003,2858.09,6311
2026-05-08T13:30:00+00:00,2858.09,2859.4700000000003,2844.03,2846.28,27544
2026-05-08T14:00:00+00:00,2846.28,2855.34,2844.29,2849.52,18040
2026-05-08T14:30:00+00:00,2849.52,2854.34,2846.52,2850.7400000000002,14420
2026-05-08T15:00:00+00:00,2850.7400000000002,2852.33,2845.33,2849.13,12714
2026-05-08T15:30:00+00:00,2849.13,2854.29,2846.32,2852.54,11862
2026-05-08T16:00:00+00:00,2852.54,2857.58,2850.4700000000003,2854.67,7844
2026-05-08T16:30:00+00:00,2854.67,2857.42,2852.38,2852.48,7428
2026-05-08T17:00:00+00:00,2852.48,2859.4700000000003,2850.7200000000003,2857.27,7751
2026-05-08T17:30:00+00:00,2857.27,2860.39,2855.42,2857.9300000000003,6591
2026-05-08T18:00:00+00:00,2857.9300000000003,2867.69,2857.53,2863.9300000000003,8130
2026-05-08T18:30:00+00:00,2863.9300000000003,2865.4300000000003,2851.7200000000003,2852.17,9091
2026-05-08T19:00:00+00:00,2852.17,2859.9900000000002,2851.88,2856.12,7632
2026-05-08T19:30:00+00:00,2856.12,2862.34,2855.38,2859.59,9187
2026-05-08T20:00:00+00:00,2859.59,2862.7400000000002,2858.53,2859.7200000000003,1788
2026-05-08T20:30:00+00:00,2859.7200000000003,2860.23,2859.02,2860.03,326
2026-05-10T22:00:00+00:00,2860.03,2860.03,2838.89,2845.59,2756
2026-05-10T22:30:00+00:00,2845.59,2850.55,2844.55,2849.54,1205
2026-05-10T23:00:00+00:00,2849.54,2851.3800000000006,2848.8200000000006,2848.9700000000003,1243.8567639257294
2026-05-10T23:30:00+00:00,2848.9700000000003,2849.7400000000002,2845.8200000000006,2846.9900000000002,1606
2026-05-11T00:00:00+00:00,2846.9900000000002,2851.4300000000003,2846.0700000000006,2849.6300000000006,3360
2026-05-11T00:30:00+00:00,2849.6300000000006,2850.53,2841.6200000000003,2844.3700000000003,3800
2026-05-11T01:00:00+00:00,2844.3700000000003,2849.4200000000005,2842.8800000000006,2847.9300000000003,3649
2026-05-11T01:30:00+00:00,2847.9300000000003,2848.3700000000003,2845.7700000000004,2847.9900000000002,2351
2026-05-11T02:00:00+00:00,2847.9900000000002,2849.1900000000005,2847.2700000000004,2848.8700000000003,1737
2026-05-11T02:30:00+00:00,2848.8700000000003,2849.6700000000005,2847.6300000000006,2847.9700000000003,1268
2026-05-11T03:00:00+00:00,2847.9700000000003,2851.1800000000003,2845.7300000000005,2850.8400000000006,1551
2026-05-11T03:30:00+00:00,2850.8400000000006,2852.8900000000003,2849.8700000000003,2849.9300000000003,1167
2026-05-11T04:00:00+00:00,2849.9300000000003,2851.6900000000005,2848.4400000000005,2851.1700000000005,934
2026-05-11T04:30:00+00:00,2851.1700000000005,2851.53,2849.7200000000003,2850.6900000000005,769
2026-05-11T05:00:00+00:00,2850.6900000000005,2851.9300000000003,2849.6900000000005,2851.6200000000003,1087
2026-05-11T05:30:00+00:00,2851.6200000000003,2852.1400000000003,2849.4700000000003,2850.6400000000003,1400
2026-05-11T06:00:00+00:00,2850.6400000000003,2853.3700000000003,2850.3200000000006,2852.5900000000006,1616
2026-05-11T06:30:00+00:00,2852.5900000000006,2853.7200000000003,2850.4300000000003,2853.4200000000005,1500
2026-05-11T07:00:00+00:00,2853.4200000000005,2854.9300000000003,2851.8300000000004,2852.3900000000003,2375
2026-05-11T07:30:00+00:00,2852.3900000000003,2854.4900000000002,2851.3700000000003,2853.1300000000006,2091
2026-05-11T08:00:00+00:00,2853.1300000000006,2856.5200000000004,2851.9700000000003,2854.4700000000003,3232
2026-05-11T08:30:00+00:00,2854.4700000000003,2856.0900000000006,2853.7200000000003,2854.3400000000006,2346
2026-05-11T09:00:00+00:00,2854.3400000000006,2857.0800000000004,2853.5700000000006,2856.2300000000005,1938
2026-05-11T09:30:00+00:00,2856.2300000000005,2859.0900000000006,2855.7300000000005,2855.7700000000004,1784
2026-05-11T10:00:00+00:00,2855.7700000000004,2859.4300000000003,2855.4200000000005,2857.9200000000005,1746
2026-05-11T10:30:00+00:00,2857.9200000000005,2859.0400000000004,2855.6300000000006,2855.6700000000005,1885
2026-05-11T11:00:00+00:00,2855.6700000000005,2858.6900000000005,2854.7300000000005,2858.5800000000004,1998
2026-05-11T11:30:00+00:00,2858.5800000000004,2860.9200000000005,2853.5200000000004,2857.53,2142
2026-05-11T12:00:00+00:00,2857.53,2861.8900000000003,2856.4200000000005,2861.4900000000002,2359
2026-05-11T12:30:00+00:00,2861.4900000000002,2865.1200000000003,2856.4200000000005,2860.03,3417
2026-05-11T13:00:00+00:00,2860.03,2868.6800000000003,2859.4800000000005,2867.8300000000004,3187
2026-05-11T13:30:00+00:00,2867.8300000000004,2881.8400000000006,2864.0700000000006,2879.8700000000003,32471
2026-05-11T14:00:00+00:00,2879.8700000000003,2888.78,2877.0200000000004,2883.1300000000006,18004
2026-05-11T14:30:00+00:00,2883.1300000000006,2884.3800000000006,2875.9300000000003,2880.4400000000005,16839
2026-05-11T15:00:00+00:00,2880.4400000000005,2884.5900000000006,2876.7300000000005,2881.3300000000004,11497
2026-05-11T15:30:00+00:00,2881.3300000000004,2883.9400000000005,2879.3400000000006,2880.3200000000006,10388
2026-05-11T16:00:00+00:00,2880.3200000000006,2881.5800000000004,2878.0400000000004,2880.0400000000004,6833
2026-05-11T16:30:00+00:00,2880.0400000000004,2882.4400000000005,2871.3300000000004,2877.1900000000005,11159
2026-05-11T17:00:00+00:00,2877.1900000000005,2884.7700000000004,2875.0700000000006,2883.7900000000004,7695
2026-05-11T17:30:00+00:00,2883.7900000000004,2887.8200000000006,2881.3700000000003,2882.2900000000004,6547
2026-05-11T18:00:00+00:00,2882.2900000000004,2884.4800000000005,2880.7400000000002,2883.3300000000004,6498
2026-05-11T18:30:00+00:00,2883.3300000000004,2884.2400000000002,2877.4700000000003,2877.7700000000004,7455
2026-05-11T19:00:00+00:00,2877.7700000000004,2880.53,2871.1200000000003,2871.9300000000003,9160
2026-05-11T19:30:00+00:00,2871.9300000000003,2873.5700000000006,2867.1200000000003,2871.7400000000002,9252
2026-05-11T20:00:00+00:00,2871.7400000000002,2872.53,2867.0200000000004,2870.5200000000004,3215
2026-05-11T20:30:00+00:00,2870.5200000000004,2872.4900000000002,2869.6700000000005,2871.9900000000002,1150
2026-05-11T22:00:00+00:00,2871.9900000000002,2875.2700000000004,2869.3600000000006,2874.9200000000005,915
2026-05-11T22:30:00+00:00,2874.9200000000005,2876.6600000000003,2874.6500000000005,2874.8600000000006,568
2026-05-11T23:00:00+00:00,2874.8600000000006,2875.6100000000006,2873.3500000000004,2874.2100000000005,599
2026-05-11T23:30:00+00:00,2874.2100000000005,2874.3600000000006,2871.8500000000004,2873.1100000000006,1054
2026-05-12T00:00:00+00:00,2873.1100000000006,2873.2100000000005,2867.4500000000003,2868.7000000000003,5013
2026-05-12T00:30:00+00:00,2868.7000000000003,2868.8200000000006,2865.3600000000006,2866.3500000000004,2265
2026-05-12T01:00:00+00:00,2866.3500000000004,2867.9700000000003,2862.2100000000005,2863.2100000000005,3663
2026-05-12T01:30:00+00:00,2863.2100000000005,2863.6200000000003,2853.3,2860.4000000000005,8225
2026-05-12T02:00:00+00:00,2860.4000000000005,2865.9700000000003,2859.8600000000006,2865.0600000000004,5461
2026-05-12T02:30:00+00:00,2865.0600000000004,2867.5200000000004,2863.8500000000004,2866.51,3991
2026-05-12T03:00:00+00:00,2866.51,2867.8200000000006,2864.5600000000004,2865.26,2989
2026-05-12T03:30:00+00:00,2865.26,2867.51,2864.4100000000003,2865.0700000000006,2415
2026-05-12T04:00:00+00:00,2865.0700000000006,2867.51,2864.7000000000003,2866.3100000000004,2458
2026-05-12T04:30:00+00:00,2866.3100000000004,2867.3200000000006,2863.55,2863.55,2421
2026-05-12T05:00:00+00:00,2863.55,2865.8,2862.4700000000003,2865.4000000000005,3850
2026-05-12T05:30:00+00:00,2865.4000000000005,2866.7000000000003,2863.2100000000005,2865.3100000000004,3227
2026-05-12T06:00:00+00:00,2865.3100000000004,2865.8200000000006,2861.2100000000005,2861.6500000000005,4368
2026-05-12T06:30:00+00:00,2861.6500000000005,2862.2200000000003,2857.4000000000005,2858.0700000000006,2963
2026-05-12T07:00:00+00:00,2858.0700000000006,2863.5600000000004,2854.2000000000003,2862.1100000000006,5453
2026-05-12T07:30:00+00:00,2862.1100000000006,2865.01,2861.9500000000003,2863.1000000000004,3975
2026-05-12T08:00:00+00:00,2863.1000000000004,2863.51,2857.7000000000003,2860.0000000000005,5581
2026-05-12T08:30:00+00:00,2860.0000000000005,2861.6200000000003,2857.7000000000003,2861.4100000000003,4348
2026-05-12T09:00:00+00:00,2861.4100000000003,2862.8700000000003,2858.8600000000006,2861.9200000000005,4488
2026-05-12T09:30:00+00:00,2861.9200000000005,2866.3500000000004,2859.1200000000003,2861.4700000000003,5662
2026-05-12T10:00:00+00:00,2861.4700000000003,2864.6200000000003,2860.9500000000003,2863.0700000000006,3225
2026-05-12T10:30:00+00:00,2863.0700000000006,2863.7700000000004,2860.7700000000004,2862.6500000000005,3531
2026-05-12T11:00:00+00:00,2862.6500000000005,2863.4700000000003,2857.2000000000003,2859.9200000000005,6117
2026-05-12T11:30:00+00:00,2859.9200000000005,2862.9600000000005,2859.4500000000003,2861.9600000000005,3811
2026-05-12T12:00:00+00:00,2861.9600000000005,2862.2500000000005,2856.8500000000004,2858.7500000000005,4198
2026-05-12T12:30:00+00:00,2858.7500000000005,2865.6500000000005,2852.6100000000006,2860.6600000000003,7528
2026-05-12T13:00:00+00:00,2860.6600000000003,2861.1600000000003,2853.05,2858.4000000000005,6137
2026-05-12T13:30:00+00:00,2858.4000000000005,2858.9100000000003,2824.76,2826.55,38387
2026-05-12T14:00:00+00:00,2826.55,2839.8100000000004,2823.8,2826.4500000000003,28314
2026-05-12T14:30:00+00:00,2826.4500000000003,2826.7700000000004,2813.0200000000004,2817.0700000000006,28456
2026-05-12T15:00:00+00:00,2817.0700000000006,2817.9600000000005,2800.6500000000005,2803.4700000000003,25141
2026-05-12T15:30:00+00:00,2803.4700000000003,2812.2100000000005,2802.1500000000005,2802.4700000000003,19308
2026-05-12T16:00:00+00:00,2802.4700000000003,2809.6700000000005,2800.8500000000004,2803.7500000000005,16349
2026-05-12T16:30:00+00:00,2803.7500000000005,2807.9500000000003,2800.5700000000006,2805.0600000000004,16104
2026-05-12T17:00:00+00:00,2805.0600000000004,2827.2200000000003,2803.5600000000004,2823.5200000000004,14994
2026-05-12T17:30:00+00:00,2823.5200000000004,2827.5200000000004,2822.4100000000003,2826.8500000000004,11816
2026-05-12T18:00:00+00:00,2826.8500000000004,2834.1700000000005,2825.2500000000005,2831.3600000000006,13352
2026-05-12T18:30:00+00:00,2831.3600000000006,2834.9600000000005,2829.6500000000005,2830.5700000000006,9773
2026-05-12T19:00:00+00:00,2830.5700000000006,2839.8200000000006,2829.6700000000005,2835.2500000000005,9728
2026-05-12T19:30:00+00:00,2835.2500000000005,2845.3,2835.2000000000003,2843.51,10694
2026-05-12T20:00:00+00:00,2843.51,2843.8200000000006,2838.3,2840.05,3066
2026-05-12T20:30:00+00:00,2840.05,2842.1200000000003,2838.8600000000006,2841.6000000000004,1607
2026-05-12T22:00:00+00:00,2841.6000000000004,2845.3800000000006,2839.26,2844.6300000000006,928
2026-05-12T22:30:00+00:00,2844.6300000000006,2845.1700000000005,2841.8600000000006,2842.3800000000006,602
2026-05-12T23:00:00+00:00,2842.3800000000006,2842.7200000000003,2840.5600000000004,2841.51,834
2026-05-12T23:30:00+00:00,2841.51,2841.7700000000004,2837.5700000000006,2837.6800000000003,1066
2026-05-13T00:00:00+00:00,2837.6800000000003,2844.28,2837.4800000000005,2841.2100000000005,5027
2026-05-13T00:30:00+00:00,2841.2100000000005,2844.8200000000006,2841.2100000000005,2843.8300000000004,2826
2026-05-13T01:00:00+00:00,2843.8300000000004,2849.2300000000005,2843.4700000000003,2849.03,2360
2026-05-13T01:30:00+00:00,2849.03,2852.5800000000004,2847.8600000000006,2848.9300000000003,2246
2026-05-13T02:00:00+00:00,2848.9300000000003,2849.1300000000006,2846.3100000000004,2848.5700000000006,1730
2026-05-13T02:30:00+00:00,2848.5700000000006,2848.8800000000006,2847.2100000000005,2847.9300000000003,1320
2026-05-13T03:00:00+00:00,2847.9300000000003,2848.3300000000004,2845.6600000000003,2848.1600000000003,1809
2026-05-13T03:30:00+00:00,2848.1600000000003,2850.5800000000004,2847.5700000000006,2848.8100000000004,1389
2026-05-13T04:00:00+00:00,2848.8100000000004,2849.53,2848.3200000000006,2848.4800000000005,1041
2026-05-13T04:30:00+00:00,2848.4800000000005,2850.26,2847.1300000000006,2849.4100000000003,1028
2026-05-13T05:00:00+00:00,2849.4100000000003,2850.5600000000004,2848.7200000000003,2849.6200000000003,1375
2026-05-13T05:30:00+00:00,2849.6200000000003,2850.1700000000005,2848.4600000000005,2849.0700000000006,1249
2026-05-13T06:00:00+00:00,2849.0700000000006,2849.9300000000003,2847.1100000000006,2847.3300000000004,1625
2026-05-13T06:30:00+00:00,2847.3300000000004,2848.2700000000004,2845.28,2847.2200000000003,1397
2026-05-13T07:00:00+00:00,2847.2200000000003,2848.3800000000006,2845.5200000000004,2848.26,2510
2026-05-13T07:30:00+00:00,2848.26,2851.9800000000005,2847.9600000000005,2850.3600000000006,1929
2026-05-13T08:00:00+00:00,2850.3600000000006,2853.78,2849.76,2853.2100000000005,2429
2026-05-13T08:30:00+00:00,2853.2100000000005,2855.4300000000003,2851.4600000000005,2852.3600000000006,2069
2026-05-13T09:00:00+00:00,2852.3600000000006,2852.7700000000004,2849.0600000000004,2849.4200000000005,2767
2026-05-13T09:30:00+00:00,2849.4200000000005,2852.2700000000004,2848.3300000000004,2851.8200000000006,2707
2026-05-13T10:00:00+00:00,2851.8200000000006,2853.1300000000006,2848.51,2848.8700000000003,2909
2026-05-13T10:30:00+00:00,2848.8700000000003,2851.8200000000006,2846.8700000000003,2849.8200000000006,2265
2026-05-13T11:00:00+00:00,2849.8200000000006,2851.76,2848.3600000000006,2849.0600000000004,2711
2026-05-13T11:30:00+00:00,2849.0600000000004,2851.7100000000005,2848.6100000000006,2850.3100000000004,2090
2026-05-13T12:00:00+00:00,2850.3100000000004,2852.0200000000004,2847.0700000000006,2849.8100000000004,2427
2026-05-13T12:30:00+00:00,2849.8100000000004,2849.8100000000004,2829.1600000000003,2833.5600000000004,9028
2026-05-13T13:00:00+00:00,2833.5600000000004,2847.9700000000003,2833.5600000000004,2847.6800000000003,5134
2026-05-13T13:30:00+00:00,2847.6800000000003,2848.26,2817.1700000000005,2821.8200000000006,35207
2026-05-13T14:00:00+00:00,2821.8200000000006,2833.1600000000003,2821.7700000000004,2831.2700000000004,22531
2026-05-13T14:30:00+00:00,2831.2700000000004,2835.6700000000005,2827.3800000000006,2832.2100000000005,15262
2026-05-13T15:00:00+00:00,2832.2100000000005,2836.7300000000005,2829.5200000000004,2836.6600000000003,11394
2026-05-13T15:30:00+00:00,2836.6600000000003,2839.4700000000003,2831.1300000000006,2832.3800000000006,11164
2026-05-13T16:00:00+00:00,2832.3800000000006,2843.8800000000006,2831.1300000000006,2840.3300000000004,12480
2026-05-13T16:30:00+00:00,2840.3300000000004,2842.9200000000005,2837.6100000000006,2841.2200000000003,9573
2026-05-13T17:00:00+00:00,2841.2200000000003,2844.28,2839.4100000000003,2841.53,7326
2026-05-13T17:30:00+00:00,2841.53,2845.28,2839.8600000000006,2842.4200000000005,6946
2026-05-13T18:00:00+00:00,2842.4200000000005,2850.2700000000004,2842.0600000000004,2847.6600000000003,9052
2026-05-13T18:30:00+00:00,2847.6600000000003,2847.9200000000005,2843.51,2844.28,9397
2026-05-13T19:00:00+00:00,2844.28,2853.3300000000004,2844.26,2850.76,8243
2026-05-13T19:30:00+00:00,2850.76,2851.51,2842.8200000000006,2845.2700000000004,10708
2026-05-13T20:00:00+00:00,2845.2700000000004,2847.5700000000006,2843.5700000000006,2846.1300000000006,2550
2026-05-13T20:30:00+00:00,2846.1300000000006,2847.3800000000006,2844.6600000000003,2845.0600000000004,902
2026-05-13T22:00:00+00:00,2845.0600000000004,2846.9300000000003,2843.5800000000004,2845.03,1046
2026-05-13T22:30:00+00:00,2845.03,2847.2500000000005,2844.9400000000005,2846.1000000000004,679
2026-05-13T23:00:00+00:00,2846.1000000000004,2848.1000000000004,2846.1000000000004,2846.4000000000005,1014
2026-05-13T23:30:00+00:00,2846.4000000000005,2846.6800000000003,2844.7400000000002,2846.1800000000003,737
2026-05-14T00:00:00+00:00,2846.1800000000003,2847.8400000000006,2843.7300000000005,2846.4000000000005,2691
2026-05-14T00:30:00+00:00,2846.4000000000005,2847.2300000000005,2844.4800000000005,2845.7500000000005,1745
2026-05-14T01:00:00+00:00,2845.7500000000005,2846.0900000000006,2842.4000000000005,2843.9500000000003,1517
2026-05-14T01:30:00+00:00,2843.9500000000003,2844.2300000000005,2839.53,2839.7300000000005,1788
2026-05-14T02:00:00+00:00,2839.7300000000005,2842.6000000000004,2839.4400000000005,2842.1800000000003,1363
2026-05-14T02:30:00+00:00,2842.1800000000003,2843.0000000000005,2840.2900000000004,2840.8800000000006,1516
2026-05-14T03:00:00+00:00,2840.8800000000006,2843.070000000001,2840.480000000001,2842.560000000001,1430.9622226297452
2026-05-14T03:30:00+00:00,2842.560000000001,2842.720000000001,2838.960000000001,2839.460000000001,1450
2026-05-14T04:00:00+00:00,2839.460000000001,2841.530000000001,2838.110000000001,2841.130000000001,1185
2026-05-14T04:30:00+00:00,2841.130000000001,2842.4300000000007,2839.710000000001,2840.280000000001,1166
2026-05-14T05:00:00+00:00,2840.280000000001,2841.960000000001,2838.530000000001,2840.370000000001,2216
2026-05-14T05:30:00+00:00,2840.370000000001,2845.220000000001,2838.620000000001,2842.1600000000008,3297
2026-05-14T06:00:00+00:00,2842.1600000000008,2845.920000000001,2841.9100000000008,2844.280000000001,2030
2026-05-14T06:30:00+00:00,2844.280000000001,2847.530000000001,2844.280000000001,2845.470000000001,1681
2026-05-14T07:00:00+00:00,2845.470000000001,2846.730000000001,2843.970000000001,2845.980000000001,2473
2026-05-14T07:30:00+00:00,2845.980000000001,2847.6600000000008,2840.880000000001,2841.260000000001,2171
2026-05-14T08:00:00+00:00,2841.260000000001,2848.470000000001,2840.760000000001,2847.380000000001,3296
2026-05-14T08:30:00+00:00,2847.380000000001,2848.820000000001,2844.260000000001,2846.480000000001,2607
2026-05-14T09:00:00+00:00,2846.480000000001,2848.130000000001,2843.9100000000008,2844.130000000001,2512
2026-05-14T09:30:00+00:00,2844.130000000001,2845.530000000001,2840.130000000001,2844.920000000001,2774
2026-05-14T10:00:00+00:00,2844.920000000001,2851.470000000001,2844.6600000000008,2846.980000000001,3498
2026-05-14T10:30:00+00:00,2846.980000000001,2848.270000000001,2843.780000000001,2846.870000000001,2654
2026-05-14T11:00:00+00:00,2846.870000000001,2852.280000000001,2846.580000000001,2847.880000000001,2528
2026-05-14T11:30:00+00:00,2847.880000000001,2851.380000000001,2847.560000000001,2849.030000000001,1816
2026-05-14T12:00:00+00:00,2849.030000000001,2862.530000000001,2848.9100000000008,2859.060000000001,2450
2026-05-14T12:30:00+00:00,2859.060000000001,2859.280000000001,2852.830000000001,2855.6800000000007,2605
2026-05-14T13:00:00+00:00,2855.6800000000007,2856.580000000001,2850.510000000001,2856.580000000001,2912
2026-05-14T13:30:00+00:00,2856.580000000001,2860.520000000001,2837.870000000001,2842.870000000001,31747
2026-05-14T14:00:00+00:00,2842.870000000001,2856.730000000001,2841.870000000001,2847.530000000001,21330
2026-05-14T14:30:00+00:00,2847.530000000001,2861.820000000001,2843.780000000001,2858.880000000001,15142
2026-05-14T15:00:00+00:00,2858.880000000001,2867.780000000001,2858.010000000001,2861.920000000001,10856
2026-05-14T15:30:00+00:00,2861.920000000001,2868.530000000001,2860.710000000001,2867.620000000001,10515
2026-05-14T16:00:00+00:00,2867.620000000001,2874.830000000001,2865.310000000001,2866.280000000001,10967
2026-05-14T16:30:00+00:00,2866.280000000001,2868.6600000000008,2860.060000000001,2864.610000000001,14304
2026-05-14T17:00:00+00:00,2864.610000000001,2869.4300000000007,2853.470000000001,2854.760000000001,17402
2026-05-14T17:30:00+00:00,2854.760000000001,2864.580000000001,2853.110000000001,2861.330000000001,11820
2026-05-14T18:00:00+00:00,2861.330000000001,2869.280000000001,2857.110000000001,2863.6600000000008,13460
2026-05-14T18:30:00+00:00,2863.6600000000008,2867.460000000001,2862.710000000001,2864.280000000001,8247
2026-05-14T19:00:00+00:00,2864.280000000001,2866.6800000000007,2860.310000000001,2860.670000000001,6904
2026-05-14T19:30:00+00:00,2860.670000000001,2865.220000000001,2859.830000000001,2863.070000000001,9291
2026-05-14T20:00:00+00:00,2863.070000000001,2864.630000000001,2857.620000000001,2858.4300000000007,2386
2026-05-14T20:30:00+00:00,2858.4300000000007,2862.220000000001,2858.260000000001,2862.170000000001,1079
2026-05-14T22:00:00+00:00,2862.170000000001,2862.170000000001,2858.770000000001,2860.070000000001,979
2026-05-14T22:30:00+00:00,2860.070000000001,2860.740000000001,2859.530000000001,2859.730000000001,776
2026-05-14T23:00:00+00:00,2859.730000000001,2860.630000000001,2858.220000000001,2859.740000000001,826
2026-05-14T23:30:00+00:00,2859.740000000001,2859.890000000001,2854.370000000001,2855.090000000001,1226
2026-05-15T00:00:00+00:00,2855.090000000001,2856.730000000001,2852.940000000001,2855.570000000001,3861
2026-05-15T00:30:00+00:00,2855.570000000001,2855.620000000001,2848.590000000001,2851.370000000001,3779
2026-05-15T01:00:00+00:00,2851.370000000001,2852.420000000001,2842.920000000001,2843.690000000001,4594
2026-05-15T01:30:00+00:00,2843.690000000001,2845.480000000001,2839.320000000001,2839.540000000001,6570
2026-05-15T02:00:00+00:00,2839.540000000001,2842.740000000001,2837.970000000001,2841.490000000001,5166
2026-05-15T02:30:00+00:00,2841.490000000001,2848.090000000001,2840.580000000001,2845.230000000001,4234
2026-05-15T03:00:00+00:00,2845.230000000001,2847.170000000001,2844.080000000001,2845.9300000000007,2391
2026-05-15T03:30:00+00:00,2845.9300000000007,2846.640000000001,2842.230000000001,2844.720000000001,3701
2026-05-15T04:00:00+00:00,2844.720000000001,2844.790000000001,2841.520000000001,2842.030000000001,2891
2026-05-15T04:30:00+00:00,2842.030000000001,2842.640000000001,2838.730000000001,2839.020000000001,3557
2026-05-15T05:00:00+00:00,2839.020000000001,2839.190000000001,2834.370000000001,2835.220000000001,4520
2026-05-15T05:30:00+00:00,2835.220000000001,2835.4300000000007,2825.020000000001,2825.380000000001,5842
2026-05-15T06:00:00+00:00,2825.380000000001,2833.440000000001,2824.420000000001,2830.490000000001,7853
2026-05-15T06:30:00+00:00,2830.490000000001,2837.990000000001,2829.770000000001,2836.940000000001,5105
2026-05-15T07:00:00+00:00,2836.940000000001,2843.090000000001,2836.870000000001,2841.940000000001,5188
2026-05-15T07:30:00+00:00,2841.940000000001,2842.580000000001,2837.140000000001,2837.920000000001,4286
2026-05-15T08:00:00+00:00,2837.920000000001,2838.470000000001,2825.420000000001,2825.980000000001,8345
2026-05-15T08:30:00+00:00,2825.980000000001,2834.230000000001,2822.830000000001,2829.790000000001,8769
2026-05-15T09:00:00+00:00,2829.790000000001,2832.690000000001,2826.890000000001,2830.290000000001,7259
2026-05-15T09:30:00+00:00,2830.290000000001,2833.090000000001,2825.470000000001,2830.870000000001,8428
2026-05-15T10:00:00+00:00,2830.870000000001,2837.970000000001,2829.020000000001,2833.120000000001,7314
2026-05-15T10:30:00+00:00,2833.120000000001,2842.540000000001,2831.380000000001,2840.240000000001,10857
2026-05-15T11:00:00+00:00,2840.240000000001,2841.830000000001,2834.220000000001,2836.420000000001,6457
2026-05-15T11:30:00+00:00,2836.420000000001,2837.040000000001,2826.370000000001,2826.540000000001,4681
2026-05-15T12:00:00+00:00,2826.540000000001,2827.030000000001,2816.130000000001,2817.270000000001,5453
2026-05-15T12:30:00+00:00,2817.270000000001,2818.740000000001,2813.270000000001,2816.580000000001,5497
2026-05-15T13:00:00+00:00,2816.580000000001,2821.520000000001,2815.630000000001,2820.280000000001,7386
2026-05-15T13:30:00+00:00,2820.280000000001,2820.440000000001,2793.020000000001,2800.320000000001,41307
2026-05-15T14:00:00+00:00,2800.320000000001,2816.630000000001,2798.540000000001,2806.530000000001,34540
2026-05-15T14:30:00+00:00,2806.530000000001,2810.640000000001,2794.390000000001,2797.420000000001,32248
2026-05-15T15:00:00+00:00,2797.420000000001,2800.090000000001,2790.870000000001,2793.880000000001,23680
2026-05-15T15:30:00+00:00,2793.880000000001,2798.790000000001,2788.780000000001,2795.120000000001,25672
2026-05-15T16:00:00+00:00,2795.120000000001,2800.690000000001,2791.370000000001,2798.230000000001,18756
2026-05-15T16:30:00+00:00,2798.230000000001,2799.440000000001,2791.780000000001,2794.880000000001,14074
2026-05-15T17:00:00+00:00,2794.880000000001,2804.840000000001,2793.6800000000007,2801.570000000001,12512
2026-05-15T17:30:00+00:00,2801.570000000001,2804.2500000000014,2797.380000000001,2803.3900000000012,10533.530723260803
2026-05-15T18:00:00+00:00,2803.3900000000012,2805.450000000001,2796.200000000001,2797.2900000000013,13723
2026-05-15T18:30:00+00:00,2797.2900000000013,2803.700000000001,2792.450000000001,2801.6000000000013,14244
2026-05-15T19:00:00+00:00,2801.6000000000013,2802.3300000000013,2795.940000000001,2797.2500000000014,12123
2026-05-15T19:30:00+00:00,2797.2500000000014,2801.900000000001,2789.950000000001,2792.940000000001,15340
2026-05-15T20:00:00+00:00,2792.940000000001,2792.940000000001,2781.0400000000013,2786.0800000000013,7167
2026-05-15T20:30:00+00:00,2786.0800000000013,2788.340000000001,2785.780000000001,2786.340000000001,1287
2026-05-17T22:00:00+00:00,2786.340000000001,2794.010000000001,2781.8900000000012,2788.860000000001,4072
2026-05-17T22:30:00+00:00,2788.860000000001,2792.760000000001,2787.950000000001,2790.860000000001,3192
2026-05-17T23:00:00+00:00,2790.860000000001,2791.900000000001,2782.150000000001,2783.010000000001,4365
2026-05-17T23:30:00+00:00,2783.010000000001,2784.7900000000013,2774.6000000000013,2782.700000000001,7245
2026-05-18T00:00:00+00:00,2782.700000000001,2785.6400000000012,2771.0000000000014,2778.610000000001,16084
2026-05-18T00:30:00+00:00,2778.610000000001,2780.5000000000014,2771.1400000000012,2776.950000000001,10858
2026-05-18T01:00:00+00:00,2776.950000000001,2778.5000000000014,2767.0000000000014,2768.7900000000013,11144
2026-05-18T01:30:00+00:00,2768.7900000000013,2777.5600000000013,2767.190000000001,2775.300000000001,8312
2026-05-18T02:00:00+00:00,2775.300000000001,2779.1000000000013,2773.090000000001,2778.2100000000014,5451
2026-05-18T02:30:00+00:00,2778.2100000000014,2778.610000000001,2770.860000000001,2772.800000000001,4050
2026-05-18T03:00:00+00:00,2772.800000000001,2776.360000000001,2772.800000000001,2775.2100000000014,3946
2026-05-18T03:30:00+00:00,2775.2100000000014,2777.0600000000013,2771.340000000001,2775.5600000000013,4276
2026-05-18T04:00:00+00:00,2775.5600000000013,2779.800000000001,2773.740000000001,2774.410000000001,3970
2026-05-18T04:30:00+00:00,2774.410000000001,2779.160000000001,2773.440000000001,2777.0600000000013,3782
2026-05-18T05:00:00+00:00,2777.0600000000013,2781.0000000000014,2774.240000000001,2778.510000000001,5472
2026-05-18T05:30:00+00:00,2778.510000000001,2781.8900000000012,2777.200000000001,2777.650000000001,5409
2026-05-18T06:00:00+00:00,2777.650000000001,2780.2100000000014,2774.2900000000013,2774.6000000000013,5920
2026-05-18T06:30:00+00:00,2774.6000000000013,2781.050000000001,2772.510000000001,2780.950000000001,5657
2026-05-18T07:00:00+00:00,2780.950000000001,2782.8900000000012,2772.9600000000014,2782.3500000000013,6435
2026-05-18T07:30:00+00:00,2782.3500000000013,2784.3100000000013,2774.940000000001,2780.110000000001,7864
2026-05-18T08:00:00+00:00,2780.110000000001,2785.990000000001,2780.110000000001,2785.660000000001,5428
2026-05-18T08:30:00+00:00,2785.660000000001,2788.610000000001,2783.400000000001,2788.260000000001,4213
2026-05-18T09:00:00+00:00,2788.260000000001,2788.910000000001,2784.090000000001,2786.760000000001,3582
2026-05-18T09:30:00+00:00,2786.760000000001,2788.910000000001,2785.8900000000012,2787.740000000001,3949
2026-05-18T10:00:00+00:00,2787.740000000001,2788.450000000001,2782.160000000001,2782.8900000000012,4504
2026-05-18T10:30:00+00:00,2782.8900000000012,2784.260000000001,2778.590000000001,2781.5600000000013,4268
2026-05-18T11:00:00+00:00,2781.5600000000013,2783.1000000000013,2773.840000000001,2778.550000000001,5890
2026-05-18T11:30:00+00:00,2778.550000000001,2802.3100000000013,2778.110000000001,2788.490000000001,13659
2026-05-18T12:00:00+00:00,2788.490000000001,2792.160000000001,2786.360000000001,2789.7500000000014,5917
2026-05-18T12:30:00+00:00,2789.7500000000014,2811.150000000001,2787.8500000000013,2807.940000000001,12515
2026-05-18T13:00:00+00:00,2807.940000000001,2810.8100000000013,2800.690000000001,2804.590000000001,8263
2026-05-18T13:30:00+00:00,2804.590000000001,2807.7100000000014,2779.590000000001,2797.5000000000014,40293
2026-05-18T14:00:00+00:00,2797.5000000000014,2798.510000000001,2786.690000000001,2788.510000000001,31333
2026-05-18T14:30:00+00:00,2788.510000000001,2790.7100000000014,2775.6000000000013,2787.690000000001,33442
2026-05-18T15:00:00+00:00,2787.690000000001,2791.410000000001,2773.340000000001,2774.0000000000014,31996
2026-05-18T15:30:00+00:00,2774.0000000000014,2781.0600000000013,2772.990000000001,2775.7500000000014,22584
2026-05-18T16:00:00+00:00,2775.7500000000014,2784.8900000000012,2767.410000000001,2768.5000000000014,22015
2026-05-18T16:30:00+00:00,2768.5000000000014,2779.860000000001,2765.950000000001,2775.050000000001,21492
2026-05-18T17:00:00+00:00,2775.050000000001,2779.610000000001,2772.2500000000014,2775.7500000000014,16542
2026-05-18T17:30:00+00:00,2775.7500000000014,2776.7500000000014,2766.740000000001,2770.090000000001,15100
2026-05-18T18:00:00+00:00,2770.090000000001,2770.740000000001,2756.090000000001,2762.050000000001,20192
2026-05-18T18:30:00+00:00,2762.050000000001,2764.360000000001,2757.8100000000013,2759.650000000001,17908
2026-05-18T19:00:00+00:00,2759.650000000001,2784.740000000001,2759.2100000000014,2766.690000000001,29535
2026-05-18T19:30:00+00:00,2766.690000000001,2780.200000000001,2765.440000000001,2777.0000000000014,20368
2026-05-18T20:00:00+00:00,2777.0000000000014,2778.2100000000014,2775.4600000000014,2777.240000000001,3313
2026-05-18T20:30:00+00:00,2777.240000000001,2778.400000000001,2775.590000000001,2777.3500000000013,1761
2026-05-18T22:00:00+00:00,2777.3500000000013,2784.0200000000013,2776.360000000001,2783.070000000001,2758
2026-05-18T22:30:00+00:00,2783.070000000001,2784.910000000001,2780.650000000001,2782.070000000001,1764
2026-05-18T23:00:00+00:00,2782.070000000001,2785.170000000001,2781.950000000001,2783.660000000001,2078
2026-05-18T23:30:00+00:00,2783.660000000001,2783.8100000000013,2778.8700000000013,2779.8500000000013,2692
2026-05-19T00:00:00+00:00,2779.8500000000013,2786.6200000000013,2777.2500000000014,2784.2700000000013,12151
2026-05-19T00:30:00+00:00,2784.2700000000013,2788.6000000000013,2778.7500000000014,2779.050000000001,7659
2026-05-19T01:00:00+00:00,2779.050000000001,2780.970000000001,2771.7700000000013,2775.150000000001,10120
2026-05-19T01:30:00+00:00,2775.150000000001,2780.160000000001,2772.970000000001,2774.950000000001,9287
2026-05-19T02:00:00+00:00,2774.950000000001,2775.5200000000013,2767.920000000001,2772.510000000001,9399
2026-05-19T02:30:00+00:00,2772.510000000001,2775.670000000001,2771.300000000001,2773.5200000000013,6711
2026-05-19T03:00:00+00:00,2773.5200000000013,2777.650000000001,2770.570000000001,2777.050000000001,5832
2026-05-19T03:30:00+00:00,2777.050000000001,2779.3700000000013,2772.4600000000014,2773.2500000000014,6106
2026-05-19T04:00:00+00:00,2773.2500000000014,2773.3700000000013,2764.8100000000013,2767.050000000001,7926
2026-05-19T04:30:00+00:00,2767.050000000001,2771.420000000001,2765.5000000000014,2768.110000000001,7015
2026-05-19T05:00:00+00:00,2768.110000000001,2769.2700000000013,2760.900000000001,2766.8500000000013,8295
2026-05-19T05:30:00+00:00,2766.8500000000013,2768.2100000000014,2763.8500000000013,2765.260000000001,8239
2026-05-19T06:00:00+00:00,2765.260000000001,2769.760000000001,2762.5200000000013,2767.910000000001,9378
2026-05-19T06:30:00+00:00,2767.910000000001,2772.0600000000013,2766.900000000001,2769.470000000001,6198
2026-05-19T07:00:00+00:00,2769.470000000001,2775.320000000001,2768.050000000001,2772.2100000000014,8212
2026-05-19T07:30:00+00:00,2772.2100000000014,2782.420000000001,2770.420000000001,2782.010000000001,6785
2026-05-19T08:00:00+00:00,2782.010000000001,2783.170000000001,2767.6000000000013,2770.900000000001,8677
2026-05-19T08:30:00+00:00,2770.900000000001,2774.920000000001,2770.2100000000014,2773.050000000001,5394
2026-05-19T09:00:00+00:00,2773.050000000001,2773.050000000001,2763.9600000000014,2764.950000000001,7301
2026-05-19T09:30:00+00:00,2764.950000000001,2766.6200000000013,2757.450000000001,2764.7700000000013,9324
2026-05-19T10:00:00+00:00,2764.7700000000013,2765.820000000001,2761.3100000000013,2762.300000000001,6039
2026-05-19T10:30:00+00:00,2762.300000000001,2767.6200000000013,2756.650000000001,2767.110000000001,10897
2026-05-19T11:00:00+00:00,2767.110000000001,2768.610000000001,2760.150000000001,2761.450000000001,7805
2026-05-19T11:30:00+00:00,2761.450000000001,2764.0600000000013,2756.5000000000014,2756.5600000000013,6264
2026-05-19T12:00:00+00:00,2756.5600000000013,2763.670000000001,2755.050000000001,2761.450000000001,7525
2026-05-19T12:30:00+00:00,2761.450000000001,2764.5200000000013,2761.150000000001,2762.260000000001,6782
2026-05-19T13:00:00+00:00,2762.260000000001,2763.400000000001,2749.720000000001,2754.900000000001,12770
2026-05-19T13:30:00+00:00,2754.900000000001,2755.700000000001,2732.220000000001,2738.970000000001,52474
2026-05-19T14:00:00+00:00,2738.970000000001,2739.410000000001,2723.9600000000014,2731.400000000001,45872
2026-05-19T14:30:00+00:00,2731.400000000001,2735.860000000001,2722.7700000000013,2731.670000000001,36821
2026-05-19T15:00:00+00:00,2731.670000000001,2740.360000000001,2729.2500000000014,2734.570000000001,30952
2026-05-19T15:30:00+00:00,2734.570000000001,2745.170000000001,2733.2500000000014,2739.800000000001,27169
2026-05-19T16:00:00+00:00,2739.800000000001,2749.170000000001,2736.760000000001,2748.760000000001,22594
2026-05-19T16:30:00+00:00,2748.760000000001,2757.0200000000013,2747.550000000001,2756.4600000000014,17986
2026-05-19T17:00:00+00:00,2756.4600000000014,2767.470000000001,2755.720000000001,2763.360000000001,15269
2026-05-19T17:30:00+00:00,2763.360000000001,2766.420000000001,2753.2500000000014,2757.650000000001,18479
2026-05-19T18:00:00+00:00,2757.650000000001,2763.510000000001,2753.4600000000014,2753.860000000001,17150
2026-05-19T18:30:00+00:00,2753.860000000001,2758.720000000001,2747.6000000000013,2749.6000000000013,20094
2026-05-19T19:00:00+00:00,2749.6000000000013,2759.760000000001,2748.170000000001,2750.970000000001,18933
2026-05-19T19:30:00+00:00,2750.970000000001,2752.5600000000013,2743.650000000001,2747.3500000000013,19135
2026-05-19T20:00:00+00:00,2747.3500000000013,2748.2700000000013,2744.2500000000014,2746.6200000000013,3608
2026-05-19T20:30:00+00:00,2746.6200000000013,2747.570000000001,2745.7100000000014,2746.510000000001,1888
2026-05-19T22:00:00+00:00,2746.510000000001,2748.280000000001,2743.4800000000014,2744.050000000001,2122
2026-05-19T22:30:00+00:00,2744.050000000001,2747.3900000000012,2743.7900000000013,2747.0400000000013,2418
2026-05-19T23:00:00+00:00,2747.0400000000013,2751.200000000001,2746.400000000001,2749.840000000001,1997
2026-05-19T23:30:00+00:00,2749.840000000001,2755.950000000001,2748.630000000001,2748.780000000001,3474
2026-05-20T00:00:00+00:00,2748.780000000001,2748.780000000001,2737.690000000001,2744.9800000000014,12946
2026-05-20T00:30:00+00:00,2744.9800000000014,2751.4800000000014,2744.2300000000014,2748.440000000001,12441
2026-05-20T01:00:00+00:00,2748.440000000001,2750.8500000000013,2743.4800000000014,2744.3500000000013,11424
2026-05-20T01:30:00+00:00,2744.3500000000013,2753.680000000001,2739.280000000001,2749.3500000000013,12886
2026-05-20T02:00:00+00:00,2749.3500000000013,2752.180000000001,2746.3500000000013,2746.3500000000013,8424
2026-05-20T02:30:00+00:00,2746.3500000000013,2746.3500000000013,2737.7300000000014,2739.5000000000014,10804
2026-05-20T03:00:00+00:00,2739.5000000000014,2740.3500000000013,2735.030000000001,2739.630000000001,6469
2026-05-20T03:30:00+00:00,2739.630000000001,2742.400000000001,2737.440000000001,2740.050000000001,5929
2026-05-20T04:00:00+00:00,2740.050000000001,2745.300000000001,2740.050000000001,2743.930000000001,5090
2026-05-20T04:30:00+00:00,2743.930000000001,2744.2300000000014,2738.0800000000013,2739.400000000001,4239
2026-05-20T05:00:00+00:00,2739.400000000001,2744.8500000000013,2739.280000000001,2742.190000000001,7033
2026-05-20T05:30:00+00:00,2742.190000000001,2747.7300000000014,2741.530000000001,2745.030000000001,6560
2026-05-20T06:00:00+00:00,2745.030000000001,2751.550000000001,2744.630000000001,2750.2900000000013,8047
2026-05-20T06:30:00+00:00,2750.2900000000013,2751.530000000001,2747.680000000001,2750.9800000000014,5482
2026-05-20T07:00:00+00:00,2750.9800000000014,2752.8500000000013,2749.630000000001,2752.4800000000014,6516
2026-05-20T07:30:00+00:00,2752.4800000000014,2753.430000000001,2748.800000000001,2748.8500000000013,5287
2026-05-20T08:00:00+00:00,2748.8500000000013,2754.740000000001,2748.340000000001,2754.740000000001,7209
2026-05-20T08:30:00+00:00,2754.740000000001,2758.8500000000013,2754.280000000001,2756.3500000000013,6199
2026-05-20T09:00:00+00:00,2756.3500000000013,2757.1400000000012,2752.880000000001,2754.2500000000014,4426
2026-05-20T09:30:00+00:00,2754.2500000000014,2758.5000000000014,2753.2300000000014,2756.550000000001,3814
2026-05-20T10:00:00+00:00,2756.550000000001,2761.300000000001,2756.300000000001,2759.800000000001,3347
2026-05-20T10:30:00+00:00,2759.800000000001,2764.1400000000012,2757.8300000000013,2759.150000000001,4499
2026-05-20T11:00:00+00:00,2759.150000000001,2760.950000000001,2757.5800000000013,2760.840000000001,3943
2026-05-20T11:30:00+00:00,2760.840000000001,2762.0000000000014,2755.950000000001,2758.8300000000013,5482
2026-05-20T12:00:00+00:00,2758.8300000000013,2766.7500000000014,2758.0400000000013,2765.3300000000013,4957
2026-05-20T12:30:00+00:00,2765.3300000000013,2768.930000000001,2763.090000000001,2763.3900000000012,5873
2026-05-20T13:00:00+00:00,2763.3900000000012,2766.490000000001,2760.930000000001,2766.190000000001,5562
2026-05-20T13:30:00+00:00,2766.190000000001,2777.780000000001,2750.880000000001,2773.700000000001,43496
2026-05-20T14:00:00+00:00,2773.700000000001,2796.700000000001,2764.490000000001,2793.050000000001,51142
2026-05-20T14:30:00+00:00,2793.050000000001,2802.6400000000012,2789.550000000001,2801.190000000001,35077
2026-05-20T15:00:00+00:00,2801.190000000001,2816.430000000001,2796.190000000001,2799.0400000000013,35968
2026-05-20T15:30:00+00:00,2799.0400000000013,2811.700000000001,2798.3900000000012,2809.200000000001,20578
2026-05-20T16:00:00+00:00,2809.200000000001,2811.8900000000012,2798.6400000000012,2801.2300000000014,20478
2026-05-20T16:30:00+00:00,2801.2300000000014,2808.6000000000013,2799.240000000001,2804.530000000001,21776
2026-05-20T17:00:00+00:00,2804.530000000001,2808.550000000001,2800.280000000001,2807.950000000001,16118
2026-05-20T17:30:00+00:00,2807.950000000001,2812.1000000000013,2805.030000000001,2806.0800000000013,12947
2026-05-20T18:00:00+00:00,2806.0800000000013,2810.1700000000014,2803.440000000001,2807.970000000001,12471.80031211768
2026-05-20T18:30:00+00:00,2807.970000000001,2811.6400000000012,2805.220000000001,2806.7300000000014,11903
2026-05-20T19:00:00+00:00,2806.7300000000014,2811.3800000000015,2806.7300000000014,2811.1200000000013,9329
2026-05-20T19:30:00+00:00,2811.1200000000013,2817.990000000001,2810.0200000000013,2815.0900000000015,13380
2026-05-20T20:00:00+00:00,2815.0900000000015,2816.3800000000015,2812.4400000000014,2815.180000000001,9218
2026-05-20T20:30:00+00:00,2815.180000000001,2816.2900000000013,2812.8200000000015,2813.2300000000014,5262
2026-05-20T22:00:00+00:00,2813.2300000000014,2814.220000000001,2802.760000000001,2804.5500000000015,4572
2026-05-20T22:30:00+00:00,2804.5500000000015,2806.5600000000013,2803.4000000000015,2804.510000000001,1654
2026-05-20T23:00:00+00:00,2804.510000000001,2806.3200000000015,2802.6000000000013,2803.410000000001,1435
2026-05-20T23:30:00+00:00,2803.410000000001,2805.450000000001,2802.8000000000015,2805.2700000000013,1715
2026-05-21T00:00:00+00:00,2805.2700000000013,2805.3700000000013,2798.6000000000013,2800.910000000001,6379
2026-05-21T00:30:00+00:00,2800.910000000001,2804.3200000000015,2799.4000000000015,2803.2100000000014,2603
2026-05-21T01:00:00+00:00,2803.2100000000014,2811.010000000001,2803.1000000000013,2809.0000000000014,2402
2026-05-21T01:30:00+00:00,2809.0000000000014,2812.3100000000013,2808.0700000000015,2810.2500000000014,3207
2026-05-21T02:00:00+00:00,2810.2500000000014,2814.0500000000015,2810.2500000000014,2812.160000000001,2115
2026-05-21T02:30:00+00:00,2812.160000000001,2812.4200000000014,2809.1200000000013,2810.3500000000013,1889
2026-05-21T03:00:00+00:00,2810.3500000000013,2813.7100000000014,2810.200000000001,2813.2500000000014,1605
2026-05-21T03:30:00+00:00,2813.2500000000014,2813.8600000000015,2811.3100000000013,2811.5500000000015,1286
2026-05-21T04:00:00+00:00,2811.5500000000015,2814.760000000001,2811.2700000000013,2814.3100000000013,1075
2026-05-21T04:30:00+00:00,2814.3100000000013,2815.5200000000013,2812.8500000000013,2814.970000000001,913
2026-05-21T05:00:00+00:00,2814.970000000001,2816.7100000000014,2812.8000000000015,2813.0700000000015,1641
2026-05-21T05:30:00+00:00,2813.0700000000015,2813.1100000000015,2804.9000000000015,2810.700000000001,4133
2026-05-21T06:00:00+00:00,2810.700000000001,2813.8700000000013,2806.8600000000015,2810.720000000001,4345
2026-05-21T06:30:00+00:00,2810.720000000001,2811.5200000000013,2803.3100000000013,2805.8600000000015,3805
2026-05-21T07:00:00+00:00,2805.8600000000015,2806.7700000000013,2802.6100000000015,2803.8700000000013,5426
2026-05-21T07:30:00+00:00,2803.8700000000013,2809.4200000000014,2803.3600000000015,2808.9600000000014,2812
2026-05-21T08:00:00+00:00,2808.9600000000014,2824.4600000000014,2808.6000000000013,2817.950000000001,7622
2026-05-21T08:30:00+00:00,2817.950000000001,2818.3700000000013,2813.3500000000013,2814.160000000001,5198
2026-05-21T09:00:00+00:00,2814.160000000001,2818.5200000000013,2813.5500000000015,2817.470000000001,3968
2026-05-21T09:30:00+00:00,2817.470000000001,2818.6200000000013,2812.5500000000015,2814.2500000000014,2888
2026-05-21T10:00:00+00:00,2814.2500000000014,2817.6000000000013,2799.950000000001,2803.6100000000015,8039
2026-05-21T10:30:00+00:00,2803.6100000000015,2804.0500000000015,2789.3500000000013,2794.5200000000013,14209
2026-05-21T11:00:00+00:00,2794.5200000000013,2804.4600000000014,2792.660000000001,2801.6700000000014,6713
2026-05-21T11:30:00+00:00,2801.6700000000014,2804.7700000000013,2798.7500000000014,2801.3500000000013,4303
2026-05-21T12:00:00+00:00,2801.3500000000013,2803.1000000000013,2793.3700000000013,2794.5600000000013,4691
2026-05-21T12:30:00+00:00,2794.5600000000013,2804.0000000000014,2794.200000000001,2798.3000000000015,9871
2026-05-21T13:00:00+00:00,2798.3000000000015,2802.950000000001,2794.9000000000015,2802.950000000001,7177
2026-05-21T13:30:00+00:00,2802.950000000001,2822.410000000001,2787.6000000000013,2821.0700000000015,45126
2026-05-21T14:00:00+00:00,2821.0700000000015,2829.1000000000013,2811.2500000000014,2820.010000000001,33237
2026-05-21T14:30:00+00:00,2820.010000000001,2824.5700000000015,2809.4000000000015,2818.5500000000015,25145
2026-05-21T15:00:00+00:00,2818.5500000000015,2824.4200000000014,2810.950000000001,2818.760000000001,24003
2026-05-21T15:30:00+00:00,2818.760000000001,2819.720000000001,2812.0000000000014,2815.6200000000013,16046
2026-05-21T16:00:00+00:00,2815.6200000000013,2824.220000000001,2815.5600000000013,2817.8600000000015,14027
2026-05-21T16:30:00+00:00,2817.8600000000015,2819.6700000000014,2812.4000000000015,2816.5000000000014,12004
2026-05-21T17:00:00+00:00,2816.5000000000014,2841.3600000000015,2815.3500000000013,2837.0500000000015,29716
2026-05-21T17:30:00+00:00,2837.0500000000015,2853.3600000000015,2836.4000000000015,2844.8600000000015,19859
2026-05-21T18:00:00+00:00,2844.8600000000015,2851.5200000000013,2840.3500000000013,2850.3700000000013,17074
2026-05-21T18:30:00+00:00,2850.3700000000013,2852.160000000001,2830.950000000001,2835.8200000000015,22027
2026-05-21T19:00:00+00:00,2835.8200000000015,2844.7700000000013,2835.1100000000015,2841.1000000000013,14910
2026-05-21T19:30:00+00:00,2841.1000000000013,2843.700000000001,2835.3000000000015,2841.6200000000013,16787
2026-05-21T20:00:00+00:00,2841.6200000000013,2843.5600000000013,2840.5500000000015,2841.470000000001,2409
2026-05-21T20:30:00+00:00,2841.470000000001,2842.9200000000014,2841.160000000001,2841.5500000000015,847
2026-05-21T22:00:00+00:00,2841.5500000000015,2847.0200000000013,2841.5500000000015,2845.0700000000015,1780
2026-05-21T22:30:00+00:00,2845.0700000000015,2847.680000000001,2844.0600000000013,2847.0600000000013,1707
2026-05-21T23:00:00+00:00,2847.0600000000013,2847.5800000000013,2845.8100000000013,2846.0800000000013,1140
2026-05-21T23:30:00+00:00,2846.0800000000013,2850.1700000000014,2845.1200000000013,2848.0700000000015,1907
2026-05-22T00:00:00+00:00,2848.0700000000015,2851.3300000000013,2846.6700000000014,2849.470000000001,7007
2026-05-22T00:30:00+00:00,2849.470000000001,2850.970000000001,2848.720000000001,2849.3800000000015,3940
2026-05-22T01:00:00+00:00,2849.3800000000015,2849.530000000001,2846.6100000000015,2847.930000000001,4338
2026-05-22T01:30:00+00:00,2847.930000000001,2850.7300000000014,2845.0200000000013,2847.930000000001,4388
2026-05-22T02:00:00+00:00,2847.930000000001,2849.9200000000014,2847.5600000000013,2847.9200000000014,3255
2026-05-22T02:30:00+00:00,2847.9200000000014,2850.930000000001,2847.4600000000014,2849.8800000000015,2768
2026-05-22T03:00:00+00:00,2849.8800000000015,2850.3100000000013,2848.260000000001,2849.5200000000013,2703
2026-05-22T03:30:00+00:00,2849.5200000000013,2852.780000000001,2849.510000000001,2852.6100000000015,2205
2026-05-22T04:00:00+00:00,2852.6100000000015,2854.930000000001,2852.6100000000015,2854.0200000000013,1984
2026-05-22T04:30:00+00:00,2854.0200000000013,2854.4800000000014,2852.1100000000015,2854.220000000001,1952
2026-05-22T05:00:00+00:00,2854.220000000001,2855.8100000000013,2852.5800000000013,2853.6200000000013,2898
2026-05-22T05:30:00+00:00,2853.6200000000013,2854.6100000000015,2848.5200000000013,2849.8100000000013,3728
2026-05-22T06:00:00+00:00,2849.8100000000013,2854.0800000000013,2848.4600000000014,2852.1300000000015,5908
2026-05-22T06:30:00+00:00,2852.1300000000015,2854.5700000000015,2850.3700000000013,2851.3200000000015,4397
2026-05-22T07:00:00+00:00,2851.3200000000015,2851.6100000000015,2845.3100000000013,2849.260000000001,5700
2026-05-22T07:30:00+00:00,2849.260000000001,2849.7300000000014,2845.1100000000015,2849.4600000000014,4942
2026-05-22T08:00:00+00:00,2849.4600000000014,2856.6700000000014,2848.3800000000015,2852.8300000000013,7440
2026-05-22T08:30:00+00:00,2852.8300000000013,2853.930000000001,2846.510000000001,2849.4200000000014,6684
2026-05-22T09:00:00+00:00,2849.4200000000014,2849.4200000000014,2843.260000000001,2844.510000000001,6248
2026-05-22T09:30:00+00:00,2844.510000000001,2846.5800000000013,2842.430000000001,2845.660000000001,4721
2026-05-22T10:00:00+00:00,2845.660000000001,2845.8200000000015,2839.760000000001,2840.010000000001,4779
2026-05-22T10:30:00+00:00,2840.010000000001,2840.5700000000015,2837.3100000000013,2838.8700000000013,4955
2026-05-22T11:00:00+00:00,2838.8700000000013,2843.3200000000015,2838.8600000000015,2841.5700000000015,4472
2026-05-22T11:30:00+00:00,2841.5700000000015,2849.280000000001,2840.7100000000014,2844.0200000000013,5402
2026-05-22T12:00:00+00:00,2844.0200000000013,2858.5600000000013,2843.3600000000015,2853.1200000000013,12768
2026-05-22T12:30:00+00:00,2853.1200000000013,2862.5200000000013,2852.510000000001,2862.1700000000014,5515
2026-05-22T13:00:00+00:00,2862.1700000000014,2866.8600000000015,2856.260000000001,2856.4800000000014,9425
2026-05-22T13:30:00+00:00,2856.4800000000014,2871.780000000001,2852.7300000000014,2871.6300000000015,44919
2026-05-22T14:00:00+00:00,2871.6300000000015,2871.660000000001,2851.9600000000014,2859.6700000000014,34696
2026-05-22T14:30:00+00:00,2859.6700000000014,2865.5800000000013,2857.9600000000014,2862.4800000000014,19992
2026-05-22T15:00:00+00:00,2862.4800000000014,2863.930000000001,2855.6100000000015,2863.8600000000015,14387
2026-05-22T15:30:00+00:00,2863.8600000000015,2869.2700000000013,2862.3100000000013,2867.680000000001,13015
2026-05-22T16:00:00+00:00,2867.680000000001,2868.930000000001,2862.160000000001,2867.8600000000015,12987
2026-05-22T16:30:00+00:00,2867.8600000000015,2870.3200000000015,2865.3700000000013,2867.3700000000013,11523
2026-05-22T17:00:00+00:00,2867.3700000000013,2880.8800000000015,2863.410000000001,2880.180000000001,13388
2026-05-22T17:30:00+00:00,2880.180000000001,2881.6700000000014,2869.2300000000014,2870.970000000001,15328.367436985664
2026-05-22T18:00:00+00:00,2870.970000000001,2872.990000000001,2867.220000000001,2871.1300000000015,9621
2026-05-22T18:30:00+00:00,2871.1300000000015,2873.0800000000013,2867.720000000001,2871.1700000000014,8536
2026-05-22T19:00:00+00:00,2871.1700000000014,2871.280000000001,2861.320000000001,2861.990000000001,12677
2026-05-22T19:30:00+00:00,2861.990000000001,2869.0400000000013,2860.320000000001,2866.4200000000014,15025
2026-05-22T20:00:00+00:00,2866.4200000000014,2867.1700000000014,2864.030000000001,2865.090000000001,2875
2026-05-22T20:30:00+00:00,2865.090000000001,2865.4200000000014,2860.4200000000014,2863.0200000000013,2296
2026-05-24T22:00:00+00:00,2863.0200000000013,2894.2300000000014,2863.0200000000013,2890.590000000001,3078
2026-05-24T22:30:00+00:00,2890.590000000001,2893.9000000000015,2889.9800000000014,2890.5400000000013,1558
2026-05-24T23:00:00+00:00,2890.5400000000013,2894.300000000001,2890.5400000000013,2893.3500000000013,890
2026-05-24T23:30:00+00:00,2893.3500000000013,2896.7900000000013,2893.3500000000013,2893.740000000001,1745
2026-05-25T00:00:00+00:00,2893.740000000001,2899.4400000000014,2892.0800000000013,2898.7300000000014,2660
2026-05-25T00:30:00+00:00,2898.7300000000014,2901.430000000001,2897.180000000001,2898.450000000001,1882
2026-05-25T01:00:00+00:00,2898.450000000001,2902.2500000000014,2897.530000000001,2901.3800000000015,1726
2026-05-25T01:30:00+00:00,2901.3800000000015,2902.800000000001,2900.780000000001,2902.5000000000014,1462
2026-05-25T02:00:00+00:00,2902.5000000000014,2905.1400000000012,2902.2300000000014,2905.050000000001,911
2026-05-25T02:30:00+00:00,2905.050000000001,2906.6300000000015,2904.280000000001,2905.950000000001,853
2026-05-25T03:00:00+00:00,2905.950000000001,2908.8300000000013,2905.950000000001,2907.3500000000013,1641
2026-05-25T03:30:00+00:00,2907.3500000000013,2908.990000000001,2907.200000000001,2907.300000000001,1050
2026-05-25T04:00:00+00:00,2907.300000000001,2908.550000000001,2907.2500000000014,2908.0400000000013,629
2026-05-25T04:30:00+00:00,2908.0400000000013,2909.700000000001,2906.680000000001,2908.3900000000012,614
2026-05-25T05:00:00+00:00,2908.3900000000012,2910.800000000001,2908.3300000000013,2910.0400000000013,701
2026-05-25T05:30:00+00:00,2910.0400000000013,2910.800000000001,2908.430000000001,2908.5000000000014,732
2026-05-25T06:00:00+00:00,2908.5000000000014,2909.2900000000013,2905.800000000001,2907.8300000000013,1259
2026-05-25T06:30:00+00:00,2907.8300000000013,2907.8800000000015,2905.430000000001,2905.430000000001,1147
2026-05-25T07:00:00+00:00,2905.430000000001,2906.550000000001,2899.1900000000014,2903.700000000001,2689
2026-05-25T07:30:00+00:00,2903.700000000001,2910.5000000000014,2903.240000000001,2908.8800000000015,2335
2026-05-25T08:00:00+00:00,2908.8800000000015,2909.4400000000014,2906.3800000000015,2906.950000000001,1325
2026-05-25T08:30:00+00:00,2906.950000000001,2911.1500000000015,2906.430000000001,2910.7500000000014,888
2026-05-25T09:00:00+00:00,2910.7500000000014,2911.950000000001,2907.090000000001,2908.8500000000013,779
2026-05-25T09:30:00+00:00,2908.8500000000013,2911.8500000000013,2908.8500000000013,2910.3900000000012,722
2026-05-25T10:00:00+00:00,2910.3900000000012,2913.300000000001,2909.4800000000014,2911.800000000001,725
2026-05-25T10:30:00+00:00,2911.800000000001,2914.4000000000015,2911.180000000001,2912.490000000001,660
2026-05-25T11:00:00+00:00,2912.490000000001,2912.590000000001,2909.6500000000015,2910.240000000001,757
2026-05-25T11:30:00+00:00,2910.240000000001,2912.7300000000014,2909.930000000001,2910.6900000000014,1021
2026-05-25T12:00:00+00:00,2910.6900000000014,2917.1000000000013,2909.9000000000015,2914.550000000001,1392
2026-05-25T12:30:00+00:00,2914.550000000001,2916.1300000000015,2911.8800000000015,2912.0400000000013,1359
2026-05-25T13:00:00+00:00,2912.0400000000013,2913.930000000001,2911.280000000001,2912.8800000000015,1243
2026-05-25T13:30:00+00:00,2912.8800000000015,2916.6500000000015,2911.930000000001,2912.780000000001,2374
2026-05-25T14:00:00+00:00,2912.780000000001,2913.090000000001,2910.5800000000013,2911.4000000000015,1781
2026-05-25T14:30:00+00:00,2911.4000000000015,2911.7900000000013,2907.5400000000013,2908.780000000001,1842
2026-05-25T15:00:00+00:00,2908.780000000001,2918.090000000001,2907.030000000001,2912.0400000000013,5925
2026-05-25T15:30:00+00:00,2912.0400000000013,2913.9000000000015,2909.2500000000014,2912.4400000000014,1771
2026-05-25T16:00:00+00:00,2912.4400000000014,2913.1500000000015,2907.9800000000014,2908.1000000000013,1063
2026-05-25T16:30:00+00:00,2908.1000000000013,2914.240000000001,2907.6500000000015,2914.1000000000013,1773
2026-05-25T17:00:00+00:00,2914.1000000000013,2914.7000000000007,2912.5499999999997,2913.6400000000003,241.00272796844473
2026-05-25T17:30:00+00:00,2913.6400000000003,2914.33,2912.6299999999997,2912.6299999999997,57.965416966276294
2026-05-25T18:00:00+00:00,2912.2299999999996,2912.6299999999997,2911.6299999999997,2912.2299999999996,310.1159033421776
2026-05-25T18:30:00+00:00,2911.83,2912.6299999999997,2911.4299999999994,2912.6299999999997,276.9621976472449
2026-05-25T19:00:00+00:00,2912.2299999999996,2914.8500000000004,2911.2300000000005,2911.83,138.90242327110627
2026-05-25T19:30:00+00:00,2911.83,2913.2299999999996,2911.0299999999997,2911.8299999999995,956.410097285913
2026-05-25T22:00:00+00:00,2914.65,2914.65,2905.12,2910.77,1773
2026-05-25T22:30:00+00:00,2910.77,2910.77,2906.77,2907.83,1782
2026-05-25T23:00:00+00:00,2907.83,2908.57,2904.52,2905.12,1666
2026-05-25T23:30:00+00:00,2905.12,2906.94,2904.52,2906.33,1465
2026-05-26T00:00:00+00:00,2906.33,2906.63,2899.93,2904.59,5903
2026-05-26T00:30:00+00:00,2904.59,2906.93,2900.92,2901.59,3214
2026-05-26T01:00:00+00:00,2901.59,2902.34,2898.03,2899.62,4009
2026-05-26T01:30:00+00:00,2899.62,2903.02,2896.28,2902.72,3309
2026-05-26T02:00:00+00:00,2902.72,2904.38,2901.68,2903.04,1924
2026-05-26T02:30:00+00:00,2903.04,2904.02,2901.82,2902.94,1984
2026-05-26T03:00:00+00:00,2902.94,2904.68,2901.49,2904.23,1578
2026-05-26T03:30:00+00:00,2904.23,2904.82,2901.63,2903.12,1131
2026-05-26T04:00:00+00:00,2903.12,2904.48,2901.42,2902.33,1074
2026-05-26T04:30:00+00:00,2902.33,2903.32,2899.97,2900.84,1283
2026-05-26T05:00:00+00:00,2900.84,2902.19,2899.08,2901.88,1911
2026-05-26T05:30:00+00:00,2901.88,2902.69,2898.44,2899.49,1845
2026-05-26T06:00:00+00:00,2899.49,2903.22,2898.12,2900.03,2181
2026-05-26T06:30:00+00:00,2900.03,2903.47,2898.94,2900.94,2123
2026-05-26T07:00:00+00:00,2900.94,2901.99,2893.62,2894.24,4459
2026-05-26T07:30:00+00:00,2894.24,2896.98,2891.28,2895.38,3474
2026-05-26T08:00:00+00:00,2895.38,2898.49,2893.87,2897.59,2794
2026-05-26T08:30:00+00:00,2897.59,2897.89,2894.89,2896.08,2270
2026-05-26T09:00:00+00:00,2896.08,2898.54,2894.59,2898.43,2544
2026-05-26T09:30:00+00:00,2898.43,2898.88,2896.32,2897.34,1542
2026-05-26T10:00:00+00:00,2897.34,2901.97,2896.22,2901.42,1929
2026-05-26T10:30:00+00:00,2901.42,2904.47,2899.44,2900.74,2697
2026-05-26T11:00:00+00:00,2900.74,2901.99,2899.02,2900.57,1999
2026-05-26T11:30:00+00:00,2900.57,2901.38,2894.58,2899.42,3681
2026-05-26T12:00:00+00:00,2899.42,2902.33,2894.99,2902.27,2424
2026-05-26T12:30:00+00:00,2902.27,2903.84,2899.64,2900.12,2005
2026-05-26T13:00:00+00:00,2900.12,2901.12,2898.04,2900.03,2072
2026-05-26T13:30:00+00:00,2900.03,2916.34,2894.22,2912.79,34735
2026-05-26T14:00:00+00:00,2912.79,2921.84,2910.42,2910.99,21827
2026-05-26T14:30:00+00:00,2910.99,2919.62,2910.07,2917.48,15854
2026-05-26T15:00:00+00:00,2917.48,2917.92,2905.73,2906.99,15886
2026-05-26T15:30:00+00:00,2906.99,2907.98,2899.62,2904.69,15919
2026-05-26T16:00:00+00:00,2904.69,2915.73,2904.57,2915.69,11096
2026-05-26T16:30:00+00:00,2915.69,2917.74,2909.57,2910.78,9726
2026-05-26T17:00:00+00:00,2910.78,2913.94,2908.12,2908.79,7967
2026-05-26T17:30:00+00:00,2908.79,2914.54,2908.02,2913.84,7874
2026-05-26T18:00:00+00:00,2913.84,2919.24,2912.34,2915.64,7260
2026-05-26T18:30:00+00:00,2915.64,2917.67,2911.87,2912.74,7660
2026-05-26T19:00:00+00:00,2912.74,2917.04,2911.43,2915.53,7327
2026-05-26T19:30:00+00:00,2915.53,2922.14,2915.42,2921.84,7683
2026-05-26T20:00:00+00:00,2921.84,2923.99,2920.83,2921.47,1870
2026-05-26T20:30:00+00:00,2921.47,2923.59,2920.73,2921.18,990
2026-05-26T22:00:00+00:00,2921.18,2922.88,2916.68,2919.89,1808
2026-05-26T22:30:00+00:00,2919.89,2921.58,2919.67,2921.04,1177
2026-05-26T23:00:00+00:00,2921.04,2923.77,2921.04,2923.64,1144
2026-05-26T23:30:00+00:00,2923.64,2928.77,2922.54,2927.47,1982
2026-05-27T00:00:00+00:00,2927.47,2929.48,2924.52,2926.24,4351
2026-05-27T00:30:00+00:00,2926.24,2928.09,2924.74,2926.77,3667
2026-05-27T01:00:00+00:00,2926.77,2928.77,2925.82,2928.63,3377
2026-05-27T01:30:00+00:00,2928.63,2929.14,2925.47,2926.19,2942
2026-05-27T02:00:00+00:00,2926.19,2928.89,2925.67,2928.58,2257
2026-05-27T02:30:00+00:00,2928.58,2931.19,2927.89,2929.98,1985
2026-05-27T03:00:00+00:00,2929.98,2931.48,2928.42,2929.03,1202
2026-05-27T03:30:00+00:00,2929.03,2929.77,2927.18,2927.64,1799
2026-05-27T04:00:00+00:00,2927.64,2929.33,2925.33,2925.67,2378
2026-05-27T04:30:00+00:00,2925.67,2929.54,2925.32,2928.42,2535
2026-05-27T05:00:00+00:00,2928.42,2930.93,2927.93,2930.83,2960
2026-05-27T05:30:00+00:00,2930.83,2931.99,2927.92,2931.18,3390
2026-05-27T06:00:00+00:00,2931.18,2932.29,2928.89,2929.62,3710
2026-05-27T06:30:00+00:00,2929.62,2929.69,2926.52,2928.54,2799
2026-05-27T07:00:00+00:00,2928.54,2931.64,2928.19,2929.18,3259
2026-05-27T07:30:00+00:00,2929.18,2931.49,2928.48,2930.97,2379
2026-05-27T08:00:00+00:00,2930.97,2939.93,2930.47,2939.79,4257
2026-05-27T08:30:00+00:00,2939.79,2941.79,2938.02,2940.69,2639
2026-05-27T09:00:00+00:00,2940.69,2944.99,2939.74,2944.12,2275
2026-05-27T09:30:00+00:00,2944.12,2944.22,2940.98,2941.69,1733
2026-05-27T10:00:00+00:00,2941.69,2943.24,2941.03,2941.59,1852
2026-05-27T10:30:00+00:00,2941.59,2943.68,2940.63,2941.49,1847
2026-05-27T11:00:00+00:00,2941.49,2944.92,2939.63,2941.23,3020
2026-05-27T11:30:00+00:00,2941.23,2941.34,2932.93,2933.62,2896
2026-05-27T12:00:00+00:00,2933.62,2947.69,2929.83,2942.87,10566
2026-05-27T12:30:00+00:00,2942.87,2945.43,2932.14,2934.77,7191
2026-05-27T13:00:00+00:00,2934.77,2935.29,2927.57,2927.74,5868
2026-05-27T13:30:00+00:00,2927.74,2929.03,2909.44,2924.72,44189
2026-05-27T14:00:00+00:00,2924.72,2933.68,2916.97,2921.94,29497
2026-05-27T14:30:00+00:00,2921.94,2929.93,2916.69,2918.44,27375
2026-05-27T15:00:00+00:00,2918.44,2927.09,2915.12,2924.63,20852
2026-05-27T15:30:00+00:00,2924.63,2929.13,2912.17,2914.64,19877
2026-05-27T16:00:00+00:00,2914.64,2925.59,2911.77,2924.03,13452
2026-05-27T16:30:00+00:00,2924.03,2928.74,2922.32,2926.22,10379
2026-05-27T17:00:00+00:00,2926.22,2927.19,2914.72,2921.92,13835
2026-05-27T17:30:00+00:00,2921.92,2923.69,2917.88,2919.24,9812
2026-05-27T18:00:00+00:00,2919.24,2925.13,2917.74,2923.73,8619.203386183617
2026-05-27T18:30:00+00:00,2923.73,2924.36,2920.71,2921.07,7055
2026-05-27T19:00:00+00:00,2921.07,2921.5299999999997,2915.47,2917.02,7521
2026-05-27T19:30:00+00:00,2917.02,2922.0299999999997,2916.92,2920.2799999999997,9097
2026-05-27T20:00:00+00:00,2920.2799999999997,2923.31,2919.63,2921.7599999999998,2370
2026-05-27T20:30:00+00:00,2921.7599999999998,2925.7799999999997,2921.7599999999998,2925.38,1237
2026-05-27T22:00:00+00:00,2925.38,2927.4,2922.67,2922.81,1390
2026-05-27T22:30:00+00:00,2922.81,2924.07,2920.85,2922.87,1329
2026-05-27T23:00:00+00:00,2922.87,2924.45,2919.92,2920.75,1387
2026-05-27T23:30:00+00:00,2920.75,2920.75,2914.57,2917.07,2526
2026-05-28T00:00:00+00:00,2917.07,2920.42,2914.5,2919.17,6501
2026-05-28T00:30:00+00:00,2919.17,2925.36,2917.16,2923.45,4665
2026-05-28T01:00:00+00:00,2923.45,2924.32,2920.82,2922.72,4757
2026-05-28T01:30:00+00:00,2922.72,2924.61,2919.9,2923.62,4592
2026-05-28T02:00:00+00:00,2923.62,2924.46,2916.72,2916.92,4174
2026-05-28T02:30:00+00:00,2916.92,2917.87,2914.1,2915.16,3345
2026-05-28T03:00:00+00:00,2915.16,2916.22,2908.6,2908.72,4915
2026-05-28T03:30:00+00:00,2908.72,2908.92,2898.17,2900.71,9157
2026-05-28T04:00:00+00:00,2900.71,2901.07,2894.97,2896.71,7315
2026-05-28T04:30:00+00:00,2896.71,2899.27,2895.95,2897.65,4841
2026-05-28T05:00:00+00:00,2897.65,2903.92,2895.7,2903.81,5271
2026-05-28T05:30:00+00:00,2903.81,2910.41,2903.66,2908.66,4420
2026-05-28T06:00:00+00:00,2908.66,2912.32,2908.66,2911.67,3350
2026-05-28T06:30:00+00:00,2911.67,2911.77,2907.95,2911.4,2702
2026-05-28T07:00:00+00:00,2911.4,2914.0099999999998,2910.55,2912.15,4178
2026-05-28T07:30:00+00:00,2912.15,2914.25,2909.91,2914.06,3705
2026-05-28T08:00:00+00:00,2914.06,2915.92,2910.35,2912.0099999999998,4940
2026-05-28T08:30:00+00:00,2912.0099999999998,2915.06,2911.4,2914.97,2971
2026-05-28T09:00:00+00:00,2914.97,2916.57,2913.3,2915.42,2710
2026-05-28T09:30:00+00:00,2915.42,2916.5099999999998,2912.52,2915.82,2532
2026-05-28T10:00:00+00:00,2915.82,2915.92,2911.4,2912.97,2738
2026-05-28T10:30:00+00:00,2912.97,2913.36,2904.36,2906.52,4430
2026-05-28T11:00:00+00:00,2906.52,2909.47,2906,2906.92,4072
2026-05-28T11:30:00+00:00,2906.92,2909.55,2905.41,2908.71,3212
2026-05-28T12:00:00+00:00,2908.71,2909.9,2906.55,2907.75,2875
2026-05-28T12:30:00+00:00,2907.75,2921.16,2907.65,2920.87,4968
2026-05-28T13:00:00+00:00,2920.87,2922.57,2911.96,2912.25,4509
2026-05-28T13:30:00+00:00,2912.25,2915.45,2897.71,2902.25,29738
2026-05-28T14:00:00+00:00,2902.25,2928.27,2896.47,2916.85,32929
2026-05-28T14:30:00+00:00,2916.85,2925.2599999999998,2910.5,2921.2,21807
2026-05-28T15:00:00+00:00,2921.2,2937.47,2920.57,2936.86,15472
2026-05-28T15:30:00+00:00,2936.86,2938.42,2932.52,2936.15,9677
2026-05-28T16:00:00+00:00,2936.15,2941.7599999999998,2933.9,2939.42,8058
2026-05-28T16:30:00+00:00,2939.42,2942.96,2937.15,2942.45,6108
2026-05-28T17:00:00+00:00,2942.45,2942.92,2935.27,2935.82,6476
2026-05-28T17:30:00+00:00,2935.82,2939.27,2933.85,2936.91,5326
2026-05-28T18:00:00+00:00,2936.91,2942.5099999999998,2936.77,2941.5099999999998,6075
2026-05-28T18:30:00+00:00,2941.5099999999998,2941.97,2938.4,2941.31,5502
2026-05-28T19:00:00+00:00,2941.31,2944.77,2939.45,2942.41,6035
2026-05-28T19:30:00+00:00,2942.41,2942.95,2937.25,2937.3,8496
2026-05-28T20:00:00+00:00,2937.3,2939.81,2935.05,2936.6,2119
2026-05-28T20:30:00+00:00,2936.6,2937.0099999999998,2930.3,2932.41,1405
2026-05-28T22:00:00+00:00,2932.41,2936.5099999999998,2932.41,2933.52,1224
2026-05-28T22:30:00+00:00,2933.52,2934.35,2932.3,2932.95,857
2026-05-28T23:00:00+00:00,2932.95,2935.62,2932.82,2934.96,899
2026-05-28T23:30:00+00:00,2934.96,2934.96,2932.41,2933.41,1332
2026-05-29T00:00:00+00:00,2933.41,2934.46,2931.7599999999998,2932.65,3444
2026-05-29T00:30:00+00:00,2932.65,2932.67,2929.45,2930.52,2163
2026-05-29T01:00:00+00:00,2930.52,2931.96,2928.85,2929.31,2705
2026-05-29T01:30:00+00:00,2929.31,2932.47,2928.15,2931.45,2627
2026-05-29T02:00:00+00:00,2931.45,2932.07,2928.35,2929.1,1930
2026-05-29T02:30:00+00:00,2929.1,2932.42,2928.72,2930.5099999999998,1790
2026-05-29T03:00:00+00:00,2930.5099999999998,2933.17,2930.2,2932.0099999999998,1963
2026-05-29T03:30:00+00:00,2932.0099999999998,2932.57,2929.45,2931.0099999999998,1843
2026-05-29T04:00:00+00:00,2931.0099999999998,2933.81,2930.6,2933.25,1367
2026-05-29T04:30:00+00:00,2933.25,2934.45,2932.96,2933.6,1094
2026-05-29T05:00:00+00:00,2933.6,2934.27,2932.85,2933.15,1009
2026-05-29T05:30:00+00:00,2933.15,2933.9,2931.22,2933.21,1637
2026-05-29T06:00:00+00:00,2933.21,2935.37,2931.7599999999998,2932.0099999999998,2220
2026-05-29T06:30:00+00:00,2932.0099999999998,2935.17,2931.5,2934.82,2172
2026-05-29T07:00:00+00:00,2934.82,2937.05,2931.72,2933.15,3230
2026-05-29T07:30:00+00:00,2933.15,2934.06,2930.21,2933.75,3542
2026-05-29T08:00:00+00:00,2933.75,2935.46,2932.05,2933.12,3408
2026-05-29T08:30:00+00:00,2933.12,2933.7599999999998,2929.75,2931.5099999999998,2216
2026-05-29T09:00:00+00:00,2931.5099999999998,2938.02,2931.21,2936.36,3434
2026-05-29T09:30:00+00:00,2936.36,2937.21,2934.8,2935.2,2543
2026-05-29T10:00:00+00:00,2935.2,2935.52,2932.56,2933.37,2911
2026-05-29T10:30:00+00:00,2933.37,2936.17,2932.86,2935,2419
2026-05-29T11:00:00+00:00,2935,2937.12,2934.62,2934.81,2694
2026-05-29T11:30:00+00:00,2934.81,2938.72,2931.16,2938.67,3432
2026-05-29T12:00:00+00:00,2938.67,2938.7,2934.02,2935.07,2132
2026-05-29T12:30:00+00:00,2935.07,2936.17,2930.06,2932.87,3245
2026-05-29T13:00:00+00:00,2932.87,2933.62,2926.71,2929.2,3159
2026-05-29T13:30:00+00:00,2929.2,2929.75,2918.15,2921,27977
2026-05-29T14:00:00+00:00,2921,2924.16,2898.65,2903.12,22139
2026-05-29T14:30:00+00:00,2903.12,2913.95,2899.07,2907.4,28824
2026-05-29T15:00:00+00:00,2907.4,2915.95,2905.57,2913.56,19511
2026-05-29T15:30:00+00:00,2913.56,2918.82,2912.9,2918.6,15529
2026-05-29T16:00:00+00:00,2918.6,2922.67,2916.4,2916.8,8535
2026-05-29T16:30:00+00:00,2916.8,2919.61,2915.02,2918.42,9901
2026-05-29T17:00:00+00:00,2918.42,2923.06,2916.25,2920.12,8383
2026-05-29T17:30:00+00:00,2920.12,2922.12,2913.3699999999994,2913.8899999999994,8395.08006767749
2026-05-29T18:00:00+00:00,2913.8899999999994,2918.8399999999997,2913.3699999999994,2917.1799999999994,7573
2026-05-29T18:30:00+00:00,2917.1799999999994,2918.6899999999996,2908.5299999999997,2908.8899999999994,9246
2026-05-29T19:00:00+00:00,2908.8899999999994,2914.7799999999997,2906.6799999999994,2914.7799999999997,7667
2026-05-29T19:30:00+00:00,2914.7799999999997,2921.7899999999995,2914.2799999999997,2920.22,12081
2026-05-29T20:00:00+00:00,2920.22,2922.99,2914.9799999999996,2916.6299999999997,2782
2026-05-29T20:30:00+00:00,2916.6299999999997,2916.9799999999996,2915.0799999999995,2916.1899999999996,479
2026-05-31T22:00:00+00:00,2916.1899999999996,2920.6199999999994,2913.72,2919.1899999999996,2178
2026-05-31T22:30:00+00:00,2919.1899999999996,2924.1899999999996,2919.0899999999997,2923.6699999999996,1131
2026-05-31T23:00:00+00:00,2923.6699999999996,2924.99,2922.3299999999995,2924.8699999999994,899
2026-05-31T23:30:00+00:00,2924.8699999999994,2925.8399999999997,2923.6699999999996,2924.3399999999997,1394
2026-06-01T00:00:00+00:00,2924.3399999999997,2928.6199999999994,2923.9799999999996,2927.5799999999995,2614
2026-06-01T00:30:00+00:00,2927.5799999999995,2929.3699999999994,2926.1699999999996,2928.0899999999997,1673
2026-06-01T01:00:00+00:00,2928.0899999999997,2929.1399999999994,2926.5199999999995,2927.5899999999997,2266
2026-06-01T01:30:00+00:00,2927.5899999999997,2928.3799999999997,2926.5199999999995,2927.3699999999994,1507
2026-06-01T02:00:00+00:00,2927.3699999999994,2929.2799999999997,2927.1299999999997,2928.72,968
2026-06-01T02:30:00+00:00,2928.72,2929.1899999999996,2927.1399999999994,2929.0699999999997,1093
2026-06-01T03:00:00+00:00,2929.0699999999997,2930.49,2926.8799999999997,2929.9199999999996,1384
2026-06-01T03:30:00+00:00,2929.9199999999996,2931.6399999999994,2925.2799999999997,2925.6299999999997,1498
2026-06-01T04:00:00+00:00,2925.6299999999997,2926.8799999999997,2925.0199999999995,2925.6799999999994,1207
2026-06-01T04:30:00+00:00,2925.6799999999994,2926.8699999999994,2925.0399999999995,2925.3799999999997,1005
2026-06-01T05:00:00+00:00,2925.3799999999997,2925.3799999999997,2921.0299999999997,2921.2299999999996,914
2026-06-01T05:30:00+00:00,2921.2299999999996,2924.3399999999997,2920.9299999999994,2923.7699999999995,1481
2026-06-01T06:00:00+00:00,2923.7699999999995,2924.9399999999996,2921.47,2922.2299999999996,1934
2026-06-01T06:30:00+00:00,2922.2299999999996,2925.24,2920.9199999999996,2924.1799999999994,1840
2026-06-01T07:00:00+00:00,2924.1799999999994,2929.1399999999994,2922.4399999999996,2923.8899999999994,2919
2026-06-01T07:30:00+00:00,2923.8899999999994,2924.9399999999996,2919.4299999999994,2922.1399999999994,2870
2026-06-01T08:00:00+00:00,2922.1399999999994,2923.5899999999997,2918.3299999999995,2918.8399999999997,2952
2026-06-01T08:30:00+00:00,2918.8399999999997,2920.1799999999994,2916.2899999999995,2920.0899999999997,2246
2026-06-01T09:00:00+00:00,2920.0899999999997,2921.7899999999995,2918.3199999999997,2920.0299999999997,1906
2026-06-01T09:30:00+00:00,2920.0299999999997,2920.8899999999994,2918.3399999999997,2920.7299999999996,1718
2026-06-01T10:00:00+00:00,2920.7299999999996,2923.8399999999997,2919.8699999999994,2921.8699999999994,1806
2026-06-01T10:30:00+00:00,2921.8699999999994,2923.6299999999997,2920.47,2921.7899999999995,1430
2026-06-01T11:00:00+00:00,2921.7899999999995,2922.5799999999995,2917.3299999999995,2917.9399999999996,1924
2026-06-01T11:30:00+00:00,2917.9399999999996,2919.6799999999994,2914.5899999999997,2915.5199999999995,1815
2026-06-01T12:00:00+00:00,2915.5199999999995,2916.4399999999996,2910.8199999999997,2914.5199999999995,2822
2026-06-01T12:30:00+00:00,2914.5199999999995,2919.3199999999997,2911.6199999999994,2914.9799999999996,2755
2026-06-01T13:00:00+00:00,2914.9799999999996,2916.1399999999994,2894.5799999999995,2899.3899999999994,16569
2026-06-01T13:30:00+00:00,2899.3899999999994,2901.9399999999996,2885.0199999999995,2885.22,32619
2026-06-01T14:00:00+00:00,2885.22,2894.4199999999996,2882.5399999999995,2886.2299999999996,24020
2026-06-01T14:30:00+00:00,2886.2299999999996,2887.6399999999994,2878.72,2882.0199999999995,15266
2026-06-01T15:00:00+00:00,2882.0199999999995,2897.0199999999995,2880.97,2895.2699999999995,12632
2026-06-01T15:30:00+00:00,2895.2699999999995,2906.6399999999994,2895.22,2897.3699999999994,13819
2026-06-01T16:00:00+00:00,2897.3699999999994,2900.74,2890.9799999999996,2894.22,9206
2026-06-01T16:30:00+00:00,2894.22,2906.3399999999997,2894.22,2904.7899999999995,9778
2026-06-01T17:00:00+00:00,2904.7899999999995,2916.0299999999997,2900.97,2915.9399999999996,7996
2026-06-01T17:30:00+00:00,2915.9399999999996,2922.6899999999996,2911.6199999999994,2916.1699999999996,13800
2026-06-01T18:00:00+00:00,2916.1699999999996,2918.6699999999996,2912.9299999999994,2917.72,5274
2026-06-01T18:30:00+00:00,2917.72,2919.4799999999996,2915.2899999999995,2917.0299999999997,3898
2026-06-01T19:00:00+00:00,2917.0299999999997,2917.6799999999994,2910.8199999999997,2912.6699999999996,5174
2026-06-01T19:30:00+00:00,2912.6699999999996,2913.0299999999997,2905.47,2906.1299999999997,7068
2026-06-01T20:00:00+00:00,2906.1299999999997,2908.3399999999997,2901.5399999999995,2902.4199999999996,2016
2026-06-01T20:30:00+00:00,2902.4199999999996,2903.3799999999997,2899.22,2900.8199999999997,2575
2026-06-01T22:00:00+00:00,2900.8199999999997,2901.9599999999996,2896.7899999999995,2897.7599999999998,1850
2026-06-01T22:30:00+00:00,2897.7599999999998,2898.1599999999994,2893.5999999999995,2896.5599999999995,1094
2026-06-01T23:00:00+00:00,2896.5599999999995,2897.0599999999995,2895.6099999999997,2896.2599999999998,586
2026-06-01T23:30:00+00:00,2896.2599999999998,2898.3399999999997,2894.5599999999995,2897.2599999999998,1291
2026-06-02T00:00:00+00:00,2897.2599999999998,2897.2599999999998,2887.3399999999997,2889.5399999999995,4257
2026-06-02T00:30:00+00:00,2889.5399999999995,2892.3599999999997,2885.9099999999994,2886.9399999999996,2858
2026-06-02T01:00:00+00:00,2886.9399999999996,2892.0099999999998,2886.74,2891.0899999999997,3905
2026-06-02T01:30:00+00:00,2891.0899999999997,2892.4099999999994,2887.7899999999995,2888.5099999999998,3077
2026-06-02T02:00:00+00:00,2888.5099999999998,2891.1099999999997,2887.5899999999997,2889.9999999999995,2289
2026-06-02T02:30:00+00:00,2889.9999999999995,2891.6099999999997,2889.9999999999995,2890.9599999999996,1419
2026-06-02T03:00:00+00:00,2890.9599999999996,2891.7499999999995,2888.7999999999997,2890.6599999999994,1978
2026-06-02T03:30:00+00:00,2890.6599999999994,2892.8499999999995,2889.3499999999995,2892.74,1926
2026-06-02T04:00:00+00:00,2892.74,2895.7099999999996,2892.3099999999995,2895.0999999999995,1344
2026-06-02T04:30:00+00:00,2895.0999999999995,2897.4599999999996,2893.9599999999996,2897.4499999999994,1077
2026-06-02T05:00:00+00:00,2897.4499999999994,2899.2099999999996,2896.1999999999994,2898.5499999999997,1364
2026-06-02T05:30:00+00:00,2898.5499999999997,2900.8099999999995,2897.9099999999994,2898.99,1435
2026-06-02T06:00:00+00:00,2898.99,2901.9599999999996,2898.3899999999994,2901.7099999999996,1757
2026-06-02T06:30:00+00:00,2901.7099999999996,2903.3399999999997,2900.3399999999997,2902.99,1703
2026-06-02T07:00:00+00:00,2902.99,2906.3599999999997,2902.8499999999995,2904.3499999999995,2013
2026-06-02T07:30:00+00:00,2904.3499999999995,2908.3999999999996,2903.2599999999998,2908.1599999999994,1750
2026-06-02T08:00:00+00:00,2908.1599999999994,2909.2099999999996,2905.4399999999996,2906.0899999999997,2796
2026-06-02T08:30:00+00:00,2906.0899999999997,2907.9599999999996,2905.1899999999996,2907.3499999999995,1804
2026-06-02T09:00:00+00:00,2907.3499999999995,2907.3499999999995,2901.4399999999996,2902.4499999999994,1720
2026-06-02T09:30:00+00:00,2902.4499999999994,2905.0099999999998,2901.3999999999996,2903.3099999999995,1627
2026-06-02T10:00:00+00:00,2903.3099999999995,2904.6099999999997,2901.0499999999997,2903.1399999999994,1312
2026-06-02T10:30:00+00:00,2903.1399999999994,2903.7999999999997,2901.6399999999994,2902.4599999999996,1187
2026-06-02T11:00:00+00:00,2902.4599999999996,2904.1599999999994,2901.0599999999995,2903.8499999999995,1691
2026-06-02T11:30:00+00:00,2903.8499999999995,2905.3899999999994,2902.8999999999996,2903.3099999999995,1410
2026-06-02T12:00:00+00:00,2903.3099999999995,2911.6499999999996,2902.7599999999998,2910.7999999999997,1620
2026-06-02T12:30:00+00:00,2910.7999999999997,2911.3099999999995,2906.3099999999995,2907.3099999999995,2480
2026-06-02T13:00:00+00:00,2907.3099999999995,2909.8099999999995,2900.7899999999995,2900.7899999999995,4142
2026-06-02T13:30:00+00:00,2900.7899999999995,2929.2099999999996,2900.7899999999995,2917.1599999999994,32416
2026-06-02T14:00:00+00:00,2917.1599999999994,2921.99,2911.5099999999998,2914.3099999999995,18429
2026-06-02T14:30:00+00:00,2914.3099999999995,2934.2599999999998,2914.24,2931.3399999999997,13333
2026-06-02T15:00:00+00:00,2931.3399999999997,2935.0999999999995,2929.1399999999994,2931.0599999999995,9891
2026-06-02T15:30:00+00:00,2931.0599999999995,2931.0599999999995,2924.6899999999996,2926.8099999999995,8655
2026-06-02T16:00:00+00:00,2926.8099999999995,2930.9599999999996,2923.8399999999997,2923.9099999999994,7954
2026-06-02T16:30:00+00:00,2923.9099999999994,2926.0399999999995,2919.3899999999994,2923.5599999999995,6013
2026-06-02T17:00:00+00:00,2923.5599999999995,2925.4399999999996,2920.9099999999994,2923.4499999999994,5585
2026-06-02T17:30:00+00:00,2923.4499999999994,2926.0099999999998,2923.3099999999995,2925.0499999999997,5241
2026-06-02T18:00:00+00:00,2925.0499999999997,2930.2599999999998,2924.3899999999994,2928.4999999999995,5677
2026-06-02T18:30:00+00:00,2928.4999999999995,2931.2499999999995,2928.24,2930.5599999999995,5170
2026-06-02T19:00:00+00:00,2930.5599999999995,2932.0999999999995,2929.2999999999997,2930.8399999999997,4430
2026-06-02T19:30:00+00:00,2930.8399999999997,2933.4099999999994,2930.3399999999997,2932.9499999999994,6213
2026-06-02T20:00:00+00:00,2932.9499999999994,2934.6099999999997,2929.74,2931.0999999999995,1476
2026-06-02T20:30:00+00:00,2931.0999999999995,2933.1099999999997,2930.3899999999994,2933.0499999999997,555
2026-06-02T22:00:00+00:00,2933.0499999999997,2935.1699999999996,2929.47,2929.8399999999997,1463
2026-06-02T22:30:00+00:00,2929.8399999999997,2931.0399999999995,2926.5699999999997,2927.1399999999994,882
2026-06-02T23:00:00+00:00,2927.1399999999994,2927.5899999999997,2913.74,2918.3799999999997,2872
2026-06-02T23:30:00+00:00,2918.3799999999997,2926.8399999999997,2916.1399999999994,2925.97,3073
2026-06-03T00:00:00+00:00,2925.97,2927.3799999999997,2922.8199999999997,2926.0299999999997,2576
2026-06-03T00:30:00+00:00,2926.0299999999997,2929.1399999999994,2924.8299999999995,2928.72,1378
2026-06-03T01:00:00+00:00,2928.72,2929.3299999999995,2924.9399999999996,2926.9799999999996,1876
2026-06-03T01:30:00+00:00,2926.9799999999996,2928.2699999999995,2925.6899999999996,2928.1199999999994,1586
2026-06-03T02:00:00+00:00,2928.1199999999994,2930.5399999999995,2927.6699999999996,2929.6899999999996,977
2026-06-03T02:30:00+00:00,2929.6899999999996,2930.9399999999996,2929.1699999999996,2930.6799999999994,732
2026-06-03T03:00:00+00:00,2930.6799999999994,2932.5899999999997,2930.6699999999996,2930.99,748
2026-06-03T03:30:00+00:00,2930.99,2932.3699999999994,2930.6299999999997,2930.7299999999996,615
2026-06-03T04:00:00+00:00,2930.7299999999996,2931.4399999999996,2928.7799999999997,2929.1699999999996,642
2026-06-03T04:30:00+00:00,2929.1699999999996,2929.97,2927.8299999999995,2928.4299999999994,521
2026-06-03T05:00:00+00:00,2928.4299999999994,2929.97,2927.1199999999994,2927.4299999999994,797
2026-06-03T05:30:00+00:00,2927.4299999999994,2928.0699999999997,2925.0299999999997,2925.4399999999996,1086
2026-06-03T06:00:00+00:00,2925.4399999999996,2927.0199999999995,2923.7699999999995,2924.5799999999995,1761
2026-06-03T06:30:00+00:00,2924.5799999999995,2926.9299999999994,2923.4799999999996,2925.7699999999995,1644
2026-06-03T07:00:00+00:00,2925.7699999999995,2926.6199999999994,2922.22,2922.6799999999994,2091
2026-06-03T07:30:00+00:00,2922.6799999999994,2924.0399999999995,2919.0699999999997,2922.7899999999995,1920
2026-06-03T08:00:00+00:00,2922.7899999999995,2923.3399999999997,2919.2299999999996,2923.3399999999997,2331
2026-06-03T08:30:00+00:00,2923.3399999999997,2924.6799999999994,2920.8199999999997,2921.3799999999997,1688
2026-06-03T09:00:00+00:00,2921.3799999999997,2924.0399999999995,2920.1299999999997,2920.8899999999994,1551
2026-06-03T09:30:00+00:00,2920.8899999999994,2921.1699999999996,2917.47,2917.5699999999997,1430
2026-06-03T10:00:00+00:00,2917.5699999999997,2925.9799999999996,2917.1199999999994,2920.5399999999995,3693
2026-06-03T10:30:00+00:00,2920.5399999999995,2921.3399999999997,2916.7899999999995,2920.7299999999996,1538
2026-06-03T11:00:00+00:00,2920.7299999999996,2922.8399999999997,2919.9199999999996,2921.8899999999994,1446
2026-06-03T11:30:00+00:00,2921.8899999999994,2923.0699999999997,2921.0699999999997,2921.97,1172
2026-06-03T12:00:00+00:00,2921.97,2923.3399999999997,2918.6299999999997,2918.9299999999994,1714
2026-06-03T12:30:00+00:00,2918.9299999999994,2919.0899999999997,2913.1799999999994,2914.49,2199
2026-06-03T13:00:00+00:00,2914.49,2917.24,2911.4799999999996,2915.4799999999996,2894
2026-06-03T13:30:00+00:00,2915.4799999999996,2916.0299999999997,2885.1199999999994,2891.9399999999996,30257
2026-06-03T14:00:00+00:00,2891.9399999999996,2910.3299999999995,2889.9299999999994,2910.1299999999997,23026
2026-06-03T14:30:00+00:00,2910.1299999999997,2911.49,2903.9399999999996,2907.4399999999996,15477
2026-06-03T15:00:00+00:00,2907.4399999999996,2908.6699999999996,2896.1299999999997,2900.9199999999996,14979
2026-06-03T15:30:00+00:00,2900.9199999999996,2902.6399999999994,2891.9199999999996,2897.7699999999995,13533
2026-06-03T16:00:00+00:00,2897.7699999999995,2899.5399999999995,2887.1299999999997,2888.4399999999996,13053
2026-06-03T16:30:00+00:00,2888.4399999999996,2893.3299999999995,2883.7699999999995,2890.4399999999996,13405
2026-06-03T17:00:00+00:00,2890.4399999999996,2892.8899999999994,2886.9299999999994,2889.2799999999997,10059
2026-06-03T17:30:00+00:00,2889.2799999999997,2897.1399999999994,2886.5299999999997,2894.6699999999996,7547
2026-06-03T18:00:00+00:00,2894.6699999999996,2897.2299999999996,2892.1799999999994,2897.1399999999994,7252
2026-06-03T18:30:00+00:00,2897.1399999999994,2898.5299999999997,2891.1899999999996,2892.5299999999997,7432
2026-06-03T19:00:00+00:00,2892.5299999999997,2892.5299999999997,2885.97,2888.7699999999995,8565
2026-06-03T19:30:00+00:00,2888.7699999999995,2894.8399999999997,2888.1299999999997,2892.0799999999995,10768
2026-06-03T20:00:00+00:00,2892.0799999999995,2895.7899999999995,2888.5199999999995,2894.3399999999997,5561
2026-06-03T20:30:00+00:00,2894.3399999999997,2894.9799999999996,2886.97,2888.5699999999997,2943
2026-06-03T22:00:00+00:00,2888.5699999999997,2894.5399999999995,2887.1899999999996,2887.3399999999997,3068
2026-06-03T22:30:00+00:00,2887.3399999999997,2892.1099999999997,2885.4599999999996,2892.0899999999997,2832
2026-06-03T23:00:00+00:00,2892.0899999999997,2892.9599999999996,2886.449999999999,2887.719999999999,2141.683209317373
2026-06-03T23:30:00+00:00,2887.719999999999,2890.969999999999,2886.059999999999,2889.559999999999,2541
2026-06-04T00:00:00+00:00,2889.559999999999,2891.219999999999,2886.549999999999,2890.919999999999,6483
2026-06-04T00:30:00+00:00,2890.919999999999,2897.219999999999,2890.769999999999,2896.6099999999988,4400
2026-06-04T01:00:00+00:00,2896.6099999999988,2899.549999999999,2894.549999999999,2895.749999999999,4237
2026-06-04T01:30:00+00:00,2895.749999999999,2898.759999999999,2891.419999999999,2892.709999999999,4275
2026-06-04T02:00:00+00:00,2892.709999999999,2893.269999999999,2885.599999999999,2892.499999999999,4528
2026-06-04T02:30:00+00:00,2892.499999999999,2895.8599999999988,2890.209999999999,2893.809999999999,2795
2026-06-04T03:00:00+00:00,2893.809999999999,2896.969999999999,2893.419999999999,2896.499999999999,1955
2026-06-04T03:30:00+00:00,2896.499999999999,2897.569999999999,2892.209999999999,2896.209999999999,2411
2026-06-04T04:00:00+00:00,2896.209999999999,2898.009999999999,2894.819999999999,2897.019999999999,1770
2026-06-04T04:30:00+00:00,2897.019999999999,2898.009999999999,2896.049999999999,2896.599999999999,1971
2026-06-04T05:00:00+00:00,2896.599999999999,2896.969999999999,2890.6099999999988,2890.6099999999988,2712
2026-06-04T05:30:00+00:00,2890.6099999999988,2894.009999999999,2889.999999999999,2893.149999999999,3009
2026-06-04T06:00:00+00:00,2893.149999999999,2895.469999999999,2892.099999999999,2894.909999999999,3413
2026-06-04T06:30:00+00:00,2894.909999999999,2898.559999999999,2894.019999999999,2898.409999999999,2976
2026-06-04T07:00:00+00:00,2898.409999999999,2903.769999999999,2897.099999999999,2903.669999999999,3504
2026-06-04T07:30:00+00:00,2903.669999999999,2905.1099999999988,2900.409999999999,2901.369999999999,2877
2026-06-04T08:00:00+00:00,2901.369999999999,2902.449999999999,2893.269999999999,2899.449999999999,6095
2026-06-04T08:30:00+00:00,2899.449999999999,2903.869999999999,2895.299999999999,2895.749999999999,5381
2026-06-04T09:00:00+00:00,2895.749999999999,2896.299999999999,2891.649999999999,2895.569999999999,5664
2026-06-04T09:30:00+00:00,2895.569999999999,2902.819999999999,2895.059999999999,2900.659999999999,4233
2026-06-04T10:00:00+00:00,2900.659999999999,2900.8599999999988,2893.949999999999,2894.459999999999,3286
2026-06-04T10:30:00+00:00,2894.459999999999,2895.319999999999,2888.349999999999,2890.419999999999,3658
2026-06-04T11:00:00+00:00,2890.419999999999,2899.819999999999,2890.349999999999,2898.209999999999,5323
2026-06-04T11:30:00+00:00,2898.209999999999,2904.469999999999,2890.769999999999,2904.449999999999,7566
2026-06-04T12:00:00+00:00,2904.449999999999,2907.769999999999,2896.849999999999,2898.959999999999,6656
2026-06-04T12:30:00+00:00,2898.959999999999,2903.3599999999988,2898.959999999999,2900.169999999999,4436
2026-06-04T13:00:00+00:00,2900.169999999999,2902.009999999999,2890.1099999999988,2891.3599999999988,5605
2026-06-04T13:30:00+00:00,2891.3599999999988,2907.519999999999,2882.249999999999,2906.019999999999,36721
2026-06-04T14:00:00+00:00,2906.019999999999,2922.569999999999,2900.999999999999,2922.449999999999,25367
2026-06-04T14:30:00+00:00,2922.449999999999,2925.019999999999,2916.549999999999,2924.349999999999,17169
2026-06-04T15:00:00+00:00,2924.349999999999,2935.659999999999,2923.699999999999,2932.319999999999,13926
2026-06-04T15:30:00+00:00,2932.319999999999,2933.019999999999,2920.519999999999,2924.969999999999,11636
2026-06-04T16:00:00+00:00,2924.969999999999,2929.049999999999,2921.669999999999,2928.309999999999,8259
2026-06-04T16:30:00+00:00,2928.309999999999,2931.219999999999,2924.949999999999,2930.569999999999,8051
2026-06-04T17:00:00+00:00,2930.569999999999,2932.669999999999,2928.009999999999,2930.949999999999,7136
2026-06-04T17:30:00+00:00,2930.949999999999,2934.569999999999,2929.419999999999,2933.849999999999,6975
2026-06-04T18:00:00+00:00,2933.849999999999,2942.669999999999,2933.259999999999,2941.569999999999,6736
2026-06-04T18:30:00+00:00,2941.569999999999,2943.219999999999,2938.899999999999,2939.399999999999,6449
2026-06-04T19:00:00+00:00,2939.399999999999,2942.309999999999,2936.349999999999,2942.159999999999,7338
2026-06-04T19:30:00+00:00,2942.159999999999,2945.299999999999,2935.549999999999,2935.999999999999,10022
2026-06-04T20:00:00+00:00,2935.999999999999,2937.569999999999,2931.749999999999,2932.569999999999,3747
2026-06-04T20:30:00+00:00,2932.569999999999,2934.1099999999988,2930.199999999999,2931.519999999999,1930
2026-06-04T22:00:00+00:00,2931.519999999999,2931.519999999999,2926.989999999999,2927.929999999999,1662
2026-06-04T22:30:00+00:00,2927.929999999999,2930.569999999999,2927.679999999999,2930.329999999999,730
2026-06-04T23:00:00+00:00,2930.329999999999,2930.589999999999,2925.569999999999,2926.119999999999,1104
2026-06-04T23:30:00+00:00,2926.119999999999,2926.379999999999,2922.829999999999,2922.829999999999,1253
2026-06-05T00:00:00+00:00,2922.829999999999,2922.879999999999,2917.279999999999,2919.689999999999,6069
2026-06-05T00:30:00+00:00,2919.689999999999,2920.839999999999,2916.469999999999,2917.769999999999,5087
2026-06-05T01:00:00+00:00,2917.769999999999,2919.289999999999,2912.229999999999,2913.929999999999,5702
2026-06-05T01:30:00+00:00,2913.929999999999,2919.989999999999,2913.779999999999,2919.719999999999,4553
2026-06-05T02:00:00+00:00,2919.719999999999,2923.539999999999,2918.619999999999,2921.079999999999,3049
2026-06-05T02:30:00+00:00,2921.079999999999,2921.269999999999,2917.169999999999,2918.039999999999,2376
2026-06-05T03:00:00+00:00,2918.039999999999,2918.839999999999,2915.169999999999,2915.839999999999,2587
2026-06-05T03:30:00+00:00,2915.839999999999,2918.379999999999,2914.879999999999,2916.069999999999,3046
2026-06-05T04:00:00+00:00,2916.069999999999,2919.029999999999,2915.279999999999,2916.829999999999,3190
2026-06-05T04:30:00+00:00,2916.829999999999,2920.689999999999,2915.479999999999,2920.169999999999,2827
2026-06-05T05:00:00+00:00,2920.169999999999,2920.469999999999,2915.369999999999,2916.879999999999,3014
2026-06-05T05:30:00+00:00,2916.879999999999,2919.839999999999,2915.669999999999,2916.179999999999,2966
2026-06-05T06:00:00+00:00,2916.179999999999,2922.319999999999,2914.869999999999,2915.779999999999,4037
2026-06-05T06:30:00+00:00,2915.779999999999,2917.439999999999,2913.419999999999,2916.119999999999,3459
2026-06-05T07:00:00+00:00,2916.119999999999,2917.539999999999,2911.719999999999,2917.019999999999,5725
2026-06-05T07:30:00+00:00,2917.019999999999,2918.939999999999,2915.539999999999,2915.819999999999,4350
2026-06-05T08:00:00+00:00,2915.819999999999,2921.589999999999,2914.419999999999,2921.569999999999,4665
2026-06-05T08:30:00+00:00,2921.569999999999,2922.519999999999,2916.169999999999,2918.129999999999,3269
2026-06-05T09:00:00+00:00,2918.129999999999,2929.189999999999,2917.719999999999,2921.919999999999,6559
2026-06-05T09:30:00+00:00,2921.919999999999,2923.489999999999,2919.119999999999,2921.889999999999,3292
2026-06-05T10:00:00+00:00,2921.889999999999,2924.389999999999,2920.969999999999,2923.839999999999,2090
2026-06-05T10:30:00+00:00,2923.839999999999,2924.939999999999,2921.629999999999,2921.839999999999,1815
2026-06-05T11:00:00+00:00,2921.839999999999,2923.389999999999,2917.579999999999,2923.289999999999,2786
2026-06-05T11:30:00+00:00,2923.289999999999,2924.739999999999,2918.669999999999,2918.769999999999,2367
2026-06-05T12:00:00+00:00,2918.769999999999,2920.219999999999,2916.119999999999,2917.179999999999,2985
2026-06-05T12:30:00+00:00,2917.179999999999,2922.479999999999,2906.919999999999,2908.529999999999,9133
2026-06-05T13:00:00+00:00,2908.529999999999,2911.739999999999,2905.569999999999,2906.189999999999,7621
2026-06-05T13:30:00+00:00,2906.189999999999,2908.539999999999,2874.319999999999,2874.639999999999,42919
2026-06-05T14:00:00+00:00,2874.639999999999,2891.979999999999,2871.379999999999,2879.239999999999,42790
2026-06-05T14:30:00+00:00,2879.239999999999,2894.579999999999,2878.529999999999,2892.569999999999,31335
2026-06-05T15:00:00+00:00,2892.569999999999,2893.389999999999,2874.669999999999,2877.089999999999,26908
2026-06-05T15:30:00+00:00,2877.089999999999,2879.989999999999,2867.469999999999,2870.389999999999,24602
2026-06-05T16:00:00+00:00,2870.389999999999,2870.589999999999,2859.119999999999,2859.589999999999,26224
2026-06-05T16:30:00+00:00,2859.589999999999,2860.779999999999,2847.519999999999,2860.389999999999,28818
2026-06-05T17:00:00+00:00,2860.389999999999,2860.619999999999,2848.769999999999,2854.739999999999,25335
2026-06-05T17:30:00+00:00,2854.739999999999,2859.539999999999,2850.039999999999,2855.5799999999986,21321.474762274986
2026-06-05T18:00:00+00:00,2855.5799999999986,2856.029999999999,2837.2299999999987,2838.219999999999,21405
2026-06-05T18:30:00+00:00,2838.219999999999,2839.2299999999987,2826.3699999999985,2830.739999999999,25501
2026-06-05T19:00:00+00:00,2830.739999999999,2832.9799999999987,2816.0199999999986,2829.7899999999986,31869
2026-06-05T19:30:00+00:00,2829.7899999999986,2839.179999999999,2823.989999999999,2831.029999999999,34744
2026-06-05T20:00:00+00:00,2831.029999999999,2831.2899999999986,2809.9799999999987,2815.2299999999987,16876
2026-06-05T20:30:00+00:00,2815.2299999999987,2815.9399999999987,2809.429999999999,2811.429999999999,4465
2026-06-07T22:00:00+00:00,2811.429999999999,2831.6299999999987,2805.8299999999986,2824.319999999999,7696
2026-06-07T22:30:00+00:00,2824.319999999999,2828.9199999999987,2810.0199999999986,2815.719999999999,6944
2026-06-07T23:00:00+00:00,2815.719999999999,2825.4199999999987,2815.719999999999,2820.589999999999,6065
2026-06-07T23:30:00+00:00,2820.589999999999,2832.2899999999986,2820.4199999999987,2830.3299999999986,6252
2026-06-08T00:00:00+00:00,2830.3299999999986,2841.5399999999986,2827.6399999999985,2840.3299999999986,9689
2026-06-08T00:30:00+00:00,2840.3299999999986,2844.739999999999,2835.6699999999987,2840.819999999999,9794
2026-06-08T01:00:00+00:00,2840.819999999999,2842.5199999999986,2826.4799999999987,2826.679999999999,17406
2026-06-08T01:30:00+00:00,2826.679999999999,2838.8799999999987,2821.469999999999,2837.2699999999986,13999
2026-06-08T02:00:00+00:00,2837.2699999999986,2839.989999999999,2833.989999999999,2839.1399999999985,7857
2026-06-08T02:30:00+00:00,2839.1399999999985,2846.3699999999985,2835.319999999999,2841.739999999999,5746
2026-06-08T03:00:00+00:00,2841.739999999999,2843.8299999999986,2839.5799999999986,2842.6299999999987,4565
2026-06-08T03:30:00+00:00,2842.6299999999987,2844.1899999999987,2842.029999999999,2842.8899999999985,3914
2026-06-08T04:00:00+00:00,2842.8899999999985,2844.0399999999986,2837.719999999999,2839.6299999999987,4815
2026-06-08T04:30:00+00:00,2839.6299999999987,2840.489999999999,2833.3699999999985,2833.7699999999986,6764
2026-06-08T05:00:00+00:00,2833.7699999999986,2838.0799999999986,2831.0799999999986,2834.1199999999985,7819
2026-06-08T05:30:00+00:00,2834.1199999999985,2834.839999999999,2825.2699999999986,2827.8899999999985,7969
2026-06-08T06:00:00+00:00,2827.8899999999985,2836.0799999999986,2826.8699999999985,2835.2299999999987,8432
2026-06-08T06:30:00+00:00,2835.2299999999987,2836.489999999999,2830.719999999999,2833.3299999999986,6485
2026-06-08T07:00:00+00:00,2833.3299999999986,2847.8299999999986,2832.429999999999,2847.1699999999987,8613
2026-06-08T07:30:00+00:00,2847.1699999999987,2852.839999999999,2846.5199999999986,2847.719999999999,4932
2026-06-08T08:00:00+00:00,2847.719999999999,2848.589999999999,2844.569999999999,2846.5799999999986,6294
2026-06-08T08:30:00+00:00,2846.5799999999986,2848.4399999999987,2842.569999999999,2845.2299999999987,5683
2026-06-08T09:00:00+00:00,2845.2299999999987,2851.0199999999986,2843.3799999999987,2849.5399999999986,4268
2026-06-08T09:30:00+00:00,2849.5399999999986,2858.1899999999987,2846.8299999999986,2855.0199999999986,5231
2026-06-08T10:00:00+00:00,2855.0199999999986,2855.9199999999987,2849.469999999999,2851.7299999999987,4239
2026-06-08T10:30:00+00:00,2851.7299999999987,2860.429999999999,2850.9199999999987,2856.3299999999986,5926
2026-06-08T11:00:00+00:00,2856.3299999999986,2871.0399999999986,2854.3799999999987,2869.6199999999985,8701
2026-06-08T11:30:00+00:00,2869.6199999999985,2873.989999999999,2866.2299999999987,2867.3799999999987,5789
2026-06-08T12:00:00+00:00,2867.3799999999987,2873.279999999999,2867.1199999999985,2873.1899999999987,5415
2026-06-08T12:30:00+00:00,2873.1899999999987,2877.4199999999987,2871.5799999999986,2872.1899999999987,4359
2026-06-08T13:00:00+00:00,2872.1899999999987,2877.5399999999986,2869.969999999999,2870.779999999999,5896
2026-06-08T13:30:00+00:00,2870.779999999999,2872.069999999999,2855.719999999999,2857.4199999999987,50753
2026-06-08T14:00:00+00:00,2857.4199999999987,2869.989999999999,2857.1299999999987,2868.7699999999986,39697
2026-06-08T14:30:00+00:00,2868.7699999999986,2880.929999999999,2867.9199999999987,2880.3899999999985,24452
2026-06-08T15:00:00+00:00,2880.3899999999985,2883.989999999999,2876.4199999999987,2877.1699999999987,18270
2026-06-08T15:30:00+00:00,2877.1699999999987,2879.2899999999986,2868.5199999999986,2871.989999999999,21520
2026-06-08T16:00:00+00:00,2871.989999999999,2876.2299999999987,2867.319999999999,2867.7299999999987,18193
2026-06-08T16:30:00+00:00,2867.7299999999987,2872.739999999999,2865.5399999999986,2866.489999999999,16271
2026-06-08T17:00:00+00:00,2866.489999999999,2866.8899999999985,2853.9199999999987,2860.929999999999,17441
2026-06-08T17:30:00+00:00,2860.929999999999,2863.529999999999,2850.9799999999987,2859.4199999999987,18059
2026-06-08T18:00:00+00:00,2859.4199999999987,2868.089999999999,2859.4199999999987,2867.089999999999,14215
2026-06-08T18:30:00+00:00,2867.089999999999,2869.2899999999986,2861.2899999999986,2861.839999999999,12119
2026-06-08T19:00:00+00:00,2861.839999999999,2864.6399999999985,2852.469999999999,2859.1199999999985,15825
2026-06-08T19:30:00+00:00,2859.1199999999985,2861.6399999999985,2855.5799999999986,2857.3699999999985,17622
2026-06-08T20:00:00+00:00,2857.3699999999985,2861.1899999999987,2856.069999999999,2858.4799999999987,3458
2026-06-08T20:30:00+00:00,2858.4799999999987,2858.819999999999,2855.679999999999,2856.2899999999986,1689
2026-06-08T22:00:00+00:00,2856.2899999999986,2858.319999999999,2844.719999999999,2847.5599999999986,5244
2026-06-08T22:30:00+00:00,2847.5599999999986,2854.469999999999,2847.4999999999986,2853.8499999999985,2287
2026-06-08T23:00:00+00:00,2853.8499999999985,2856.819999999999,2852.7499999999986,2854.449999999999,2225
2026-06-08T23:30:00+00:00,2854.449999999999,2858.509999999999,2848.5999999999985,2852.8699999999985,4684
2026-06-09T00:00:00+00:00,2852.8699999999985,2854.3599999999988,2844.4099999999985,2847.299999999999,13204
2026-06-09T00:30:00+00:00,2847.299999999999,2848.0199999999986,2842.1099999999988,2845.2499999999986,9522
2026-06-09T01:00:00+00:00,2845.2499999999986,2859.299999999999,2844.1099999999988,2856.4599999999987,11212
2026-06-09T01:30:00+00:00,2856.4599999999987,2862.549999999999,2854.759999999999,2857.969999999999,9695
2026-06-09T02:00:00+00:00,2857.969999999999,2861.2699999999986,2856.3599999999988,2859.0599999999986,6868
2026-06-09T02:30:00+00:00,2859.0599999999986,2861.5199999999986,2856.7499999999986,2860.469999999999,5733
2026-06-09T03:00:00+00:00,2860.469999999999,2863.6099999999988,2859.259999999999,2861.2099999999987,4805
2026-06-09T03:30:00+00:00,2861.2099999999987,2867.069999999999,2861.069999999999,2865.7699999999986,4333
2026-06-09T04:00:00+00:00,2865.7699999999986,2866.8599999999988,2863.799999999999,2866.2499999999986,3193
2026-06-09T04:30:00+00:00,2866.2499999999986,2869.4199999999987,2865.449999999999,2867.0599999999986,3023
2026-06-09T05:00:00+00:00,2867.0599999999986,2870.5999999999985,2866.8099999999986,2868.0999999999985,2947
2026-06-09T05:30:00+00:00,2868.0999999999985,2873.3999999999987,2867.8599999999988,2870.259999999999,4368
2026-06-09T06:00:00+00:00,2870.259999999999,2872.1599999999985,2868.449999999999,2868.8999999999987,4966
2026-06-09T06:30:00+00:00,2868.8999999999987,2870.1099999999988,2865.949999999999,2867.5599999999986,3496
2026-06-09T07:00:00+00:00,2867.5599999999986,2876.7499999999986,2866.799999999999,2868.259999999999,7081
2026-06-09T07:30:00+00:00,2868.259999999999,2871.3699999999985,2866.7499999999986,2868.799999999999,5723
2026-06-09T08:00:00+00:00,2868.799999999999,2878.0999999999985,2867.049999999999,2877.6499999999987,7765
2026-06-09T08:30:00+00:00,2877.6499999999987,2880.509999999999,2875.9599999999987,2877.799999999999,4139
2026-06-09T09:00:00+00:00,2877.799999999999,2882.8699999999985,2877.449999999999,2882.3999999999987,2830
2026-06-09T09:30:00+00:00,2882.3999999999987,2884.9199999999987,2881.1099999999988,2883.799999999999,2696
2026-06-09T10:00:00+00:00,2883.799999999999,2884.5999999999985,2874.319999999999,2881.3599999999988,5266
2026-06-09T10:30:00+00:00,2881.3599999999988,2888.6199999999985,2880.469999999999,2885.8099999999986,3449
2026-06-09T11:00:00+00:00,2885.8099999999986,2887.5199999999986,2880.069999999999,2880.969999999999,3189
2026-06-09T11:30:00+00:00,2880.969999999999,2885.569999999999,2880.8999999999987,2881.7099999999987,3035
2026-06-09T12:00:00+00:00,2881.7099999999987,2885.5199999999986,2881.259999999999,2884.6099999999988,3284
2026-06-09T12:30:00+00:00,2884.6099999999988,2889.6199999999985,2881.5599999999986,2886.319999999999,4158
2026-06-09T13:00:00+00:00,2886.319999999999,2888.3699999999985,2881.9099999999985,2887.8999999999987,5829
2026-06-09T13:30:00+00:00,2887.8999999999987,2924.759999999999,2884.799999999999,2920.6199999999985,37489
2026-06-09T14:00:00+00:00,2920.6199999999985,2922.6499999999987,2885.2499999999986,2893.3599999999988,51038
2026-06-09T14:30:00+00:00,2893.3599999999988,2897.3599999999988,2857.049999999999,2874.9199999999987,57518
2026-06-09T15:00:00+00:00,2874.9199999999987,2876.0599999999986,2834.0999999999985,2835.699999999999,43666
2026-06-09T15:30:00+00:00,2835.699999999999,2846.3599999999988,2825.0599999999986,2825.469999999999,50811
2026-06-09T16:00:00+00:00,2825.469999999999,2833.8699999999985,2804.8599999999988,2813.6599999999985,50672
2026-06-09T16:30:00+00:00,2813.6599999999985,2821.6199999999985,2791.7499999999986,2811.3599999999988,58249
2026-06-09T17:00:00+00:00,2811.3599999999988,2838.7699999999986,2809.9599999999987,2836.6699999999987,42569
2026-06-09T17:30:00+00:00,2836.6699999999987,2853.4199999999987,2834.049999999999,2846.9199999999987,35236
2026-06-09T18:00:00+00:00,2846.9199999999987,2861.7699999999986,2843.819999999999,2860.5999999999985,32911
2026-06-09T18:30:00+00:00,2860.5999999999985,2870.4599999999987,2858.549999999999,2868.299999999999,28778
2026-06-09T19:00:00+00:00,2868.299999999999,2872.7699999999986,2853.2499999999986,2861.4099999999985,34737
2026-06-09T19:30:00+00:00,2861.4099999999985,2870.9199999999987,2853.259999999999,2865.7099999999987,38926
2026-06-09T20:00:00+00:00,2865.7099999999987,2868.259999999999,2861.1499999999987,2864.9599999999987,10808
2026-06-09T20:30:00+00:00,2864.9599999999987,2869.1099999999988,2863.4099999999985,2865.3999999999987,3928
2026-06-09T22:00:00+00:00,2865.3999999999987,2865.3999999999987,2858.8499999999985,2860.219999999999,2987
2026-06-09T22:30:00+00:00,2860.219999999999,2860.219999999999,2849.3599999999988,2854.1499999999987,4351
2026-06-09T23:00:00+00:00,2854.1499999999987,2858.199999999999,2851.549999999999,2851.799999999999,3751
2026-06-09T23:30:00+00:00,2851.799999999999,2859.2699999999986,2850.8999999999987,2858.5599999999986,5005
2026-06-10T00:00:00+00:00,2858.5599999999986,2864.719999999999,2856.319999999999,2858.8699999999985,13118
2026-06-10T00:30:00+00:00,2858.8699999999985,2859.9199999999987,2847.949999999999,2858.3099999999986,12005
2026-06-10T01:00:00+00:00,2858.3099999999986,2865.549999999999,2856.6599999999985,2862.3499999999985,10233
2026-06-10T01:30:00+00:00,2862.3499999999985,2865.819999999999,2858.7099999999987,2860.4199999999987,10767
2026-06-10T02:00:00+00:00,2860.4199999999987,2861.3499999999985,2855.1099999999988,2859.6099999999988,9043
2026-06-10T02:30:00+00:00,2859.6099999999988,2861.219999999999,2854.1499999999987,2855.0599999999986,7519
2026-06-10T03:00:00+00:00,2855.0599999999986,2861.569999999999,2854.569999999999,2859.1499999999987,7093
2026-06-10T03:30:00+00:00,2859.1499999999987,2859.9199999999987,2854.949999999999,2856.949999999999,6595
2026-06-10T04:00:00+00:00,2856.949999999999,2857.7699999999986,2851.1499999999987,2851.2699999999986,6293
2026-06-10T04:30:00+00:00,2851.2699999999986,2852.469999999999,2846.799999999999,2848.8699999999985,6154
2026-06-10T05:00:00+00:00,2848.8699999999985,2855.299999999999,2847.049999999999,2855.1099999999988,7812
2026-06-10T05:30:00+00:00,2855.1099999999988,2856.8499999999985,2850.299999999999,2856.1699999999987,9599
2026-06-10T06:00:00+00:00,2856.1699999999987,2860.1199999999985,2855.259999999999,2856.819999999999,6868
2026-06-10T06:30:00+00:00,2856.819999999999,2860.3099999999986,2855.2499999999986,2855.799999999999,4405
2026-06-10T07:00:00+00:00,2855.799999999999,2858.6599999999985,2852.6599999999985,2853.9599999999987,7806
2026-06-10T07:30:00+00:00,2853.9599999999987,2857.1699999999987,2852.1499999999987,2855.3499999999985,7227
2026-06-10T08:00:00+00:00,2855.3499999999985,2855.699999999999,2846.699999999999,2847.6599999999985,10799
2026-06-10T08:30:00+00:00,2847.6599999999985,2849.319999999999,2836.5599999999986,2838.6099999999988,10440
2026-06-10T09:00:00+00:00,2838.6099999999988,2842.4199999999987,2832.799999999999,2842.219999999999,10723
2026-06-10T09:30:00+00:00,2842.219999999999,2846.6099999999988,2838.9099999999985,2845.449999999999,9111
2026-06-10T10:00:00+00:00,2845.449999999999,2845.6699999999987,2838.469999999999,2844.1099999999988,8213
2026-06-10T10:30:00+00:00,2844.1099999999988,2849.4199999999987,2842.1199999999985,2846.7099999999987,8107
2026-06-10T11:00:00+00:00,2846.7099999999987,2849.6699999999987,2823.3999999999987,2830.9199999999987,22293
2026-06-10T11:30:00+00:00,2830.9199999999987,2843.4999999999986,2826.3499999999985,2839.5199999999986,12924
2026-06-10T12:00:00+00:00,2839.5199999999986,2849.5599999999986,2837.759999999999,2847.8599999999988,12028
2026-06-10T12:30:00+00:00,2847.8599999999988,2874.8999999999987,2845.1499999999987,2860.1699999999987,26664
2026-06-10T13:00:00+00:00,2860.1699999999987,2865.2099999999987,2858.3099999999986,2861.9999999999986,12186
2026-06-10T13:30:00+00:00,2861.9999999999986,2905.4099999999985,2854.9199999999987,2895.449999999999,58569
2026-06-10T14:00:00+00:00,2895.449999999999,2905.1499999999987,2887.9999999999986,2902.5999999999985,45500
2026-06-10T14:30:00+00:00,2902.5999999999985,2906.3699999999985,2864.9099999999985,2869.6599999999985,46085
2026-06-10T15:00:00+00:00,2869.6599999999985,2881.469999999999,2852.759999999999,2864.0199999999986,51537
2026-06-10T15:30:00+00:00,2864.0199999999986,2871.6199999999985,2844.949999999999,2867.6199999999985,49510
2026-06-10T16:00:00+00:00,2867.6199999999985,2869.819999999999,2854.969999999999,2860.2099999999987,34942
2026-06-10T16:30:00+00:00,2860.2099999999987,2869.6199999999985,2851.549999999999,2859.199999999999,31573
2026-06-10T17:00:00+00:00,2859.199999999999,2864.319999999999,2849.4999999999986,2856.699999999999,30387
2026-06-10T17:30:00+00:00,2856.699999999999,2864.1699999999987,2846.699999999999,2863.2499999999986,32425
2026-06-10T18:00:00+00:00,2863.2499999999986,2867.469999999999,2850.8599999999988,2851.6199999999985,24558
2026-06-10T18:30:00+00:00,2851.6199999999985,2851.969999999999,2839.8499999999985,2845.1499999999987,23192
2026-06-10T19:00:00+00:00,2845.1499999999987,2846.1699999999987,2832.9199999999987,2836.3599999999988,25242
2026-06-10T19:30:00+00:00,2836.3599999999988,2845.9099999999985,2834.5999999999985,2835.6199999999985,32415
2026-06-10T20:00:00+00:00,2835.6199999999985,2836.319999999999,2830.8999999999987,2833.469999999999,10816
2026-06-10T20:30:00+00:00,2833.469999999999,2833.469999999999,2826.8099999999986,2832.2699999999986,6012
2026-06-10T22:00:00+00:00,2832.2699999999986,2832.2699999999986,2819.3999999999987,2825.6199999999985,3066
2026-06-10T22:30:00+00:00,2825.6199999999985,2830.4199999999987,2814.4999999999986,2816.949999999999,4816
2026-06-10T23:00:00+00:00,2816.949999999999,2824.559999999999,2811.809999999999,2823.119999999999,8069.041431149424
2026-06-10T23:30:00+00:00,2823.119999999999,2824.869999999999,2815.8599999999988,2818.4199999999987,5627
2026-06-11T00:00:00+00:00,2818.4199999999987,2835.779999999999,2817.509999999999,2830.729999999999,16519
2026-06-11T00:30:00+00:00,2830.729999999999,2838.3799999999987,2825.709999999999,2837.209999999999,12520
2026-06-11T01:00:00+00:00,2837.209999999999,2855.009999999999,2837.159999999999,2853.769999999999,11261
2026-06-11T01:30:00+00:00,2853.769999999999,2854.329999999999,2844.809999999999,2846.029999999999,7804
2026-06-11T02:00:00+00:00,2846.029999999999,2850.269999999999,2837.309999999999,2838.559999999999,8944
2026-06-11T02:30:00+00:00,2838.559999999999,2845.1299999999987,2835.779999999999,2844.069999999999,9229
2026-06-11T03:00:00+00:00,2844.069999999999,2847.059999999999,2839.309999999999,2842.759999999999,7788
2026-06-11T03:30:00+00:00,2842.759999999999,2851.219999999999,2842.1099999999988,2850.519999999999,6846
2026-06-11T04:00:00+00:00,2850.519999999999,2852.8799999999987,2848.619999999999,2851.719999999999,5605
2026-06-11T04:30:00+00:00,2851.719999999999,2859.269999999999,2851.219999999999,2855.909999999999,4893
2026-06-11T05:00:00+00:00,2855.909999999999,2856.3799999999987,2849.959999999999,2851.6099999999988,5103
2026-06-11T05:30:00+00:00,2851.6099999999988,2854.509999999999,2850.009999999999,2853.309999999999,5403
2026-06-11T06:00:00+00:00,2853.309999999999,2854.429999999999,2846.459999999999,2853.479999999999,6978
2026-06-11T06:30:00+00:00,2853.479999999999,2857.6299999999987,2851.709999999999,2857.119999999999,4495
2026-06-11T07:00:00+00:00,2857.119999999999,2869.619999999999,2856.559999999999,2867.619999999999,5865
2026-06-11T07:30:00+00:00,2867.619999999999,2870.779999999999,2865.819999999999,2866.509999999999,4671
2026-06-11T08:00:00+00:00,2866.509999999999,2874.209999999999,2866.019999999999,2871.709999999999,5610
2026-06-11T08:30:00+00:00,2871.709999999999,2878.6699999999987,2871.209999999999,2878.209999999999,3565
2026-06-11T09:00:00+00:00,2878.209999999999,2878.559999999999,2875.069999999999,2876.519999999999,3342
2026-06-11T09:30:00+00:00,2876.519999999999,2880.579999999999,2875.469999999999,2879.179999999999,3152
2026-06-11T10:00:00+00:00,2879.179999999999,2881.1699999999987,2874.719999999999,2874.719999999999,3171
2026-06-11T10:30:00+00:00,2874.719999999999,2880.059999999999,2874.719999999999,2877.1699999999987,2779
2026-06-11T11:00:00+00:00,2877.1699999999987,2877.179999999999,2867.079999999999,2870.8799999999987,4329
2026-06-11T11:30:00+00:00,2870.8799999999987,2879.309999999999,2870.6099999999988,2878.209999999999,5068
2026-06-11T12:00:00+00:00,2878.209999999999,2878.6299999999987,2853.559999999999,2858.029999999999,10635
2026-06-11T12:30:00+00:00,2858.029999999999,2866.8799999999987,2845.429999999999,2863.829999999999,15952
2026-06-11T13:00:00+00:00,2863.829999999999,2864.269999999999,2857.619999999999,2859.8799999999987,8343
2026-06-11T13:30:00+00:00,2859.8799999999987,2885.759999999999,2856.409999999999,2878.319999999999,50898
2026-06-11T14:00:00+00:00,2878.319999999999,2888.179999999999,2861.579999999999,2875.369999999999,45617
2026-06-11T14:30:00+00:00,2875.369999999999,2883.779999999999,2863.159999999999,2865.509999999999,37916
2026-06-11T15:00:00+00:00,2865.509999999999,2882.6299999999987,2859.6099999999988,2875.709999999999,36111
2026-06-11T15:30:00+00:00,2875.709999999999,2882.509999999999,2868.369999999999,2874.6299999999987,29096
2026-06-11T16:00:00+00:00,2874.6299999999987,2880.979999999999,2870.009999999999,2870.329999999999,25304
2026-06-11T16:30:00+00:00,2870.329999999999,2879.459999999999,2863.809999999999,2863.9199999999987,22284
2026-06-11T17:00:00+00:00,2863.9199999999987,2896.079999999999,2857.909999999999,2893.209999999999,24502
2026-06-11T17:30:00+00:00,2893.209999999999,2918.579999999999,2892.179999999999,2909.479999999999,48939
2026-06-11T18:00:00+00:00,2909.479999999999,2913.479999999999,2893.9199999999987,2901.219999999999,32494
2026-06-11T18:30:00+00:00,2901.219999999999,2909.279999999999,2899.579999999999,2907.119999999999,18606
2026-06-11T19:00:00+00:00,2907.119999999999,2919.179999999999,2905.709999999999,2916.509999999999,19688
2026-06-11T19:30:00+00:00,2916.509999999999,2926.4199999999987,2915.509999999999,2919.829999999999,25607
2026-06-11T20:00:00+00:00,2919.829999999999,2925.779999999999,2917.619999999999,2922.769999999999,6240
2026-06-11T20:30:00+00:00,2922.769999999999,2923.769999999999,2916.659999999999,2920.519999999999,3169
2026-06-11T22:00:00+00:00,2920.519999999999,2930.199999999999,2919.659999999999,2927.8599999999988,3686
2026-06-11T22:30:00+00:00,2927.8599999999988,2930.019999999999,2926.499999999999,2928.969999999999,2214
2026-06-11T23:00:00+00:00,2928.969999999999,2929.259999999999,2921.759999999999,2924.6499999999987,3156
2026-06-11T23:30:00+00:00,2924.6499999999987,2930.819999999999,2924.599999999999,2928.4199999999987,3492
2026-06-12T00:00:00+00:00,2928.4199999999987,2930.1099999999988,2923.8999999999987,2928.6099999999988,8876
2026-06-12T00:30:00+00:00,2928.6099999999988,2931.869999999999,2923.519999999999,2925.259999999999,6449
2026-06-12T01:00:00+00:00,2925.259999999999,2925.319999999999,2914.8999999999987,2915.869999999999,7671
2026-06-12T01:30:00+00:00,2915.869999999999,2923.459999999999,2915.259999999999,2923.049999999999,7421
2026-06-12T02:00:00+00:00,2923.049999999999,2926.269999999999,2920.259999999999,2920.509999999999,6342
2026-06-12T02:30:00+00:00,2920.509999999999,2924.6699999999987,2919.809999999999,2924.059999999999,5834
2026-06-12T03:00:00+00:00,2924.059999999999,2924.159999999999,2917.069999999999,2919.749999999999,6268
2026-06-12T03:30:00+00:00,2919.749999999999,2923.1699999999987,2919.199999999999,2922.059999999999,7852
2026-06-12T04:00:00+00:00,2922.059999999999,2923.019999999999,2918.449999999999,2922.819999999999,4269
2026-06-12T04:30:00+00:00,2922.819999999999,2924.499999999999,2921.749999999999,2924.4199999999987,3815
2026-06-12T05:00:00+00:00,2924.4199999999987,2925.3999999999987,2919.949999999999,2924.349999999999,6139
2026-06-12T05:30:00+00:00,2924.349999999999,2924.349999999999,2911.299999999999,2914.449999999999,10766
2026-06-12T06:00:00+00:00,2914.449999999999,2921.3599999999988,2914.349999999999,2918.099999999999,10133
2026-06-12T06:30:00+00:00,2918.099999999999,2918.259999999999,2911.569999999999,2914.019999999999,6367
2026-06-12T07:00:00+00:00,2914.019999999999,2915.119999999999,2908.709999999999,2911.549999999999,8238
2026-06-12T07:30:00+00:00,2911.549999999999,2930.059999999999,2910.749999999999,2927.069999999999,7882
2026-06-12T08:00:00+00:00,2927.069999999999,2944.009999999999,2925.459999999999,2940.059999999999,13006
2026-06-12T08:30:00+00:00,2940.059999999999,2941.369999999999,2931.549999999999,2934.1099999999988,7737
2026-06-12T09:00:00+00:00,2934.1099999999988,2947.159999999999,2934.1099999999988,2945.6499999999987,7410
2026-06-12T09:30:00+00:00,2945.6499999999987,2953.1499999999987,2942.409999999999,2943.509999999999,6794
2026-06-12T10:00:00+00:00,2943.509999999999,2946.559999999999,2935.049999999999,2937.059999999999,8247
2026-06-12T10:30:00+00:00,2937.059999999999,2942.159999999999,2936.1499999999987,2939.199999999999,7104
2026-06-12T11:00:00+00:00,2939.199999999999,2945.119999999999,2938.059999999999,2943.1099999999988,7523
2026-06-12T11:30:00+00:00,2943.1099999999988,2947.319999999999,2938.449999999999,2943.759999999999,6714
2026-06-12T12:00:00+00:00,2943.759999999999,2944.719999999999,2931.1499999999987,2932.769999999999,7095
2026-06-12T12:30:00+00:00,2932.769999999999,2934.519999999999,2921.119999999999,2923.519999999999,9818
2026-06-12T13:00:00+00:00,2923.519999999999,2932.1099999999988,2920.659999999999,2931.259999999999,6596
2026-06-12T13:30:00+00:00,2931.259999999999,2940.4199999999987,2918.209999999999,2938.249999999999,35228
2026-06-12T14:00:00+00:00,2938.249999999999,2957.769999999999,2936.259999999999,2953.8999999999987,21373
2026-06-12T14:30:00+00:00,2953.8999999999987,2966.219999999999,2940.949999999999,2963.949999999999,32368
2026-06-12T15:00:00+00:00,2963.949999999999,2972.549999999999,2961.499999999999,2969.099999999999,18834
2026-06-12T15:30:00+00:00,2969.099999999999,2969.469999999999,2941.1699999999987,2943.459999999999,20343
2026-06-12T16:00:00+00:00,2943.459999999999,2958.1699999999987,2937.199999999999,2951.519999999999,20556
2026-06-12T16:30:00+00:00,2951.519999999999,2958.769999999999,2950.749999999999,2955.269999999999,14806
2026-06-12T17:00:00+00:00,2955.269999999999,2961.459999999999,2951.599999999999,2954.659999999999,12913
2026-06-12T17:30:00+00:00,2954.659999999999,2956.519999999999,2949.4499999999985,2952.6999999999985,10919.009082062927
2026-06-12T18:00:00+00:00,2952.6999999999985,2955.1099999999988,2946.2599999999984,2950.8199999999983,10873
2026-06-12T18:30:00+00:00,2950.8199999999983,2953.1499999999987,2944.0599999999986,2944.2999999999984,9345
2026-06-12T19:00:00+00:00,2944.2999999999984,2952.2699999999986,2944.1999999999985,2950.3199999999983,9602
2026-06-12T19:30:00+00:00,2950.3199999999983,2953.4199999999987,2941.9999999999986,2944.4699999999984,13757
2026-06-12T20:00:00+00:00,2944.4699999999984,2951.5499999999984,2944.1699999999987,2947.9099999999985,3714
2026-06-12T20:30:00+00:00,2947.9099999999985,2950.5199999999986,2947.9099999999985,2948.1099999999988,954
2026-06-14T22:00:00+00:00,2948.1099999999988,3000.1799999999985,2948.1099999999988,2992.2099999999987,7039
2026-06-14T22:30:00+00:00,2992.2099999999987,2993.2699999999986,2989.2299999999987,2991.5699999999983,4858
2026-06-14T23:00:00+00:00,2991.5699999999983,2994.0799999999986,2983.9599999999987,2988.1599999999985,4535
2026-06-14T23:30:00+00:00,2988.1599999999985,2992.5299999999984,2987.8699999999985,2990.9299999999985,4927
2026-06-15T00:00:00+00:00,2990.9299999999985,3000.4799999999987,2988.9599999999987,2998.8199999999983,9796
2026-06-15T00:30:00+00:00,2998.8199999999983,3000.5599999999986,2994.9599999999987,2995.6199999999985,5022
2026-06-15T01:00:00+00:00,2995.6199999999985,2997.5299999999984,2994.3599999999988,2995.1199999999985,6844
2026-06-15T01:30:00+00:00,2995.1199999999985,2996.0599999999986,2992.0099999999984,2992.7699999999986,4114
2026-06-15T02:00:00+00:00,2992.7699999999986,2995.8699999999985,2992.4299999999985,2995.2299999999987,3502
2026-06-15T02:30:00+00:00,2995.2299999999987,2995.9699999999984,2993.7599999999984,2995.5199999999986,2972
2026-06-15T03:00:00+00:00,2995.5199999999986,2996.8099999999986,2993.6599999999985,2995.5599999999986,2700
2026-06-15T03:30:00+00:00,2995.5599999999986,2996.6199999999985,2992.8599999999988,2993.6699999999987,2922
2026-06-15T04:00:00+00:00,2993.6699999999987,2994.2099999999987,2991.3599999999988,2993.5199999999986,2543
2026-06-15T04:30:00+00:00,2993.5199999999986,2997.0799999999986,2992.5099999999984,2996.2699999999986,2713
2026-06-15T05:00:00+00:00,2996.2699999999986,2999.2699999999986,2995.4799999999987,2997.6699999999987,2669
2026-06-15T05:30:00+00:00,2997.6699999999987,2998.5599999999986,2994.8699999999985,2997.2199999999984,3288
2026-06-15T06:00:00+00:00,2997.2199999999984,2998.4799999999987,2992.9599999999987,2994.7599999999984,4651
2026-06-15T06:30:00+00:00,2994.7599999999984,2995.5299999999984,2991.1599999999985,2993.4099999999985,3869
2026-06-15T07:00:00+00:00,2993.4099999999985,2995.3299999999986,2990.6699999999987,2993.7799999999984,5450
2026-06-15T07:30:00+00:00,2993.7799999999984,2994.9799999999987,2991.2199999999984,2991.7199999999984,4136
2026-06-15T08:00:00+00:00,2991.7199999999984,2996.3699999999985,2990.6599999999985,2995.9299999999985,5803
2026-06-15T08:30:00+00:00,2995.9299999999985,2996.7599999999984,2993.3199999999983,2994.9199999999987,4182
2026-06-15T09:00:00+00:00,2994.9199999999987,2996.8699999999985,2988.7599999999984,2989.1699999999987,4522
2026-06-15T09:30:00+00:00,2989.1699999999987,2991.6699999999987,2988.0599999999986,2989.6699999999987,3111
2026-06-15T10:00:00+00:00,2989.6699999999987,2994.8799999999987,2988.9599999999987,2994.3099999999986,2820
2026-06-15T10:30:00+00:00,2994.3099999999986,2994.7299999999987,2991.1699999999987,2992.2099999999987,2778
2026-06-15T11:00:00+00:00,2992.2099999999987,3002.9699999999984,2991.6599999999985,3001.7699999999986,3744
2026-06-15T11:30:00+00:00,3001.7699999999986,3003.4599999999987,2994.8599999999988,2998.1599999999985,4942
2026-06-15T12:00:00+00:00,2998.1599999999985,2998.8699999999985,2992.5799999999986,2992.9599999999987,5971
2026-06-15T12:30:00+00:00,2992.9599999999987,2996.2799999999984,2992.7299999999987,2995.8699999999985,4638
2026-06-15T13:00:00+00:00,2995.8699999999985,2996.1699999999987,2987.2699999999986,2987.3599999999988,5350
2026-06-15T13:30:00+00:00,2987.3599999999988,3000.8099999999986,2985.2799999999984,2989.8299999999986,31740
2026-06-15T14:00:00+00:00,2989.8299999999986,2990.5799999999986,2974.1599999999985,2976.3199999999983,24112
2026-06-15T14:30:00+00:00,2976.3199999999983,2977.8299999999986,2969.6799999999985,2970.4599999999987,18545
2026-06-15T15:00:00+00:00,2970.4599999999987,2976.9699999999984,2969.6099999999988,2976.7299999999987,11666
2026-06-15T15:30:00+00:00,2976.7299999999987,2984.2299999999987,2976.0099999999984,2982.3599999999988,9328
2026-06-15T16:00:00+00:00,2982.3599999999988,2985.2299999999987,2979.5599999999986,2982.5099999999984,7821
2026-06-15T16:30:00+00:00,2982.5099999999984,2984.5099999999984,2976.4799999999987,2978.2099999999987,7406
2026-06-15T17:00:00+00:00,2978.2099999999987,2979.8099999999986,2974.5599999999986,2977.4299999999985,9341
2026-06-15T17:30:00+00:00,2977.4299999999985,2979.8199999999983,2972.3099999999986,2973.9199999999987,7529
2026-06-15T18:00:00+00:00,2973.9199999999987,2975.1299999999987,2970.5099999999984,2971.6099999999988,8756
2026-06-15T18:30:00+00:00,2971.6099999999988,2973.0299999999984,2968.2199999999984,2968.8799999999987,7684
2026-06-15T19:00:00+00:00,2968.8799999999987,2970.9799999999987,2966.0099999999984,2966.5199999999986,7915
2026-06-15T19:30:00+00:00,2966.5199999999986,2971.3299999999986,2961.3699999999985,2969.0799999999986,12327
2026-06-15T20:00:00+00:00,2969.0799999999986,2970.6099999999988,2966.8799999999987,2969.5699999999983,3377
2026-06-15T20:30:00+00:00,2969.5699999999983,2971.8699999999985,2967.8199999999983,2968.0599999999986,2065
2026-06-15T22:00:00+00:00,2968.0599999999986,2969.8099999999986,2961.4499999999985,2964.7599999999984,1970
2026-06-15T22:30:00+00:00,2964.7599999999984,2966.2699999999986,2963.0699999999983,2964.4499999999985,1826
2026-06-15T23:00:00+00:00,2964.4499999999985,2966.7699999999986,2963.4499999999985,2966.3499999999985,1871
2026-06-15T23:30:00+00:00,2966.3499999999985,2967.1199999999985,2964.2499999999986,2965.6599999999985,1243
2026-06-16T00:00:00+00:00,2965.6599999999985,2967.7599999999984,2963.1499999999987,2966.6499999999987,2663
2026-06-16T00:30:00+00:00,2966.6499999999987,2968.3599999999988,2962.9499999999985,2963.8999999999987,6175
2026-06-16T01:00:00+00:00,2963.8999999999987,2967.0099999999984,2963.0499999999984,2966.3999999999987,6442
2026-06-16T01:30:00+00:00,2966.3999999999987,2970.2099999999987,2965.6699999999987,2968.5699999999983,4050
2026-06-16T02:00:00+00:00,2968.5699999999983,2970.3999999999987,2967.5499999999984,2969.3999999999987,3687
2026-06-16T02:30:00+00:00,2969.3999999999987,2971.7699999999986,2969.1499999999987,2969.9599999999987,2414
2026-06-16T03:00:00+00:00,2969.9599999999987,2973.9599999999987,2969.6699999999987,2973.0599999999986,2695
2026-06-16T03:30:00+00:00,2973.0599999999986,2975.7699999999986,2972.3499999999985,2973.1699999999987,3891
2026-06-16T04:00:00+00:00,2973.1699999999987,2973.4199999999987,2970.8599999999988,2971.7699999999986,2541
2026-06-16T04:30:00+00:00,2971.7699999999986,2973.1699999999987,2969.4499999999985,2971.0699999999983,2493
2026-06-16T05:00:00+00:00,2971.0699999999983,2975.0199999999986,2971.0699999999983,2972.7099999999987,2597
2026-06-16T05:30:00+00:00,2972.7099999999987,2973.1499999999987,2969.5499999999984,2969.9499999999985,4382
2026-06-16T06:00:00+00:00,2969.9499999999985,2973.5199999999986,2969.2499999999986,2973.2599999999984,4190
2026-06-16T06:30:00+00:00,2973.2599999999984,2974.3599999999988,2972.3499999999985,2973.4099999999985,2402
2026-06-16T07:00:00+00:00,2973.4099999999985,2976.1499999999987,2972.4499999999985,2975.3999999999987,5050
2026-06-16T07:30:00+00:00,2975.3999999999987,2976.5099999999984,2972.1599999999985,2974.7699999999986,4541
2026-06-16T08:00:00+00:00,2974.7699999999986,2976.9199999999987,2972.5499999999984,2974.1499999999987,5093
2026-06-16T08:30:00+00:00,2974.1499999999987,2974.3099999999986,2970.8699999999985,2972.7599999999984,4464
2026-06-16T09:00:00+00:00,2972.7599999999984,2974.1099999999988,2969.4699999999984,2971.5099999999984,3239
2026-06-16T09:30:00+00:00,2971.5099999999984,2972.4699999999984,2967.0599999999986,2968.0699999999983,3237
2026-06-16T10:00:00+00:00,2968.0699999999983,2970.9099999999985,2967.9599999999987,2970.3499999999985,2948
2026-06-16T10:30:00+00:00,2970.3499999999985,2971.9699999999984,2968.9599999999987,2971.7499999999986,2608
2026-06-16T11:00:00+00:00,2971.7499999999986,2972.3699999999985,2969.1499999999987,2971.7499999999986,3763
2026-06-16T11:30:00+00:00,2971.7499999999986,2974.3699999999985,2970.6499999999987,2973.7099999999987,2637
2026-06-16T12:00:00+00:00,2973.7099999999987,2976.6699999999987,2970.8499999999985,2972.5499999999984,5172
2026-06-16T12:30:00+00:00,2972.5499999999984,2974.2699999999986,2970.4499999999985,2972.7999999999984,5660
2026-06-16T13:00:00+00:00,2972.7999999999984,2977.6099999999988,2970.2699999999986,2976.5999999999985,5720
2026-06-16T13:30:00+00:00,2976.5999999999985,2988.5699999999983,2974.5699999999983,2982.5699999999983,32886
2026-06-16T14:00:00+00:00,2982.5699999999983,2990.6199999999985,2960.7199999999984,2960.7499999999986,31036
2026-06-16T14:30:00+00:00,2960.7499999999986,2967.9699999999984,2951.8999999999987,2953.5599999999986,32543
2026-06-16T15:00:00+00:00,2953.5599999999986,2962.5999999999985,2951.4499999999985,2955.1199999999985,25049
2026-06-16T15:30:00+00:00,2955.1199999999985,2961.5699999999983,2948.0599999999986,2955.9599999999987,24752
2026-06-16T16:00:00+00:00,2955.9599999999987,2963.7499999999986,2955.5199999999986,2959.9599999999987,14867
2026-06-16T16:30:00+00:00,2959.9599999999987,2960.4499999999985,2953.5999999999985,2960.2499999999986,14397
2026-06-16T17:00:00+00:00,2960.2499999999986,2960.5599999999986,2953.8699999999985,2956.6099999999988,10788
2026-06-16T17:30:00+00:00,2956.6099999999988,2961.1199999999985,2952.1099999999988,2958.6699999999987,11265
2026-06-16T18:00:00+00:00,2958.6699999999987,2961.6099999999988,2956.0999999999985,2957.6499999999987,9373
2026-06-16T18:30:00+00:00,2957.6499999999987,2957.9599999999987,2952.8999999999987,2953.2499999999986,9281
2026-06-16T19:00:00+00:00,2953.2499999999986,2953.7699999999986,2944.3999999999987,2950.1199999999985,16148
2026-06-16T19:30:00+00:00,2950.1199999999985,2952.4199999999987,2937.3499999999985,2942.9099999999985,22082
2026-06-16T20:00:00+00:00,2942.9099999999985,2942.9099999999985,2937.1499999999987,2940.1199999999985,5638
2026-06-16T20:30:00+00:00,2940.1199999999985,2941.2999999999984,2937.4499999999985,2940.1599999999985,2245
2026-06-16T22:00:00+00:00,2940.1599999999985,2945.2599999999984,2937.7199999999984,2943.9099999999985,581
2026-06-16T22:30:00+00:00,2943.9099999999985,2946.2799999999984,2943.9099999999985,2945.8199999999983,1107
2026-06-16T23:00:00+00:00,2945.8199999999983,2945.9299999999985,2943.2099999999987,2944.6199999999985,1159
2026-06-16T23:30:00+00:00,2944.6199999999985,2945.4799999999987,2942.7099999999987,2943.8099999999986,2106
2026-06-17T00:00:00+00:00,2943.8099999999986,2947.9799999999987,2943.8099999999986,2946.7099999999987,5536
2026-06-17T00:30:00+00:00,2946.7099999999987,2948.9299999999985,2946.1099999999988,2946.8099999999986,2953
2026-06-17T01:00:00+00:00,2946.8099999999986,2950.1699999999987,2945.7099999999987,2949.1299999999987,3288
2026-06-17T01:30:00+00:00,2949.1299999999987,2949.9799999999987,2947.3099999999986,2948.4099999999985,2055
2026-06-17T02:00:00+00:00,2948.4099999999985,2949.3599999999988,2947.8099999999986,2947.9099999999985,1488
2026-06-17T02:30:00+00:00,2947.9099999999985,2948.3799999999987,2945.9099999999985,2946.5199999999986,817
2026-06-17T03:00:00+00:00,2946.5199999999986,2949.4799999999987,2945.4099999999985,2946.4199999999987,1430
2026-06-17T03:30:00+00:00,2946.4199999999987,2950.8699999999985,2945.8099999999986,2950.4099999999985,1290
2026-06-17T04:00:00+00:00,2950.4099999999985,2951.4799999999987,2950.0099999999984,2950.7799999999984,1487
2026-06-17T04:30:00+00:00,2950.7799999999984,2950.9799999999987,2948.2099999999987,2950.3199999999983,1323
2026-06-17T05:00:00+00:00,2950.3199999999983,2951.9699999999984,2950.2099999999987,2950.5199999999986,742
2026-06-17T05:30:00+00:00,2950.5199999999986,2952.9299999999985,2949.0099999999984,2949.6099999999988,1779
2026-06-17T06:00:00+00:00,2949.6099999999988,2951.7799999999984,2947.7099999999987,2947.8099999999986,2549
2026-06-17T06:30:00+00:00,2947.8099999999986,2951.0299999999984,2946.4099999999985,2950.3799999999987,1957
2026-06-17T07:00:00+00:00,2950.3799999999987,2954.5299999999984,2946.0099999999984,2947.5299999999984,3608
2026-06-17T07:30:00+00:00,2947.5299999999984,2949.1299999999987,2945.4299999999985,2945.8199999999983,3138
2026-06-17T08:00:00+00:00,2945.8199999999983,2947.4699999999984,2940.0099999999984,2944.4199999999987,4701
2026-06-17T08:30:00+00:00,2944.4199999999987,2946.6699999999987,2941.2099999999987,2946.0099999999984,3848
2026-06-17T09:00:00+00:00,2946.0099999999984,2950.5199999999986,2944.8099999999986,2949.8099999999986,3104
2026-06-17T09:30:00+00:00,2949.8099999999986,2951.4799999999987,2944.8099999999986,2945.4699999999984,3161
2026-06-17T10:00:00+00:00,2945.4699999999984,2945.8699999999985,2941.9099999999985,2944.4299999999985,3565
2026-06-17T10:30:00+00:00,2944.4299999999985,2948.3799999999987,2942.8199999999983,2943.1099999999988,3220
2026-06-17T11:00:00+00:00,2943.1099999999988,2946.9799999999987,2943.1099999999988,2945.6099999999988,2905
2026-06-17T11:30:00+00:00,2945.6099999999988,2946.7599999999984,2940.2099999999987,2942.8099999999986,3598
2026-06-17T12:00:00+00:00,2942.8099999999986,2947.2799999999984,2942.1199999999985,2944.9199999999987,3535
2026-06-17T12:30:00+00:00,2944.9199999999987,2946.9699999999984,2943.8099999999986,2945.1799999999985,4094
2026-06-17T13:00:00+00:00,2945.1799999999985,2946.7299999999987,2942.1299999999987,2945.8699999999985,5073
2026-06-17T13:30:00+00:00,2945.8699999999985,2971.1699999999987,2945.6599999999985,2959.8299999999986,28680
2026-06-17T14:00:00+00:00,2959.8299999999986,2968.8099999999986,2955.4199999999987,2965.0199999999986,23820
2026-06-17T14:30:00+00:00,2965.0199999999986,2965.3199999999983,2944.4299999999985,2956.9699999999984,29122
2026-06-17T15:00:00+00:00,2956.9699999999984,2968.3799999999987,2956.2199999999984,2968.3199999999983,18616
2026-06-17T15:30:00+00:00,2968.3199999999983,2975.9299999999985,2966.8599999999988,2974.7799999999984,11581
2026-06-17T16:00:00+00:00,2974.7799999999984,2976.0699999999983,2971.7199999999984,2975.1299999999987,3951
2026-06-17T16:30:00+00:00,2975.1299999999987,2976.6299999999987,2970.7099999999987,2975.9099999999985,3577
2026-06-17T17:00:00+00:00,2975.9099999999985,2976.5299999999984,2969.0099999999984,2974.6799999999985,7018
2026-06-17T17:30:00+00:00,2974.6799999999985,2977.9299999999985,2972.2199999999984,2977.3699999999985,7280
2026-06-17T18:00:00+00:00,2977.3699999999985,2977.4799999999987,2923.5099999999984,2941.1199999999985,45994
2026-06-17T18:30:00+00:00,2941.1199999999985,2970.9699999999984,2936.0199999999986,2947.4099999999985,41545
2026-06-17T19:00:00+00:00,2947.4099999999985,2954.7599999999984,2917.4099999999985,2923.5299999999984,41621
2026-06-17T19:30:00+00:00,2923.5299999999984,2926.2599999999984,2909.5099999999984,2918.6299999999987,34444
2026-06-17T20:00:00+00:00,2918.6299999999987,2928.6199999999985,2918.0199999999986,2925.8199999999983,5378
2026-06-17T20:30:00+00:00,2925.8199999999983,2929.6599999999985,2923.5099999999984,2927.5599999999986,2908
2026-06-17T22:00:00+00:00,2927.5599999999986,2940.5099999999984,2924.839999999999,2939.1099999999988,3567
2026-06-17T22:30:00+00:00,2939.1099999999988,2941.3899999999985,2937.2899999999986,2940.1399999999985,1447
2026-06-17T23:00:00+00:00,2940.1399999999985,2948.9599999999987,2939.1099999999988,2948.3099999999986,1490.2525043494186
2026-06-17T23:30:00+00:00,2948.3099999999986,2949.0499999999984,2946.6399999999985,2948.9899999999984,1880
2026-06-18T00:00:00+00:00,2948.9899999999984,2957.4899999999984,2948.2399999999984,2953.0499999999984,7801
2026-06-18T00:30:00+00:00,2953.0499999999984,2956.1599999999985,2948.8399999999983,2950.3999999999983,4869
2026-06-18T01:00:00+00:00,2950.3999999999983,2956.0499999999984,2950.0099999999984,2953.2999999999984,5381
2026-06-18T01:30:00+00:00,2953.2999999999984,2954.8099999999986,2950.0399999999986,2950.9399999999987,4172
2026-06-18T02:00:00+00:00,2950.9399999999987,2954.6099999999983,2950.4399999999987,2952.1599999999985,2848
2026-06-18T02:30:00+00:00,2952.1599999999985,2953.6399999999985,2951.2499999999986,2952.3899999999985,1900
2026-06-18T03:00:00+00:00,2952.3899999999985,2953.2099999999987,2949.8899999999985,2952.5399999999986,2116
2026-06-18T03:30:00+00:00,2952.5399999999986,2953.6099999999983,2950.1099999999983,2953.1499999999983,2463
2026-06-18T04:00:00+00:00,2953.1499999999983,2954.4399999999987,2947.5899999999983,2948.5599999999986,2890
2026-06-18T04:30:00+00:00,2948.5599999999986,2948.6099999999983,2944.7899999999986,2947.7099999999987,3128
2026-06-18T05:00:00+00:00,2947.7099999999987,2950.9399999999987,2946.4999999999986,2950.0399999999986,3101
2026-06-18T05:30:00+00:00,2950.0399999999986,2951.5099999999984,2947.0399999999986,2948.4499999999985,3108
2026-06-18T06:00:00+00:00,2948.4499999999985,2949.9999999999986,2945.8399999999983,2949.3999999999983,5019
2026-06-18T06:30:00+00:00,2949.3999999999983,2953.6099999999983,2945.4499999999985,2953.4999999999986,3451
2026-06-18T07:00:00+00:00,2953.4999999999986,2959.4999999999986,2951.3099999999986,2958.7999999999984,4942
2026-06-18T07:30:00+00:00,2958.7999999999984,2958.7999999999984,2955.2899999999986,2957.4999999999986,3589
2026-06-18T08:00:00+00:00,2957.4999999999986,2959.5599999999986,2952.0399999999986,2952.3399999999983,4768
2026-06-18T08:30:00+00:00,2952.3399999999983,2954.3499999999985,2947.0099999999984,2947.0099999999984,4232
2026-06-18T09:00:00+00:00,2947.0099999999984,2954.7599999999984,2946.0899999999983,2954.1499999999983,4193
2026-06-18T09:30:00+00:00,2954.1499999999983,2959.1999999999985,2953.4899999999984,2958.0999999999985,3171
2026-06-18T10:00:00+00:00,2958.0999999999985,2958.2099999999987,2954.6999999999985,2956.7499999999986,2893
2026-06-18T10:30:00+00:00,2956.7499999999986,2957.8599999999983,2954.7499999999986,2956.1499999999983,3123
2026-06-18T11:00:00+00:00,2956.1499999999983,2957.2099999999987,2944.9999999999986,2949.2099999999987,6157
2026-06-18T11:30:00+00:00,2949.2099999999987,2950.1599999999985,2943.6899999999987,2949.6099999999983,4888
2026-06-18T12:00:00+00:00,2949.6099999999983,2959.8599999999983,2945.5599999999986,2957.7399999999984,5642
2026-06-18T12:30:00+00:00,2957.7399999999984,2963.6099999999983,2954.8399999999983,2961.1399999999985,5432
2026-06-18T13:00:00+00:00,2961.1399999999985,2969.0599999999986,2957.9399999999987,2967.8399999999983,8330
2026-06-18T13:30:00+00:00,2967.8399999999983,2973.5999999999985,2949.3899999999985,2952.0499999999984,43695
2026-06-18T14:00:00+00:00,2952.0499999999984,2956.9599999999987,2935.7099999999987,2948.9999999999986,32156
2026-06-18T14:30:00+00:00,2948.9999999999986,2966.0399999999986,2945.2399999999984,2964.3999999999983,24393
2026-06-18T15:00:00+00:00,2964.3999999999983,2965.1599999999985,2954.9499999999985,2956.0099999999984,20694
2026-06-18T15:30:00+00:00,2956.0099999999984,2962.4499999999985,2949.0999999999985,2960.9099999999985,20367
2026-06-18T16:00:00+00:00,2960.9099999999985,2965.5599999999986,2960.3399999999983,2963.9099999999985,12504
2026-06-18T16:30:00+00:00,2963.9099999999985,2965.0599999999986,2959.7399999999984,2962.3999999999983,10817
2026-06-18T17:00:00+00:00,2962.3999999999983,2970.8999999999983,2960.3499999999985,2965.7099999999987,10955
2026-06-18T17:30:00+00:00,2965.7099999999987,2969.9499999999985,2965.4999999999986,2968.4899999999984,7814
2026-06-18T18:00:00+00:00,2968.4899999999984,2969.8999999999983,2964.8899999999985,2967.5499999999984,9787
2026-06-18T18:30:00+00:00,2967.5499999999984,2972.1099999999983,2966.2599999999984,2969.6499999999983,9465
2026-06-18T19:00:00+00:00,2969.6499999999983,2969.8099999999986,2962.8499999999985,2966.8899999999985,12664
2026-06-18T19:30:00+00:00,2966.8899999999985,2981.7899999999986,2964.0599999999986,2977.2099999999987,16851
2026-06-18T20:00:00+00:00,2977.2099999999987,2984.1399999999985,2975.6899999999987,2981.2499999999986,4109
2026-06-18T20:30:00+00:00,2981.2499999999986,2981.6599999999985,2975.6899999999987,2977.9899999999984,1900
2026-06-18T22:00:00+00:00,2977.9899999999984,2981.7899999999986,2972.1899999999987,2974.1599999999985,2163
2026-06-18T22:30:00+00:00,2974.1599999999985,2974.2099999999987,2970.4399999999987,2971.8499999999985,1213
2026-06-18T23:00:00+00:00,2971.8499999999985,2973.1099999999983,2970.7999999999984,2972.7099999999987,1047
2026-06-18T23:30:00+00:00,2972.7099999999987,2974.1999999999985,2971.6399999999985,2973.0599999999986,1460
2026-06-19T00:00:00+00:00,2973.0599999999986,2973.1499999999983,2967.1999999999985,2968.3399999999983,5342
2026-06-19T00:30:00+00:00,2968.3399999999983,2969.0599999999986,2966.0399999999986,2967.0999999999985,2622
2026-06-19T01:00:00+00:00,2967.0999999999985,2968.7599999999984,2963.9399999999987,2965.7499999999986,2095
2026-06-19T01:30:00+00:00,2965.7499999999986,2965.7499999999986,2962.4899999999984,2962.8099999999986,2020
2026-06-19T02:00:00+00:00,2962.8099999999986,2963.4499999999985,2959.7499999999986,2961.6999999999985,1926
2026-06-19T02:30:00+00:00,2961.6999999999985,2963.1599999999985,2960.1399999999985,2961.2599999999984,1304
2026-06-19T03:00:00+00:00,2961.2599999999984,2962.4099999999985,2956.3999999999983,2956.8599999999983,1638
2026-06-19T03:30:00+00:00,2956.8599999999983,2958.3099999999986,2955.0499999999984,2956.4899999999984,2854
2026-06-19T04:00:00+00:00,2956.4899999999984,2957.0899999999983,2953.0599999999986,2955.4999999999986,3212
2026-06-19T04:30:00+00:00,2955.4999999999986,2955.7999999999984,2947.2899999999986,2949.7399999999984,2880
2026-06-19T05:00:00+00:00,2949.7399999999984,2951.4999999999986,2948.1999999999985,2950.9899999999984,2825
2026-06-19T05:30:00+00:00,2950.9899999999984,2953.7599999999984,2947.6999999999985,2953.5899999999983,2554
2026-06-19T06:00:00+00:00,2953.5899999999983,2958.2599999999984,2952.5399999999986,2957.3499999999985,2818
2026-06-19T06:30:00+00:00,2957.3499999999985,2961.5499999999984,2955.8899999999985,2960.1599999999985,1633
2026-06-19T07:00:00+00:00,2960.1599999999985,2965.9599999999987,2960.0599999999986,2965.9099999999985,2015
2026-06-19T07:30:00+00:00,2965.9099999999985,2969.7499999999986,2965.0899999999983,2969.5099999999984,1870
2026-06-19T08:00:00+00:00,2969.5099999999984,2973.2899999999986,2968.1399999999985,2973.2899999999986,2188
2026-06-19T08:30:00+00:00,2973.2899999999986,2974.7399999999984,2971.1399999999985,2973.5899999999983,1699
2026-06-19T09:00:00+00:00,2973.5899999999983,2974.9999999999986,2970.8999999999983,2971.1099999999983,2155
2026-06-19T09:30:00+00:00,2971.1099999999983,2974.3599999999983,2970.8099999999986,2970.8499999999985,2303
2026-06-19T10:00:00+00:00,2970.8499999999985,2971.0599999999986,2966.6899999999987,2967.1599999999985,2003
2026-06-19T10:30:00+00:00,2967.1599999999985,2968.9899999999984,2963.9999999999986,2967.3499999999985,2595
2026-06-19T11:00:00+00:00,2967.3499999999985,2967.3499999999985,2962.9499999999985,2963.7999999999984,2429
2026-06-19T11:30:00+00:00,2963.7999999999984,2966.4599999999987,2962.9999999999986,2965.2899999999986,1677
2026-06-19T12:00:00+00:00,2965.2899999999986,2965.9499999999985,2961.1399999999985,2961.8999999999983,1640
2026-06-19T12:30:00+00:00,2961.8999999999983,2976.5099999999984,2958.3899999999985,2973.8499999999985,6656
2026-06-19T13:00:00+00:00,2973.8499999999985,2975.9599999999987,2971.4999999999986,2973.7399999999984,3974
2026-06-19T13:30:00+00:00,2973.7399999999984,2975.9099999999985,2970.1899999999987,2972.0999999999985,4487
2026-06-19T14:00:00+00:00,2972.0999999999985,2976.3099999999986,2969.4599999999987,2975.909999999999,3682.434004365753
2026-06-19T14:30:00+00:00,2975.909999999999,2980.219999999999,2974.949999999999,2979.5599999999986,2436
2026-06-19T15:00:00+00:00,2979.5599999999986,2980.5599999999986,2976.5199999999986,2978.8999999999987,2126
2026-06-19T15:30:00+00:00,2978.8999999999987,2980.0599999999986,2975.7099999999987,2979.3599999999988,2771
2026-06-19T16:00:00+00:00,2979.3599999999988,2981.549999999999,2978.319999999999,2981.409999999999,1012
2026-06-19T16:30:00+00:00,2981.409999999999,2981.4199999999987,2973.4199999999987,2974.5599999999986,1662
2026-06-19T17:00:00+00:00,2974.5599999999986,2975.2299999999996,2973.53,2974.33,136.37492524180072
2026-06-19T17:30:00+00:00,2974.5299999999997,2974.7299999999996,2974.43,2974.43,14.322012629395736
2026-06-19T18:00:00+00:00,2975.2299999999996,2975.2299999999996,2974.33,2974.7299999999996,11.97404717401362
2026-06-19T18:30:00+00:00,2974.93,2975.1299999999997,2974.2299999999996,2974.7299999999996,31.11082918536715
2026-06-19T19:00:00+00:00,2975.1299999999997,2975.5299999999997,2975.1299999999997,2975.5299999999997,9.712342176057918
2026-06-19T19:30:00+00:00,2976.0299999999997,2976.0299999999997,2971.23,2972.93,273.42357219284474
2026-06-21T22:00:00+00:00,2974.47,2974.47,2954.52,2963.74,4461
2026-06-21T22:30:00+00:00,2963.74,2966.74,2961.57,2963.48,2652
2026-06-21T23:00:00+00:00,2963.48,2963.97,2956.22,2957.63,4046
2026-06-21T23:30:00+00:00,2957.63,2958.29,2950.92,2953.19,4690
2026-06-22T00:00:00+00:00,2953.19,2966.47,2952.22,2965.57,11866
2026-06-22T00:30:00+00:00,2965.57,2971.39,2964.02,2970.32,5741
2026-06-22T01:00:00+00:00,2970.32,2974.19,2969.53,2972.99,6684
2026-06-22T01:30:00+00:00,2972.99,2973.59,2969.08,2969.53,5076
2026-06-22T02:00:00+00:00,2969.53,2970.09,2964.94,2965.49,4194
2026-06-22T02:30:00+00:00,2965.49,2965.57,2959.72,2960.92,2737
2026-06-22T03:00:00+00:00,2960.92,2961.69,2958.33,2960.29,2885
2026-06-22T03:30:00+00:00,2960.29,2960.98,2956.82,2958.14,2078
2026-06-22T04:00:00+00:00,2958.14,2958.69,2955.42,2955.89,2811
2026-06-22T04:30:00+00:00,2955.89,2956.98,2953.79,2955.77,3140
2026-06-22T05:00:00+00:00,2955.77,2963.39,2954.92,2960.44,2770
2026-06-22T05:30:00+00:00,2960.44,2965.54,2958.97,2963.87,3475
2026-06-22T06:00:00+00:00,2963.87,2970.99,2963.87,2970.09,3407
2026-06-22T06:30:00+00:00,2970.09,2973.38,2968.12,2972.29,2763
2026-06-22T07:00:00+00:00,2972.29,2975.22,2971.57,2972.74,3957
2026-06-22T07:30:00+00:00,2972.74,2973.98,2970.34,2971.54,3317
2026-06-22T08:00:00+00:00,2971.54,2972.23,2967.62,2971.23,5110
2026-06-22T08:30:00+00:00,2971.23,2971.99,2969.14,2971.47,3905
2026-06-22T09:00:00+00:00,2971.47,2976.09,2969.83,2975.39,4164
2026-06-22T09:30:00+00:00,2975.39,2976.53,2973.42,2974.29,3471
2026-06-22T10:00:00+00:00,2974.29,2980.94,2974.23,2980.33,3538
2026-06-22T10:30:00+00:00,2980.33,2980.42,2977.57,2977.94,3103
2026-06-22T11:00:00+00:00,2977.94,2991.24,2977.74,2983.52,6450
2026-06-22T11:30:00+00:00,2983.52,2987.27,2982.84,2986.92,3424
2026-06-22T12:00:00+00:00,2986.92,2992.22,2985.49,2991.94,3516
2026-06-22T12:30:00+00:00,2991.94,2992.74,2987.27,2987.47,3340
2026-06-22T13:00:00+00:00,2987.47,2994.24,2987.47,2994.09,7247
2026-06-22T13:30:00+00:00,2994.09,3018.69,2992.88,3018.28,28848
2026-06-22T14:00:00+00:00,3018.28,3018.28,2994.17,2995.79,22740
2026-06-22T14:30:00+00:00,2995.79,2999.68,2984.43,2993.33,40307
2026-06-22T15:00:00+00:00,2993.33,3002.39,2992.67,2999.74,27585
2026-06-22T15:30:00+00:00,2999.74,3005.83,2998.18,3000.99,20163
2026-06-22T16:00:00+00:00,3000.99,3002.93,2994.34,2998.32,17208
2026-06-22T16:30:00+00:00,2998.32,3006.39,2995.44,3004.24,13029
2026-06-22T17:00:00+00:00,3004.24,3004.59,2996.33,2998.93,8281
2026-06-22T17:30:00+00:00,2998.93,3007.19,2997.27,3006.39,7270
2026-06-22T18:00:00+00:00,3006.39,3013.94,3004.54,3011.78,6707
2026-06-22T18:30:00+00:00,3011.78,3014.84,3003.17,3003.83,7933
2026-06-22T19:00:00+00:00,3003.83,3007.24,3001.08,3003.38,9063
2026-06-22T19:30:00+00:00,3003.38,3009.77,3002.64,3005.19,11408
2026-06-22T20:00:00+00:00,3005.19,3008.69,3001.49,3001.77,3175
2026-06-22T20:30:00+00:00,3001.77,3005.44,3001.37,3002.63,1545
2026-06-22T22:00:00+00:00,3002.63,3003.93,3000.14,3001.14,1096
2026-06-22T22:30:00+00:00,3001.14,3001.15,2997.49,2999.83,1126
2026-06-22T23:00:00+00:00,2999.83,3000.45,2997.08,3000.24,795
2026-06-22T23:30:00+00:00,3000.24,3001.9,2997.74,3001.7,1073
2026-06-23T00:00:00+00:00,3001.7,3003.25,2998.19,2999.5,5313
2026-06-23T00:30:00+00:00,2999.5,3008.48,2998.23,3006.85,5940
2026-06-23T01:00:00+00:00,3006.85,3008.3,3003.5,3006.13,6162
2026-06-23T01:30:00+00:00,3006.13,3006.55,2994.09,2999.09,8048
2026-06-23T02:00:00+00:00,2999.09,3000.2,2993.28,2996.34,6475
2026-06-23T02:30:00+00:00,2996.34,2997.13,2993.38,2994.49,4567
2026-06-23T03:00:00+00:00,2994.49,2995.3,2988.2,2989.74,4644
2026-06-23T03:30:00+00:00,2989.74,2990.19,2982.54,2990.13,5169
2026-06-23T04:00:00+00:00,2990.13,2992.09,2984.13,2986.08,4423
2026-06-23T04:30:00+00:00,2986.08,2986.29,2978,2978.74,4657
2026-06-23T05:00:00+00:00,2978.74,2981.04,2971.89,2973.3,5714
2026-06-23T05:30:00+00:00,2973.3,2974.15,2966.33,2969.05,7074
2026-06-23T06:00:00+00:00,2969.05,2970.75,2961.2,2963.65,9712
2026-06-23T06:30:00+00:00,2963.65,2966.69,2962.55,2964.53,6678
2026-06-23T07:00:00+00:00,2964.53,2966.8,2958.95,2962.39,8948
2026-06-23T07:30:00+00:00,2962.39,2963.7,2953.84,2956.39,8516
2026-06-23T08:00:00+00:00,2956.39,2956.99,2947.39,2948.9,11434
2026-06-23T08:30:00+00:00,2948.9,2956.04,2947.34,2952.35,8590
2026-06-23T09:00:00+00:00,2952.35,2962.3,2952.09,2960.1,6294
2026-06-23T09:30:00+00:00,2960.1,2961.8,2957.43,2960.28,5376
2026-06-23T10:00:00+00:00,2960.28,2962.95,2956.08,2956.8,5486
2026-06-23T10:30:00+00:00,2956.8,2957.04,2951.04,2956.84,5845
2026-06-23T11:00:00+00:00,2956.84,2965.4,2954.55,2965.13,8059
2026-06-23T11:30:00+00:00,2965.13,2969.1,2962.09,2968.09,5907
2026-06-23T12:00:00+00:00,2968.09,2968.09,2954.73,2956.8,6054
2026-06-23T12:30:00+00:00,2956.8,2957.94,2951.53,2953.74,6736
2026-06-23T13:00:00+00:00,2953.74,2958.44,2951.79,2954.03,7449
2026-06-23T13:30:00+00:00,2954.03,2982.1,2945.25,2981.98,48439
2026-06-23T14:00:00+00:00,2981.98,2997,2981.5,2991.64,33481
2026-06-23T14:30:00+00:00,2991.64,2993.94,2978.3,2987.74,34585
2026-06-23T15:00:00+00:00,2987.74,2990.75,2976.88,2979.48,27535
2026-06-23T15:30:00+00:00,2979.48,2988.95,2976.48,2987.55,21886
2026-06-23T16:00:00+00:00,2987.55,3000.55,2986.43,2997.09,15842
2026-06-23T16:30:00+00:00,2997.09,3000,2992.88,2995.09,13322
2026-06-23T17:00:00+00:00,2995.09,3000.65,2990.58,2996.63,14474
2026-06-23T17:30:00+00:00,2996.63,2997.3,2982.69,2983.14,12355
2026-06-23T18:00:00+00:00,2983.14,2987.6,2979.54,2980.48,12840
2026-06-23T18:30:00+00:00,2980.48,2980.48,2969.9,2973.58,14281
2026-06-23T19:00:00+00:00,2973.58,2984.89,2972.39,2983.6,19273
2026-06-23T19:30:00+00:00,2983.6,2985.65,2976.63,2977.13,21924
2026-06-23T20:00:00+00:00,2977.13,2980.85,2976.44,2979.34,4025
2026-06-23T20:30:00+00:00,2979.34,2981.48,2977.63,2978.84,1809
2026-06-23T22:00:00+00:00,2978.84,2981.81,2976.22,2976.37,2500
2026-06-23T22:30:00+00:00,2976.37,2978.12,2972.22,2973.42,2261
2026-06-23T23:00:00+00:00,2973.42,2976,2967.45,2974.86,2438
2026-06-23T23:30:00+00:00,2974.86,2983.12,2971.66,2981.92,4223
2026-06-24T00:00:00+00:00,2981.92,2987.35,2978.71,2984.92,8110
2026-06-24T00:30:00+00:00,2984.92,2988.91,2983,2985.77,5267
2026-06-24T01:00:00+00:00,2985.77,2987.7,2981.65,2986.45,6242
2026-06-24T01:30:00+00:00,2986.45,2988,2984.85,2985.56,4819
2026-06-24T02:00:00+00:00,2985.56,2987.15,2980.85,2983.97,3438
2026-06-24T02:30:00+00:00,2983.97,2985.07,2975.12,2975.27,3684
2026-06-24T03:00:00+00:00,2975.27,2982.27,2973.25,2982,4431
2026-06-24T03:30:00+00:00,2982,2984.57,2978.77,2980.76,4009
2026-06-24T04:00:00+00:00,2980.76,2980.91,2974.6,2975.85,3369
2026-06-24T04:30:00+00:00,2975.85,2982.42,2975.85,2980.96,3630
2026-06-24T05:00:00+00:00,2980.96,2985.21,2979.95,2983.17,3441
2026-06-24T05:30:00+00:00,2983.17,2985.97,2980.66,2981.22,2571
2026-06-24T06:00:00+00:00,2981.22,2981.82,2977.25,2978.75,3238
2026-06-24T06:30:00+00:00,2978.75,2981.87,2978.5,2980.11,2050
2026-06-24T07:00:00+00:00,2980.11,2982.32,2976.75,2977.7,4131
2026-06-24T07:30:00+00:00,2977.7,2982.72,2975.6,2978.07,3609
2026-06-24T08:00:00+00:00,2978.07,2986.05,2977.25,2981.92,4493
2026-06-24T08:30:00+00:00,2981.92,2984.8,2979.06,2980.6,2868
2026-06-24T09:00:00+00:00,2980.6,2983.27,2978.51,2980.42,2744
2026-06-24T09:30:00+00:00,2980.42,2981.25,2976.01,2980.17,2487
2026-06-24T10:00:00+00:00,2980.17,2982.47,2977.1,2981.8,2403
2026-06-24T10:30:00+00:00,2981.8,2986.4,2980.62,2981,2279
2026-06-24T11:00:00+00:00,2981,2985.37,2979.85,2982.75,2970
2026-06-24T11:30:00+00:00,2982.75,2992.62,2982.75,2992.01,3598
2026-06-24T12:00:00+00:00,2992.01,2992.35,2988.01,2990.12,3420
2026-06-24T12:30:00+00:00,2990.12,2991.42,2982.85,2984.17,2953
2026-06-24T13:00:00+00:00,2984.17,2986.51,2978.75,2983.1,5639
2026-06-24T13:30:00+00:00,2983.1,3001.16,2970.97,2996.92,37086
2026-06-24T14:00:00+00:00,2996.92,2998.42,2980.7,2998.07,28640
2026-06-24T14:30:00+00:00,2998.07,3016.22,2997.35,3015.76,21465
2026-06-24T15:00:00+00:00,3015.76,3021.82,3011.75,3020.86,20098
2026-06-24T15:30:00+00:00,3020.86,3021.32,3012.65,3015.05,17888
2026-06-24T16:00:00+00:00,3015.05,3019.87,3011.25,3018.11,10812
2026-06-24T16:30:00+00:00,3018.11,3018.15,3004.51,3005.77,13792
2026-06-24T17:00:00+00:00,3005.77,3009.11,2987.75,2988.62,18559
2026-06-24T17:30:00+00:00,2988.62,2992.72,2982.62,2985.1,22510
2026-06-24T18:00:00+00:00,2985.1,3000.8500000000004,2984.11,2999.0800000000004,17355.807365439094
2026-06-24T18:30:00+00:00,2999.0800000000004,3000.6000000000004,2982.2400000000002,2985.53,17376
2026-06-24T19:00:00+00:00,2985.53,2989.75,2976.9900000000002,2982.59,20408
2026-06-24T19:30:00+00:00,2982.59,2995.1400000000003,2976.34,2994.59,21124
2026-06-24T20:00:00+00:00,2994.59,3004.4900000000002,2991.3,3002.6800000000003,8974
2026-06-24T20:30:00+00:00,3002.6800000000003,3005.0800000000004,3000.7000000000003,3004.1400000000003,3551
2026-06-24T22:00:00+00:00,3004.1400000000003,3008.01,3000.3900000000003,3000.8900000000003,3137
2026-06-24T22:30:00+00:00,3000.8900000000003,3003.6000000000004,3000.8900000000003,3002.5600000000004,1399
2026-06-24T23:00:00+00:00,3002.5600000000004,3005.2400000000002,3001.7000000000003,3004.1000000000004,1386
2026-06-24T23:30:00+00:00,3004.1000000000004,3009.61,3003.9,3005.2400000000002,2526
2026-06-25T00:00:00+00:00,3005.2400000000002,3006.09,3000.15,3000.84,5837
2026-06-25T00:30:00+00:00,3000.84,3001.09,2991.2000000000003,2992.3900000000003,4524
2026-06-25T01:00:00+00:00,2992.3900000000003,2997.2000000000003,2991.5400000000004,2994.65,4841
2026-06-25T01:30:00+00:00,2994.65,3000.3100000000004,2994.3900000000003,2995.3500000000004,4321
2026-06-25T02:00:00+00:00,2995.3500000000004,2998.11,2992.01,2996.4,4135
2026-06-25T02:30:00+00:00,2996.4,2997.9100000000003,2995.19,2997.7900000000004,2081
2026-06-25T03:00:00+00:00,2997.7900000000004,2999.3500000000004,2995.55,2998.2400000000002,2348
2026-06-25T03:30:00+00:00,2998.2400000000002,2999.61,2996.51,2998.55,1961
2026-06-25T04:00:00+00:00,2998.55,2998.9500000000003,2994.25,2995.3100000000004,1719
2026-06-25T04:30:00+00:00,2995.3100000000004,2996.7000000000003,2992.8,2994.69,1641
2026-06-25T05:00:00+00:00,2994.69,3000.59,2994.2400000000002,3000.11,1943
2026-06-25T05:30:00+00:00,3000.11,3001.71,2998.4100000000003,2999.2000000000003,2069
2026-06-25T06:00:00+00:00,2999.2000000000003,3003.9100000000003,2999.2000000000003,3003.34,2307
2026-06-25T06:30:00+00:00,3003.34,3003.7900000000004,3000.51,3001.2400000000002,1974
2026-06-25T07:00:00+00:00,3001.2400000000002,3005.0400000000004,3001.2400000000002,3002.34,2967
2026-06-25T07:30:00+00:00,3002.34,3004.36,3000.69,3003.71,2027
2026-06-25T08:00:00+00:00,3003.71,3006.19,2999.3900000000003,3000.86,2942
2026-06-25T08:30:00+00:00,3000.86,3002.5,2996.01,2996.09,2124
2026-06-25T09:00:00+00:00,2996.09,2998.96,2994.8100000000004,2996.5600000000004,2260
2026-06-25T09:30:00+00:00,2996.5600000000004,2999.46,2996.1000000000004,2997.1400000000003,2051
2026-06-25T10:00:00+00:00,2997.1400000000003,3004.6600000000003,2996.44,3004.59,1851
2026-06-25T10:30:00+00:00,3004.59,3004.9100000000003,2997.9900000000002,2998.7400000000002,1718
2026-06-25T11:00:00+00:00,2998.7400000000002,3000.15,2994.09,2994.7400000000002,2421
2026-06-25T11:30:00+00:00,2994.7400000000002,2998.5,2994.01,2997.0600000000004,2211
2026-06-25T12:00:00+00:00,2997.0600000000004,3001.21,2995.55,2997.25,2551
2026-06-25T12:30:00+00:00,2997.25,3017.6600000000003,2996.84,3011.8900000000003,9683
2026-06-25T13:00:00+00:00,3011.8900000000003,3021.71,3010.34,3021.19,6217
2026-06-25T13:30:00+00:00,3021.19,3036.5,2995.25,2997.71,53255
2026-06-25T14:00:00+00:00,2997.71,3033.4,2997.71,3028.71,61529
2026-06-25T14:30:00+00:00,3028.71,3042.34,3023.9900000000002,3032.1400000000003,39128
2026-06-25T15:00:00+00:00,3032.1400000000003,3034.11,3006.9900000000002,3014.5400000000004,30502
2026-06-25T15:30:00+00:00,3014.5400000000004,3019.6600000000003,3007.71,3009.46,23782
2026-06-25T16:00:00+00:00,3009.46,3024.1600000000003,3007.09,3019.6600000000003,23545
2026-06-25T16:30:00+00:00,3019.6600000000003,3019.75,3003.9900000000002,3010.36,19750
2026-06-25T17:00:00+00:00,3010.36,3018.01,3005.86,3011.5600000000004,15596
2026-06-25T17:30:00+00:00,3011.5600000000004,3014.7000000000003,3002.65,3012.3900000000003,16191
2026-06-25T18:00:00+00:00,3012.3900000000003,3015.7000000000003,3001.34,3014.8900000000003,23099
2026-06-25T18:30:00+00:00,3014.8900000000003,3015.01,2996.05,3002.36,17566
2026-06-25T19:00:00+00:00,3002.36,3002.69,2992.6400000000003,2999.9100000000003,16102
2026-06-25T19:30:00+00:00,2999.9100000000003,3012.9500000000003,2996.5400000000004,3012.6400000000003,18859
2026-06-25T20:00:00+00:00,3012.6400000000003,3021.75,3012.6400000000003,3020.6400000000003,6766
2026-06-25T20:30:00+00:00,3020.6400000000003,3020.7000000000003,3014.44,3014.9900000000002,1928
2026-06-25T22:00:00+00:00,3014.9900000000002,3016.2200000000003,3008.98,3010.02,3546
2026-06-25T22:30:00+00:00,3010.02,3013.59,3009.48,3013.17,1814
2026-06-25T23:00:00+00:00,3013.17,3026.48,3012.07,3024.3900000000003,3387
2026-06-25T23:30:00+00:00,3024.3900000000003,3025.27,3007.92,3011.0400000000004,4507
2026-06-26T00:00:00+00:00,3011.0400000000004,3017.27,3008.98,3015.84,10862
2026-06-26T00:30:00+00:00,3015.84,3016.1800000000003,3009.17,3010.4900000000002,8991
2026-06-26T01:00:00+00:00,3010.4900000000002,3015.0800000000004,3006.3900000000003,3010.3300000000004,8239
2026-06-26T01:30:00+00:00,3010.3300000000004,3010.98,3002.88,3005.52,7912
2026-06-26T02:00:00+00:00,3005.52,3006.48,2998.03,2999.88,6987
2026-06-26T02:30:00+00:00,2999.88,3000.0800000000004,2992.19,2994.07,7164
2026-06-26T03:00:00+00:00,2994.07,2994.7200000000003,2991.82,2992.94,5652
2026-06-26T03:30:00+00:00,2992.94,2999.2900000000004,2987.42,2998.92,7919
2026-06-26T04:00:00+00:00,2998.92,3000.0800000000004,2994.67,2997.38,6799
2026-06-26T04:30:00+00:00,2997.38,2998.73,2992.07,2993.63,4779
2026-06-26T05:00:00+00:00,2993.63,3000.52,2992.48,2999.92,5416
2026-06-26T05:30:00+00:00,2999.92,3001.52,2992.48,2996.77,5519
2026-06-26T06:00:00+00:00,2996.77,3003.2400000000002,2995.1400000000003,3003.02,5621
2026-06-26T06:30:00+00:00,3003.02,3013.7900000000004,3001.6800000000003,3012.0800000000004,4676
2026-06-26T07:00:00+00:00,3012.0800000000004,3014.1400000000003,3006.9700000000003,3013.82,5819
2026-06-26T07:30:00+00:00,3013.82,3017.19,3010.88,3013.7900000000004,4010
2026-06-26T08:00:00+00:00,3013.7900000000004,3016.3700000000003,3007.17,3011.52,6008
2026-06-26T08:30:00+00:00,3011.52,3011.69,2995.92,2998.0400000000004,4890
2026-06-26T09:00:00+00:00,2998.0400000000004,2998.5400000000004,2990.1800000000003,2992.0400000000004,6091
2026-06-26T09:30:00+00:00,2992.0400000000004,2997.9700000000003,2989.32,2992.82,4921
2026-06-26T10:00:00+00:00,2992.82,2994.88,2987.2200000000003,2992.02,4434
2026-06-26T10:30:00+00:00,2992.02,2993.4300000000003,2990.1800000000003,2992.73,3800
2026-06-26T11:00:00+00:00,2992.73,2997.9900000000002,2990.88,2994.2400000000002,4793
2026-06-26T11:30:00+00:00,2994.2400000000002,2997.1800000000003,2991.0400000000004,2994.42,4698
2026-06-26T12:00:00+00:00,2994.42,3002.3700000000003,2993.52,2995.4700000000003,5468
2026-06-26T12:30:00+00:00,2995.4700000000003,2997.3300000000004,2988.6200000000003,2992.2900000000004,6179
2026-06-26T13:00:00+00:00,2992.2900000000004,2992.94,2982.09,2989.2900000000004,10424
2026-06-26T13:30:00+00:00,2989.2900000000004,3005.84,2980.3700000000003,3004.42,46387
2026-06-26T14:00:00+00:00,3004.42,3019.3300000000004,3003.3300000000004,3017.6200000000003,30759
2026-06-26T14:30:00+00:00,3017.6200000000003,3018.9900000000002,3002.6400000000003,3005.38,26160
2026-06-26T15:00:00+00:00,3005.38,3015.9900000000002,3000.1800000000003,3015.8700000000003,23774
2026-06-26T15:30:00+00:00,3015.8700000000003,3024.63,3012.3300000000004,3019.3900000000003,21938
2026-06-26T16:00:00+00:00,3019.3900000000003,3019.8700000000003,3000.17,3004.5400000000004,17259
2026-06-26T16:30:00+00:00,3004.5400000000004,3013.0400000000004,3004.42,3007.7200000000003,13221
2026-06-26T17:00:00+00:00,3007.7200000000003,3014.17,3001.4900000000002,3004.53,12716
2026-06-26T17:30:00+00:00,3004.53,3008.2400000000002,2997.7200000000003,3000.830000000001,12371.81433699554
2026-06-26T18:00:00+00:00,3000.830000000001,3005.2200000000007,2994.810000000001,2995.670000000001,10850
2026-06-26T18:30:00+00:00,2995.670000000001,2999.4700000000007,2988.7200000000007,2989.7200000000007,11938
2026-06-26T19:00:00+00:00,2989.7200000000007,2995.570000000001,2988.1600000000008,2993.370000000001,15547
2026-06-26T19:30:00+00:00,2993.370000000001,3008.520000000001,2990.710000000001,2996.610000000001,25829
2026-06-26T20:00:00+00:00,2996.610000000001,3013.4300000000007,2996.2200000000007,3010.9700000000007,12889
2026-06-26T20:30:00+00:00,3010.9700000000007,3011.610000000001,3001.5100000000007,3005.770000000001,4691
2026-06-28T22:00:00+00:00,3005.770000000001,3022.620000000001,3003.100000000001,3020.150000000001,7174
2026-06-28T22:30:00+00:00,3020.150000000001,3021.670000000001,3016.960000000001,3017.250000000001,2636
2026-06-28T23:00:00+00:00,3017.250000000001,3026.6600000000008,3016.420000000001,3025.020000000001,4043
2026-06-28T23:30:00+00:00,3025.020000000001,3027.270000000001,3022.2600000000007,3022.400000000001,3851
2026-06-29T00:00:00+00:00,3022.400000000001,3022.4700000000007,3008.750000000001,3008.810000000001,14782
2026-06-29T00:30:00+00:00,3008.810000000001,3013.2000000000007,3004.6600000000008,3011.2000000000007,12754
2026-06-29T01:00:00+00:00,3011.2000000000007,3012.4100000000008,3003.810000000001,3004.370000000001,11967
2026-06-29T01:30:00+00:00,3004.370000000001,3008.550000000001,2998.650000000001,3007.2000000000007,12851
2026-06-29T02:00:00+00:00,3007.2000000000007,3008.770000000001,2999.850000000001,3007.860000000001,10502
2026-06-29T02:30:00+00:00,3007.860000000001,3010.2000000000007,3006.600000000001,3007.500000000001,6358
2026-06-29T03:00:00+00:00,3007.500000000001,3010.2200000000007,3006.100000000001,3007.150000000001,4541
2026-06-29T03:30:00+00:00,3007.150000000001,3009.110000000001,3002.350000000001,3008.810000000001,6757
2026-06-29T04:00:00+00:00,3008.810000000001,3009.120000000001,3005.6600000000008,3007.4500000000007,4596
2026-06-29T04:30:00+00:00,3007.4500000000007,3008.320000000001,3004.4500000000007,3005.210000000001,5320
2026-06-29T05:00:00+00:00,3005.210000000001,3007.770000000001,3003.9500000000007,3005.7000000000007,6598
2026-06-29T05:30:00+00:00,3005.7000000000007,3017.120000000001,3005.150000000001,3016.0100000000007,6789
2026-06-29T06:00:00+00:00,3016.0100000000007,3016.5100000000007,3009.420000000001,3011.2000000000007,7225
2026-06-29T06:30:00+00:00,3011.2000000000007,3011.9100000000008,3006.1600000000008,3007.550000000001,4414
2026-06-29T07:00:00+00:00,3007.550000000001,3014.360000000001,3002.050000000001,3013.070000000001,8168
2026-06-29T07:30:00+00:00,3013.070000000001,3014.620000000001,3010.610000000001,3011.810000000001,6445
2026-06-29T08:00:00+00:00,3011.810000000001,3019.320000000001,3010.310000000001,3014.7000000000007,7555
2026-06-29T08:30:00+00:00,3014.7000000000007,3015.7200000000007,3007.610000000001,3007.920000000001,5272
2026-06-29T09:00:00+00:00,3007.920000000001,3014.650000000001,3007.170000000001,3014.4100000000008,5142
2026-06-29T09:30:00+00:00,3014.4100000000008,3015.460000000001,3007.120000000001,3011.610000000001,5301
2026-06-29T10:00:00+00:00,3011.610000000001,3014.070000000001,3009.050000000001,3013.270000000001,4239
2026-06-29T10:30:00+00:00,3013.270000000001,3016.770000000001,3011.370000000001,3016.2600000000007,4242
2026-06-29T11:00:00+00:00,3016.2600000000007,3019.300000000001,3012.600000000001,3013.900000000001,4831
2026-06-29T11:30:00+00:00,3013.900000000001,3020.2200000000007,3013.300000000001,3017.250000000001,5978
2026-06-29T12:00:00+00:00,3017.250000000001,3021.9700000000007,3016.750000000001,3017.4500000000007,5030
2026-06-29T12:30:00+00:00,3017.4500000000007,3019.920000000001,3013.7000000000007,3017.520000000001,5361
2026-06-29T13:00:00+00:00,3017.520000000001,3019.360000000001,3004.250000000001,3004.460000000001,6091
2026-06-29T13:30:00+00:00,3004.460000000001,3014.770000000001,2992.2000000000007,2995.600000000001,50754
2026-06-29T14:00:00+00:00,2995.600000000001,2996.9700000000007,2970.420000000001,2994.900000000001,52257
2026-06-29T14:30:00+00:00,2994.900000000001,2999.7200000000007,2986.320000000001,2993.820000000001,41462
2026-06-29T15:00:00+00:00,2993.820000000001,2996.350000000001,2975.000000000001,2982.320000000001,29160
2026-06-29T15:30:00+00:00,2982.320000000001,2991.7200000000007,2982.320000000001,2987.560000000001,18827
2026-06-29T16:00:00+00:00,2987.560000000001,2995.860000000001,2987.560000000001,2989.850000000001,13053
2026-06-29T16:30:00+00:00,2989.850000000001,2996.270000000001,2985.9500000000007,2993.670000000001,10189
2026-06-29T17:00:00+00:00,2993.670000000001,3003.570000000001,2993.5100000000007,2998.360000000001,9380
2026-06-29T17:30:00+00:00,2998.360000000001,3003.400000000001,2997.000000000001,3000.7600000000007,7318
2026-06-29T18:00:00+00:00,3000.7600000000007,3004.370000000001,2999.000000000001,3000.750000000001,7974
2026-06-29T18:30:00+00:00,3000.750000000001,3007.320000000001,3000.500000000001,3005.870000000001,6762
2026-06-29T19:00:00+00:00,3005.870000000001,3010.300000000001,3002.810000000001,3008.560000000001,6970
2026-06-29T19:30:00+00:00,3008.560000000001,3014.350000000001,3004.300000000001,3012.9700000000007,11123
2026-06-29T20:00:00+00:00,3012.9700000000007,3014.2200000000007,3008.650000000001,3013.250000000001,4392
2026-06-29T20:30:00+00:00,3013.250000000001,3015.250000000001,3006.710000000001,3008.600000000001,2646
2026-06-29T22:00:00+00:00,3008.600000000001,3008.730000000001,3005.800000000001,3007.300000000001,2206
2026-06-29T22:30:00+00:00,3007.300000000001,3008.050000000001,3005.690000000001,3006.940000000001,1216
2026-06-29T23:00:00+00:00,3006.940000000001,3009.690000000001,3006.780000000001,3008.040000000001,1117
2026-06-29T23:30:00+00:00,3008.040000000001,3009.250000000001,3005.780000000001,3007.600000000001,1712
2026-06-30T00:00:00+00:00,3007.600000000001,3009.480000000001,3003.1800000000007,3004.080000000001,7121
2026-06-30T00:30:00+00:00,3004.080000000001,3005.7000000000007,3000.630000000001,3005.550000000001,7581
2026-06-30T01:00:00+00:00,3005.550000000001,3009.000000000001,3002.630000000001,3009.000000000001,5825
2026-06-30T01:30:00+00:00,3009.000000000001,3010.650000000001,3006.390000000001,3010.2400000000007,4899
2026-06-30T02:00:00+00:00,3010.2400000000007,3010.300000000001,3005.340000000001,3008.330000000001,3625
2026-06-30T02:30:00+00:00,3008.330000000001,3009.300000000001,3007.030000000001,3007.280000000001,2552
2026-06-30T03:00:00+00:00,3007.280000000001,3009.900000000001,3006.9300000000007,3009.7000000000007,2234
2026-06-30T03:30:00+00:00,3009.7000000000007,3012.9500000000007,3008.730000000001,3011.2000000000007,3212
2026-06-30T04:00:00+00:00,3011.2000000000007,3014.790000000001,3011.080000000001,3014.730000000001,2325
2026-06-30T04:30:00+00:00,3014.730000000001,3016.650000000001,3014.330000000001,3014.900000000001,2053
2026-06-30T05:00:00+00:00,3014.900000000001,3017.690000000001,3013.9900000000007,3014.480000000001,2708
2026-06-30T05:30:00+00:00,3014.480000000001,3015.590000000001,3012.600000000001,3014.790000000001,3346
2026-06-30T06:00:00+00:00,3014.790000000001,3015.690000000001,3011.980000000001,3014.2400000000007,3410
2026-06-30T06:30:00+00:00,3014.2400000000007,3015.050000000001,3011.440000000001,3014.840000000001,2620
2026-06-30T07:00:00+00:00,3014.840000000001,3018.4500000000007,3014.080000000001,3015.400000000001,3758
2026-06-30T07:30:00+00:00,3015.400000000001,3016.9900000000007,3011.9900000000007,3012.230000000001,3023
2026-06-30T08:00:00+00:00,3012.230000000001,3015.4900000000007,3009.2000000000007,3013.4900000000007,4568
2026-06-30T08:30:00+00:00,3013.4900000000007,3014.050000000001,3006.6800000000007,3011.030000000001,4402
2026-06-30T09:00:00+00:00,3011.030000000001,3013.290000000001,3010.2000000000007,3012.530000000001,3066
2026-06-30T09:30:00+00:00,3012.530000000001,3016.290000000001,3009.390000000001,3014.800000000001,2945
2026-06-30T10:00:00+00:00,3014.800000000001,3017.550000000001,3013.940000000001,3017.300000000001,2695
2026-06-30T10:30:00+00:00,3017.300000000001,3019.050000000001,3014.6800000000007,3018.150000000001,2706
2026-06-30T11:00:00+00:00,3018.150000000001,3018.500000000001,3014.640000000001,3015.400000000001,3096
2026-06-30T11:30:00+00:00,3015.400000000001,3016.600000000001,3011.780000000001,3013.000000000001,2778
2026-06-30T12:00:00+00:00,3013.000000000001,3013.050000000001,3004.480000000001,3004.590000000001,4942
2026-06-30T12:30:00+00:00,3004.590000000001,3009.300000000001,3003.380000000001,3006.890000000001,5279
2026-06-30T13:00:00+00:00,3006.890000000001,3010.050000000001,3004.390000000001,3009.4900000000007,5116
2026-06-30T13:30:00+00:00,3009.4900000000007,3014.390000000001,2996.9900000000007,3011.280000000001,28100
2026-06-30T14:00:00+00:00,3011.280000000001,3023.040000000001,3006.280000000001,3022.7400000000007,20542
2026-06-30T14:30:00+00:00,3022.7400000000007,3024.400000000001,3009.580000000001,3010.750000000001,17391
2026-06-30T15:00:00+00:00,3010.750000000001,3023.340000000001,3010.730000000001,3020.440000000001,14399
2026-06-30T15:30:00+00:00,3020.440000000001,3021.500000000001,3015.1800000000007,3017.040000000001,8914
2026-06-30T16:00:00+00:00,3017.040000000001,3025.230000000001,3016.630000000001,3024.800000000001,7272
2026-06-30T16:30:00+00:00,3024.800000000001,3027.640000000001,3024.280000000001,3025.780000000001,6303
2026-06-30T17:00:00+00:00,3025.780000000001,3029.480000000001,3024.190000000001,3029.4300000000007,5683
2026-06-30T17:30:00+00:00,3029.4300000000007,3031.300000000001,3027.330000000001,3028.250000000001,5339
2026-06-30T18:00:00+00:00,3028.250000000001,3029.750000000001,3025.480000000001,3026.250000000001,6000
2026-06-30T18:30:00+00:00,3026.250000000001,3030.480000000001,3024.6800000000007,3027.630000000001,5878
2026-06-30T19:00:00+00:00,3027.630000000001,3032.380000000001,3027.550000000001,3031.600000000001,5889
2026-06-30T19:30:00+00:00,3031.600000000001,3032.040000000001,3024.880000000001,3027.7400000000007,12640
2026-06-30T20:00:00+00:00,3027.7400000000007,3028.100000000001,3021.940000000001,3023.230000000001,4665
2026-06-30T20:30:00+00:00,3023.230000000001,3023.690000000001,3022.2000000000007,3023.130000000001,1156
2026-06-30T22:00:00+00:00,3023.130000000001,3024.590000000001,3020.9300000000007,3024.390000000001,1544
2026-06-30T22:30:00+00:00,3024.390000000001,3024.580000000001,3021.580000000001,3022.730000000001,863
2026-06-30T23:00:00+00:00,3022.730000000001,3023.9900000000007,3022.020000000001,3023.2200000000007,847
2026-06-30T23:30:00+00:00,3023.2200000000007,3023.690000000001,3021.7200000000007,3022.870000000001,1370
2026-07-01T00:00:00+00:00,3022.870000000001,3026.080000000001,3022.120000000001,3025.870000000001,4353
2026-07-01T00:30:00+00:00,3025.870000000001,3027.940000000001,3025.630000000001,3026.920000000001,2598
2026-07-01T01:00:00+00:00,3026.920000000001,3028.390000000001,3019.230000000001,3019.820000000001,4458
2026-07-01T01:30:00+00:00,3019.820000000001,3020.790000000001,3016.580000000001,3017.330000000001,3938
2026-07-01T02:00:00+00:00,3017.330000000001,3017.580000000001,3010.670000000001,3014.570000000001,3943
2026-07-01T02:30:00+00:00,3014.570000000001,3015.580000000001,3013.570000000001,3014.390000000001,2144
2026-07-01T03:00:00+00:00,3014.390000000001,3016.2400000000007,3013.120000000001,3013.790000000001,1949
2026-07-01T03:30:00+00:00,3013.790000000001,3017.790000000001,3013.270000000001,3016.770000000001,2115
2026-07-01T04:00:00+00:00,3016.770000000001,3016.880000000001,3014.570000000001,3016.370000000001,1857
2026-07-01T04:30:00+00:00,3016.370000000001,3018.9900000000007,3015.270000000001,3016.7200000000007,1680
2026-07-01T05:00:00+00:00,3016.7200000000007,3018.190000000001,3015.870000000001,3016.1800000000007,1998
2026-07-01T05:30:00+00:00,3016.1800000000007,3018.130000000001,3015.770000000001,3016.6800000000007,2379
2026-07-01T06:00:00+00:00,3016.6800000000007,3017.890000000001,3012.620000000001,3014.040000000001,3001
2026-07-01T06:30:00+00:00,3014.040000000001,3016.830000000001,3013.820000000001,3015.190000000001,1932
2026-07-01T07:00:00+00:00,3015.190000000001,3015.920000000001,3005.390000000001,3010.840000000001,4001
2026-07-01T07:30:00+00:00,3010.840000000001,3015.570000000001,3010.170000000001,3015.140000000001,2279
2026-07-01T08:00:00+00:00,3015.140000000001,3018.880000000001,3013.290000000001,3017.070000000001,3161
2026-07-01T08:30:00+00:00,3017.070000000001,3020.140000000001,3015.9900000000007,3020.080000000001,2565
2026-07-01T09:00:00+00:00,3020.080000000001,3020.390000000001,3016.390000000001,3018.420000000001,2410
2026-07-01T09:30:00+00:00,3018.420000000001,3020.590000000001,3017.020000000001,3020.080000000001,1600
2026-07-01T10:00:00+00:00,3020.080000000001,3020.630000000001,3015.9900000000007,3019.2400000000007,1725
2026-07-01T10:30:00+00:00,3019.2400000000007,3019.890000000001,3016.770000000001,3018.870000000001,1459
2026-07-01T11:00:00+00:00,3018.870000000001,3021.090000000001,3018.320000000001,3018.540000000001,1629
2026-07-01T11:30:00+00:00,3018.540000000001,3018.780000000001,3014.320000000001,3015.280000000001,2304
2026-07-01T12:00:00+00:00,3015.280000000001,3020.4900000000007,3012.140000000001,3019.480000000001,3003
2026-07-01T12:30:00+00:00,3019.480000000001,3020.420000000001,3014.920000000001,3015.870000000001,5790
2026-07-01T13:00:00+00:00,3015.870000000001,3022.090000000001,3010.530000000001,3021.080000000001,7361
2026-07-01T13:30:00+00:00,3021.080000000001,3032.940000000001,3012.020000000001,3032.330000000001,35609
2026-07-01T14:00:00+00:00,3032.330000000001,3046.340000000001,3032.330000000001,3038.030000000001,20052
2026-07-01T14:30:00+00:00,3038.030000000001,3038.840000000001,3026.870000000001,3031.640000000001,17129
2026-07-01T15:00:00+00:00,3031.640000000001,3049.4900000000007,3031.070000000001,3049.230000000001,13864
2026-07-01T15:30:00+00:00,3049.230000000001,3049.9700000000007,3041.270000000001,3043.140000000001,10855
2026-07-01T16:00:00+00:00,3043.140000000001,3046.4700000000007,3040.230000000001,3044.880000000001,8626
2026-07-01T16:30:00+00:00,3044.880000000001,3047.030000000001,3036.920000000001,3039.090000000001,8468
2026-07-01T17:00:00+00:00,3039.090000000001,3041.290000000001,3035.120000000001,3038.2400000000007,8988
2026-07-01T17:30:00+00:00,3038.2400000000007,3040.040000000001,3030.7200000000007,3031.280000000001,7915
2026-07-01T18:00:00+00:00,3031.280000000001,3033.980000000001,3027.420000000001,3027.580000000001,8097
2026-07-01T18:30:00+00:00,3027.580000000001,3028.2400000000007,3022.070000000001,3025.040000000001,7550
2026-07-01T19:00:00+00:00,3025.040000000001,3029.190000000001,3023.570000000001,3025.770000000001,8671
2026-07-01T19:30:00+00:00,3025.770000000001,3027.530000000001,3014.520000000001,3016.340000000001,12856
2026-07-01T20:00:00+00:00,3016.340000000001,3016.440000000001,3010.340000000001,3012.580000000001,4625
2026-07-01T20:30:00+00:00,3012.580000000001,3015.7400000000007,3009.4700000000007,3012.9300000000007,2130
2026-07-01T22:00:00+00:00,3012.9300000000007,3015.020000000001,3010.9500000000007,3014.7200000000007,1469
2026-07-01T22:30:00+00:00,3014.7200000000007,3015.020000000001,3012.900000000001,3014.170000000001,780
2026-07-01T23:00:00+00:00,3014.170000000001,3014.770000000001,3012.120000000001,3013.780000000001,854.5116457080371
2026-07-01T23:30:00+00:00,3013.780000000001,3014.280000000001,3009.380000000001,3012.020000000001,2114
2026-07-02T00:00:00+00:00,3012.020000000001,3013.190000000001,3007.590000000001,3012.120000000001,9135
2026-07-02T00:30:00+00:00,3012.120000000001,3013.470000000001,3008.120000000001,3013.4300000000007,6175
2026-07-02T01:00:00+00:00,3013.4300000000007,3016.240000000001,3012.770000000001,3016.1800000000007,4399
2026-07-02T01:30:00+00:00,3016.1800000000007,3020.770000000001,3016.1800000000007,3018.320000000001,4071
2026-07-02T02:00:00+00:00,3018.320000000001,3020.790000000001,3017.870000000001,3019.720000000001,3170
2026-07-02T02:30:00+00:00,3019.720000000001,3020.390000000001,3018.970000000001,3019.870000000001,2916
2026-07-02T03:00:00+00:00,3019.870000000001,3020.340000000001,3016.980000000001,3017.9300000000007,2524
2026-07-02T03:30:00+00:00,3017.9300000000007,3020.540000000001,3017.070000000001,3018.190000000001,4222
2026-07-02T04:00:00+00:00,3018.190000000001,3018.590000000001,3013.820000000001,3015.230000000001,3313
2026-07-02T04:30:00+00:00,3015.230000000001,3015.620000000001,3011.870000000001,3014.890000000001,3839
2026-07-02T05:00:00+00:00,3014.890000000001,3017.580000000001,3013.820000000001,3015.390000000001,3592
2026-07-02T05:30:00+00:00,3015.390000000001,3015.420000000001,3011.720000000001,3011.9300000000007,5080
2026-07-02T06:00:00+00:00,3011.9300000000007,3012.620000000001,3008.670000000001,3009.020000000001,5103
2026-07-02T06:30:00+00:00,3009.020000000001,3011.090000000001,3006.240000000001,3008.570000000001,3955
2026-07-02T07:00:00+00:00,3008.570000000001,3009.880000000001,3004.730000000001,3008.780000000001,5425
2026-07-02T07:30:00+00:00,3008.780000000001,3015.220000000001,3007.670000000001,3013.030000000001,4678
2026-07-02T08:00:00+00:00,3013.030000000001,3016.640000000001,3011.120000000001,3015.840000000001,5947
2026-07-02T08:30:00+00:00,3015.840000000001,3019.690000000001,3015.380000000001,3018.340000000001,4119
2026-07-02T09:00:00+00:00,3018.340000000001,3018.640000000001,3016.440000000001,3018.030000000001,3281
2026-07-02T09:30:00+00:00,3018.030000000001,3021.820000000001,3017.970000000001,3019.190000000001,3213
2026-07-02T10:00:00+00:00,3019.190000000001,3020.990000000001,3017.870000000001,3020.830000000001,3439
2026-07-02T10:30:00+00:00,3020.830000000001,3024.230000000001,3020.120000000001,3021.170000000001,2514
2026-07-02T11:00:00+00:00,3021.170000000001,3024.030000000001,3020.6800000000007,3023.530000000001,2128
2026-07-02T11:30:00+00:00,3023.530000000001,3026.990000000001,3022.670000000001,3023.470000000001,2119
2026-07-02T12:00:00+00:00,3023.470000000001,3028.490000000001,3022.080000000001,3027.830000000001,3947
2026-07-02T12:30:00+00:00,3027.830000000001,3044.840000000001,3027.630000000001,3033.630000000001,13676
2026-07-02T13:00:00+00:00,3033.630000000001,3035.090000000001,3026.580000000001,3026.920000000001,8693
2026-07-02T13:30:00+00:00,3026.920000000001,3044.380000000001,3022.620000000001,3040.420000000001,33984
2026-07-02T14:00:00+00:00,3040.420000000001,3041.240000000001,3014.1800000000007,3016.480000000001,29032
2026-07-02T14:30:00+00:00,3016.480000000001,3021.390000000001,3002.270000000001,3008.830000000001,39413
2026-07-02T15:00:00+00:00,3008.830000000001,3009.140000000001,2989.340000000001,2994.240000000001,35198
2026-07-02T15:30:00+00:00,2994.240000000001,3006.730000000001,2994.240000000001,2998.240000000001,25109
2026-07-02T16:00:00+00:00,2998.240000000001,3000.240000000001,2989.240000000001,2989.840000000001,20060
2026-07-02T16:30:00+00:00,2989.840000000001,2992.490000000001,2981.530000000001,2986.620000000001,18118
2026-07-02T17:00:00+00:00,2986.620000000001,2987.940000000001,2977.6800000000007,2982.170000000001,18142
2026-07-02T17:30:00+00:00,2982.170000000001,2983.940000000001,2972.320000000001,2973.530000000001,17743
2026-07-02T18:00:00+00:00,2973.530000000001,2984.740000000001,2972.270000000001,2981.220000000001,16546
2026-07-02T18:30:00+00:00,2981.220000000001,2986.330000000001,2980.840000000001,2983.590000000001,14101
2026-07-02T19:00:00+00:00,2983.590000000001,2984.340000000001,2970.920000000001,2977.190000000001,17362
2026-07-02T19:30:00+00:00,2977.190000000001,2997.570000000001,2976.030000000001,2996.820000000001,18685
2026-07-02T20:00:00+00:00,2996.820000000001,2996.920000000001,2991.320000000001,2992.440000000001,4051
2026-07-02T20:30:00+00:00,2992.440000000001,2993.590000000001,2988.620000000001,2992.530000000001,2847
2026-07-02T22:00:00+00:00,2992.530000000001,2995.340000000001,2992.530000000001,2994.090000000001,808
2026-07-02T22:30:00+00:00,2994.090000000001,2996.090000000001,2993.490000000001,2995.990000000001,980
2026-07-02T23:00:00+00:00,2995.990000000001,2996.860000000001,2994.340000000001,2996.1600000000008,1411
2026-07-02T23:30:00+00:00,2996.1600000000008,2997.210000000001,2995.390000000001,2996.850000000001,2224
2026-07-03T00:00:00+00:00,2996.850000000001,2998.900000000001,2994.090000000001,2995.850000000001,8979
2026-07-03T00:30:00+00:00,2995.850000000001,2999.100000000001,2994.690000000001,2995.600000000001,7270
2026-07-03T01:00:00+00:00,2995.600000000001,3004.250000000001,2995.190000000001,3002.400000000001,6881
2026-07-03T01:30:00+00:00,3002.400000000001,3003.550000000001,3001.490000000001,3002.090000000001,4297
2026-07-03T02:00:00+00:00,3002.090000000001,3003.850000000001,3001.540000000001,3002.940000000001,2827
2026-07-03T02:30:00+00:00,3002.940000000001,3003.850000000001,3001.700000000001,3003.460000000001,1993
2026-07-03T03:00:00+00:00,3003.460000000001,3004.4100000000008,3001.610000000001,3004.340000000001,1759
2026-07-03T03:30:00+00:00,3004.340000000001,3005.110000000001,3000.800000000001,3004.090000000001,2402
2026-07-03T04:00:00+00:00,3004.090000000001,3005.460000000001,3003.590000000001,3005.360000000001,1510
2026-07-03T04:30:00+00:00,3005.360000000001,3005.960000000001,3004.140000000001,3005.100000000001,1797
2026-07-03T05:00:00+00:00,3005.100000000001,3005.450000000001,3002.610000000001,3004.200000000001,2328
2026-07-03T05:30:00+00:00,3004.200000000001,3005.1600000000008,3002.790000000001,3004.1600000000008,2048
2026-07-03T06:00:00+00:00,3004.1600000000008,3007.760000000001,3003.9100000000008,3005.560000000001,2638
2026-07-03T06:30:00+00:00,3005.560000000001,3008.260000000001,3005.140000000001,3005.690000000001,1756
2026-07-03T07:00:00+00:00,3005.690000000001,3007.110000000001,3004.990000000001,3005.950000000001,2207
2026-07-03T07:30:00+00:00,3005.950000000001,3006.510000000001,3000.750000000001,3000.760000000001,1656
2026-07-03T08:00:00+00:00,3000.760000000001,3001.200000000001,2999.540000000001,3000.610000000001,1893
2026-07-03T08:30:00+00:00,3000.610000000001,3002.050000000001,2998.340000000001,2999.390000000001,1975
2026-07-03T09:00:00+00:00,2999.390000000001,3002.650000000001,2998.400000000001,3001.500000000001,2017
2026-07-03T09:30:00+00:00,3001.500000000001,3004.6600000000008,3001.200000000001,3003.000000000001,1698
2026-07-03T10:00:00+00:00,3003.000000000001,3004.740000000001,3002.360000000001,3002.990000000001,1151
2026-07-03T10:30:00+00:00,3002.990000000001,3003.400000000001,3001.040000000001,3001.800000000001,1086
2026-07-03T11:00:00+00:00,3001.800000000001,3002.550000000001,3000.090000000001,3000.500000000001,1119
2026-07-03T11:30:00+00:00,3000.500000000001,3003.950000000001,2999.700000000001,3003.690000000001,1232
2026-07-03T12:00:00+00:00,3003.690000000001,3005.350000000001,3001.190000000001,3001.740000000001,1544
2026-07-03T12:30:00+00:00,3001.740000000001,3002.810000000001,2999.340000000001,3000.090000000001,1292
2026-07-03T13:00:00+00:00,3000.090000000001,3001.6600000000008,2998.490000000001,2998.9100000000008,1665
2026-07-03T13:30:00+00:00,2998.9100000000008,3001.950000000001,2998.1600000000008,3000.650000000001,3905
2026-07-03T14:00:00+00:00,3000.650000000001,3004.0400000000013,2999.890000000001,3002.9600000000014,2580.3668918293697
2026-07-03T14:30:00+00:00,3002.9600000000014,3006.5600000000013,3002.8900000000012,3006.0600000000013,1947
2026-07-03T15:00:00+00:00,3006.0600000000013,3006.5400000000013,3003.5000000000014,3004.6900000000014,1828
2026-07-03T15:30:00+00:00,3004.6900000000014,3006.8900000000012,3003.4900000000016,3006.5400000000013,1551
2026-07-03T16:00:00+00:00,3006.5400000000013,3007.4500000000016,3005.0100000000016,3005.4400000000014,905
2026-07-03T16:30:00+00:00,3005.4400000000014,3006.8000000000015,3004.5500000000015,3006.5400000000013,1023
2026-07-03T17:00:00+00:00,3006.5400000000013,3006.5400000000013,3004.93,3005.7299999999996,35.04214140207263
2026-07-03T17:30:00+00:00,3005.7299999999996,3005.7299999999996,3005.33,3005.33,12.322256542219383
2026-07-03T18:00:00+00:00,3005.7299999999996,3005.7299999999996,3005.2299999999996,3005.2299999999996,28.730290262138592
2026-07-03T18:30:00+00:00,3005.7299999999996,3005.7299999999996,3005.2299999999996,3005.7299999999996,57.21876882933037
2026-07-03T19:00:00+00:00,3005.5299999999997,3006.5299999999997,3005.5299999999997,3006.1299999999997,66.78356825041234
2026-07-03T19:30:00+00:00,3006.33,3006.73,3005.3299999999995,3006.2299999999996,355.4415129619297
2026-07-05T22:00:00+00:00,3006.35,3006.35,2996.59,3003.41,1952
2026-07-05T22:30:00+00:00,3003.41,3007.61,3003.41,3005.81,821
2026-07-05T23:00:00+00:00,3005.81,3007.25,3004.65,3006.29,1368
2026-07-05T23:30:00+00:00,3006.29,3008.51,3004.96,3008.46,1804
2026-07-06T00:00:00+00:00,3008.46,3008.86,3001.54,3001.69,6824
2026-07-06T00:30:00+00:00,3001.69,3007.79,3000.84,3005.39,5489
2026-07-06T01:00:00+00:00,3005.39,3005.91,2999.9,3001.29,4878
2026-07-06T01:30:00+00:00,3001.29,3003.9,2997.8,2999.06,5349
2026-07-06T02:00:00+00:00,2999.06,3000.41,2994.79,2994.9,4374
2026-07-06T02:30:00+00:00,2994.9,2995.26,2992.11,2993.76,3592
2026-07-06T03:00:00+00:00,2993.76,2993.91,2991.44,2993.39,2525
2026-07-06T03:30:00+00:00,2993.39,2994.86,2990.29,2992.84,3240
2026-07-06T04:00:00+00:00,2992.84,2997.35,2990.99,2997.11,2510
2026-07-06T04:30:00+00:00,2997.11,2999.81,2996.44,2999.69,2366
2026-07-06T05:00:00+00:00,2999.69,2999.91,2997.26,2997.4,2458
2026-07-06T05:30:00+00:00,2997.4,2999.75,2995.89,2997.79,2549
2026-07-06T06:00:00+00:00,2997.79,3000.3,2996.76,2999.79,2622
2026-07-06T06:30:00+00:00,2999.79,3001.06,2999.41,3000.86,1806
2026-07-06T07:00:00+00:00,3000.86,3003.84,3000.81,3001.41,2534
2026-07-06T07:30:00+00:00,3001.41,3006.71,3000.99,3005.81,1582
2026-07-06T08:00:00+00:00,3005.81,3008.06,3002.25,3003.9,2796
2026-07-06T08:30:00+00:00,3003.9,3004.09,3001.54,3003.21,2188
2026-07-06T09:00:00+00:00,3003.21,3003.21,2999.84,3002.09,1971
2026-07-06T09:30:00+00:00,3002.09,3002.31,2999.09,3000.75,1900
2026-07-06T10:00:00+00:00,3000.75,3003.44,2999.89,3001.85,1744
2026-07-06T10:30:00+00:00,3001.85,3003.01,2999.59,3001.8,1484
2026-07-06T11:00:00+00:00,3001.8,3003.01,2999.69,3001.69,2025
2026-07-06T11:30:00+00:00,3001.69,3003.85,2997.99,2998.49,1680
2026-07-06T12:00:00+00:00,2998.49,3005.24,2997.91,3002.16,2835
2026-07-06T12:30:00+00:00,3002.16,3005.91,3002.11,3004.26,1729
2026-07-06T13:00:00+00:00,3004.26,3004.76,2996.29,2999.76,3025
2026-07-06T13:30:00+00:00,2999.76,3024.36,2999.14,3017.91,32230
2026-07-06T14:00:00+00:00,3017.91,3019.11,3007.29,3012.51,21978
2026-07-06T14:30:00+00:00,3012.51,3020.06,3008.8,3019.89,15529
2026-07-06T15:00:00+00:00,3019.89,3022.7,3016.89,3019.51,14466
2026-07-06T15:30:00+00:00,3019.51,3025.11,3016.84,3025.05,10212
2026-07-06T16:00:00+00:00,3025.05,3025.84,3020.69,3023.59,7475
2026-07-06T16:30:00+00:00,3023.59,3025.51,3018.99,3020.19,7300
2026-07-06T17:00:00+00:00,3020.19,3024.64,3018.85,3021.2,8351
2026-07-06T17:30:00+00:00,3021.2,3021.46,3014.05,3017.75,11103
2026-07-06T18:00:00+00:00,3017.75,3021.45,3017.49,3017.59,7242
2026-07-06T18:30:00+00:00,3017.59,3018.21,3014.26,3015.25,6681
2026-07-06T19:00:00+00:00,3015.25,3017.16,3010.64,3016.9,6940
2026-07-06T19:30:00+00:00,3016.9,3017.16,3007.55,3010.21,11165
2026-07-06T20:00:00+00:00,3010.21,3017.29,3010.06,3016.41,2567
2026-07-06T20:30:00+00:00,3016.41,3019.24,3015.65,3018.21,959
2026-07-06T22:00:00+00:00,3018.21,3019.84,3016.98,3018.67,695
2026-07-06T22:30:00+00:00,3018.67,3019.09,3016.23,3016.64,966
2026-07-06T23:00:00+00:00,3016.64,3018.34,3015.07,3015.49,986
2026-07-06T23:30:00+00:00,3015.49,3015.94,3011.62,3012.64,1609
2026-07-07T00:00:00+00:00,3012.64,3016.89,3011.27,3014.12,6463
2026-07-07T00:30:00+00:00,3014.12,3014.89,3010.97,3012.32,5440
2026-07-07T01:00:00+00:00,3012.32,3013.03,3011.03,3011.99,4271
2026-07-07T01:30:00+00:00,3011.99,3015.49,3010.89,3011.67,4317
2026-07-07T02:00:00+00:00,3011.67,3013.89,3011.43,3011.63,3606
2026-07-07T02:30:00+00:00,3011.63,3011.93,3009.52,3009.62,2941
2026-07-07T03:00:00+00:00,3009.62,3011.69,3006.27,3006.44,2767
2026-07-07T03:30:00+00:00,3006.44,3008.02,3003.93,3005.44,3962
2026-07-07T04:00:00+00:00,3005.44,3006.64,3003.47,3004.27,3067
2026-07-07T04:30:00+00:00,3004.27,3005.14,3002.03,3002.78,2203
2026-07-07T05:00:00+00:00,3002.78,3002.83,3000.02,3001.83,2756
2026-07-07T05:30:00+00:00,3001.83,3008.18,3001.77,3007.23,4364
2026-07-07T06:00:00+00:00,3007.23,3008.34,3003.27,3006.08,3390
2026-07-07T06:30:00+00:00,3006.08,3010.32,3005.28,3009.74,1835
2026-07-07T07:00:00+00:00,3009.74,3012.99,3007.58,3011.93,3378
2026-07-07T07:30:00+00:00,3011.93,3012.12,3007.28,3007.28,2115
2026-07-07T08:00:00+00:00,3007.28,3013.04,3006.92,3012.49,2937
2026-07-07T08:30:00+00:00,3012.49,3013.82,3011.34,3011.92,2300
2026-07-07T09:00:00+00:00,3011.92,3016.24,3010.38,3015.22,2586
2026-07-07T09:30:00+00:00,3015.22,3017.44,3013.77,3016.19,2265
2026-07-07T10:00:00+00:00,3016.19,3018.88,3014.84,3015.59,2211
2026-07-07T10:30:00+00:00,3015.59,3017.78,3014.57,3016.42,1877
2026-07-07T11:00:00+00:00,3016.42,3021.28,3013.82,3019.68,2416
2026-07-07T11:30:00+00:00,3019.68,3023.84,3019.07,3022.67,2453
2026-07-07T12:00:00+00:00,3022.67,3026.44,3021.42,3023.37,3243
2026-07-07T12:30:00+00:00,3023.37,3024.53,3020.18,3020.88,2500
2026-07-07T13:00:00+00:00,3020.88,3021.04,3011.42,3013.29,4371
2026-07-07T13:30:00+00:00,3013.29,3021.29,2984.92,2991.24,39161
2026-07-07T14:00:00+00:00,2991.24,2992.39,2974.77,2983.48,36129
2026-07-07T14:30:00+00:00,2983.48,2988.68,2972.62,2985.24,29156
2026-07-07T15:00:00+00:00,2985.24,2993.14,2983.22,2989.83,20906
2026-07-07T15:30:00+00:00,2989.83,2990.44,2982.67,2987.64,17859
2026-07-07T16:00:00+00:00,2987.64,2998.49,2987.64,2996.07,14597
2026-07-07T16:30:00+00:00,2996.07,2999.08,2992.79,2995.48,11320
2026-07-07T17:00:00+00:00,2995.48,2998.68,2991.38,2995.07,10788
2026-07-07T17:30:00+00:00,2995.07,2996.64,2992.37,2996.02,9008
2026-07-07T18:00:00+00:00,2996.02,2997.03,2992.52,2994.92,8753
2026-07-07T18:30:00+00:00,2994.92,2995.24,2984.29,2985.32,14216
2026-07-07T19:00:00+00:00,2985.32,2986.09,2975.73,2979.43,19789
2026-07-07T19:30:00+00:00,2979.43,2987.43,2977.64,2983.03,18646
2026-07-07T20:00:00+00:00,2983.03,2983.19,2979.79,2980.49,3260
2026-07-07T20:30:00+00:00,2980.49,2981.63,2979.57,2981.57,1054
2026-07-07T22:00:00+00:00,2981.57,2981.57,2974.01,2979.17,1902
2026-07-07T22:30:00+00:00,2979.17,2981.01,2977.81,2979.42,1049
2026-07-07T23:00:00+00:00,2979.42,2983.03,2978.41,2982.27,1079
2026-07-07T23:30:00+00:00,2982.27,2982.78,2976.31,2976.97,1977
2026-07-08T00:00:00+00:00,2976.97,2981.97,2974.07,2980.12,7787
2026-07-08T00:30:00+00:00,2980.12,2988.53,2977.93,2988.02,4719
2026-07-08T01:00:00+00:00,2988.02,2988.52,2984.11,2984.66,3918
2026-07-08T01:30:00+00:00,2984.66,2985.98,2982.56,2983.72,4568
2026-07-08T02:00:00+00:00,2983.72,2984.13,2979.66,2981.38,4015
2026-07-08T02:30:00+00:00,2981.38,2984.22,2980.16,2983.12,3193
2026-07-08T03:00:00+00:00,2983.12,2987.18,2983.06,2986.52,2197
2026-07-08T03:30:00+00:00,2986.52,2987.41,2983.53,2983.78,2834
2026-07-08T04:00:00+00:00,2983.78,2985.22,2982.61,2984.27,2876
2026-07-08T04:30:00+00:00,2984.27,2985.17,2981.71,2983.98,3404
2026-07-08T05:00:00+00:00,2983.98,2985.31,2980.78,2981.28,3714
2026-07-08T05:30:00+00:00,2981.28,2981.32,2974.76,2977.38,3302
2026-07-08T06:00:00+00:00,2977.38,2977.38,2973.03,2974.42,3383
2026-07-08T06:30:00+00:00,2974.42,2975.18,2968.73,2971.86,3177
2026-07-08T07:00:00+00:00,2971.86,2973.73,2965.07,2973.51,5352
2026-07-08T07:30:00+00:00,2973.51,2976.88,2970.66,2971.02,4053
2026-07-08T08:00:00+00:00,2971.02,2973.38,2944.77,2945.18,16355
2026-07-08T08:30:00+00:00,2945.18,2947.47,2936.92,2940.08,14639
2026-07-08T09:00:00+00:00,2940.08,2940.86,2934.31,2937.83,10177
2026-07-08T09:30:00+00:00,2937.83,2942.42,2935.91,2938.23,6232
2026-07-08T10:00:00+00:00,2938.23,2945.38,2936.92,2945.31,5582
2026-07-08T10:30:00+00:00,2945.31,2949.07,2943.56,2946.53,4771
2026-07-08T11:00:00+00:00,2946.53,2949.53,2944.03,2948.08,4289
2026-07-08T11:30:00+00:00,2948.08,2963.88,2946.76,2957.61,8868
2026-07-08T12:00:00+00:00,2957.61,2965.81,2954.68,2965.13,4958
2026-07-08T12:30:00+00:00,2965.13,2967.83,2960.32,2960.68,5311
2026-07-08T13:00:00+00:00,2960.68,2967.03,2959.06,2961.02,7253
2026-07-08T13:30:00+00:00,2961.02,2972.07,2957.12,2968.26,38303
2026-07-08T14:00:00+00:00,2968.26,2970.58,2951.87,2954.98,34337
2026-07-08T14:30:00+00:00,2954.98,2957.22,2941.36,2943.67,28877
2026-07-08T15:00:00+00:00,2943.67,2945.77,2931.11,2933.32,23109
2026-07-08T15:30:00+00:00,2933.32,2936.02,2927.58,2930.43,20559
2026-07-08T16:00:00+00:00,2930.43,2945.97,2930.42,2944.81,17853
2026-07-08T16:30:00+00:00,2944.81,2951.43,2939.11,2950.67,18037
2026-07-08T17:00:00+00:00,2950.67,2955.53,2944.92,2954.96,11578
2026-07-08T17:30:00+00:00,2954.96,2957.62,2948.42,2950.81,10078
2026-07-08T18:00:00+00:00,2950.81,2956.62,2948.61,2953.47,8577
2026-07-08T18:30:00+00:00,2953.47,2955.78,2949.91,2954.32,6932
2026-07-08T19:00:00+00:00,2954.32,2956.27,2950.42,2952.68,6419
2026-07-08T19:30:00+00:00,2952.68,2959.63,2944.98,2954.73,12507
2026-07-08T20:00:00+00:00,2954.73,2955.73,2949.21,2950.13,3870
2026-07-08T20:30:00+00:00,2950.13,2951.13,2946.22,2947.66,3028
2026-07-08T22:00:00+00:00,2947.66,2952.2,2947.66,2950.7,1449
2026-07-08T22:30:00+00:00,2950.7,2952.74,2948.91,2950.41,896
2026-07-08T23:00:00+00:00,2950.41,2951.77,2948.9,2950.96,810.0592087312415
2026-07-08T23:30:00+00:00,2950.96,2954.6,2950.15,2953.51,1679
2026-07-09T00:00:00+00:00,2953.51,2959.7,2952.5,2959.2200000000003,4802
2026-07-09T00:30:00+00:00,2959.2200000000003,2962.17,2957.75,2960.9,3932
2026-07-09T01:00:00+00:00,2960.9,2963.45,2958.81,2960.27,3477
2026-07-09T01:30:00+00:00,2960.27,2964.05,2959.11,2961.7200000000003,3678
2026-07-09T02:00:00+00:00,2961.7200000000003,2967.5,2960.4,2964.12,3752
2026-07-09T02:30:00+00:00,2964.12,2965.92,2957.57,2958.75,3546
2026-07-09T03:00:00+00:00,2958.75,2961.7200000000003,2957.17,2961.71,3670
2026-07-09T03:30:00+00:00,2961.71,2963.42,2960.95,2962.61,3383
2026-07-09T04:00:00+00:00,2962.61,2963.76,2960.2,2960.92,2401
2026-07-09T04:30:00+00:00,2960.92,2964.71,2960.85,2963.87,2240
2026-07-09T05:00:00+00:00,2963.87,2968.26,2961.31,2962.37,4361
2026-07-09T05:30:00+00:00,2962.37,2968.95,2960.9700000000003,2968.62,3191
2026-07-09T06:00:00+00:00,2968.62,2969.07,2965.55,2966.9,2714
2026-07-09T06:30:00+00:00,2966.9,2967.57,2965.42,2966.05,2083
2026-07-09T07:00:00+00:00,2966.05,2967.67,2964.3,2966.96,3119
2026-07-09T07:30:00+00:00,2966.96,2970.92,2965.92,2967.45,2449
2026-07-09T08:00:00+00:00,2967.45,2968.82,2965.65,2968.07,3501
2026-07-09T08:30:00+00:00,2968.07,2968.11,2962.05,2963.01,3023
2026-07-09T09:00:00+00:00,2963.01,2963.4700000000003,2960.6,2961,2617
2026-07-09T09:30:00+00:00,2961,2961.16,2955.9,2960.31,3068
2026-07-09T10:00:00+00:00,2960.31,2962.5,2959.4,2960.12,1855
2026-07-09T10:30:00+00:00,2960.12,2960.16,2952.67,2956.81,3780
2026-07-09T11:00:00+00:00,2956.81,2959.56,2955.7200000000003,2958.7,3497
2026-07-09T11:30:00+00:00,2958.7,2963.77,2956.91,2962.66,3288
2026-07-09T12:00:00+00:00,2962.66,2968.46,2962.32,2968.35,2771
2026-07-09T12:30:00+00:00,2968.35,2970.41,2964.17,2966.61,3280
2026-07-09T13:00:00+00:00,2966.61,2974.21,2966.4700000000003,2972.55,4513
2026-07-09T13:30:00+00:00,2972.55,2987.2200000000003,2968.65,2985.17,31311
2026-07-09T14:00:00+00:00,2985.17,2994.27,2975.82,2990.9700000000003,30741
2026-07-09T14:30:00+00:00,2990.9700000000003,2995.9700000000003,2986.46,2995.1,23602
2026-07-09T15:00:00+00:00,2995.1,2997.01,2989.31,2991,15314
2026-07-09T15:30:00+00:00,2991,2994.27,2986.81,2989.4,12012
2026-07-09T16:00:00+00:00,2989.4,2993.96,2989.4,2992.2200000000003,8167
2026-07-09T16:30:00+00:00,2992.2200000000003,2993.5,2990.4,2992.5,7363
2026-07-09T17:00:00+00:00,2992.5,2998.32,2992.21,2998.25,6340
2026-07-09T17:30:00+00:00,2998.25,2999.32,2995.2,2996.75,5721
2026-07-09T18:00:00+00:00,2996.75,2999.27,2993.67,2995,6974
2026-07-09T18:30:00+00:00,2995,2998.06,2993.8,2997.56,5775
2026-07-09T19:00:00+00:00,2997.56,2998.07,2994.41,2996.06,6879
2026-07-09T19:30:00+00:00,2996.06,2996.46,2990.4700000000003,2993.7200000000003,8976
2026-07-09T20:00:00+00:00,2993.7200000000003,2995.71,2992.2200000000003,2992.7200000000003,2055
2026-07-09T20:30:00+00:00,2992.7200000000003,2992.96,2989.36,2989.62,983
2026-07-09T22:00:00+00:00,2989.62,2993.05,2989.62,2989.95,974
2026-07-09T22:30:00+00:00,2989.95,2990.7,2989.79,2990.34,383
2026-07-09T23:00:00+00:00,2990.34,2991.44,2989.64,2991.18,523
2026-07-09T23:30:00+00:00,2991.18,2991.25,2988.9,2989.54,837
2026-07-10T00:00:00+00:00,2989.54,2990.2,2984.13,2984.53,3192
2026-07-10T00:30:00+00:00,2984.53,2984.75,2981.73,2984.73,1982
2026-07-10T01:00:00+00:00,2984.73,2985.3,2982.1,2985.2400000000002,1743
2026-07-10T01:30:00+00:00,2985.2400000000002,2987.48,2984.2400000000002,2985.7,1669
2026-07-10T02:00:00+00:00,2985.7,2986.6,2983.95,2984.44,1745
2026-07-10T02:30:00+00:00,2984.44,2987.2400000000002,2984.03,2986.89,1051
2026-07-10T03:00:00+00:00,2986.89,2988.44,2986.09,2986.2400000000002,719
2026-07-10T03:30:00+00:00,2986.2400000000002,2987.29,2985.54,2987.05,913
2026-07-10T04:00:00+00:00,2987.05,2987.59,2985.29,2985.8,898
2026-07-10T04:30:00+00:00,2985.8,2986.25,2984.78,2985.19,922
2026-07-10T05:00:00+00:00,2985.19,2986.05,2984.28,2985.44,1253
2026-07-10T05:30:00+00:00,2985.44,2987.1,2984.9,2986.08,1322
2026-07-10T06:00:00+00:00,2986.08,2988.98,2985.7400000000002,2986.79,1947
2026-07-10T06:30:00+00:00,2986.79,2989.54,2986.58,2988.2,1439
2026-07-10T07:00:00+00:00,2988.2,2990.54,2986.88,2989.43,1836
2026-07-10T07:30:00+00:00,2989.43,2990.35,2986.03,2987.34,1814
2026-07-10T08:00:00+00:00,2987.34,2991.15,2986.84,2987.9900000000002,2239
2026-07-10T08:30:00+00:00,2987.9900000000002,2987.9900000000002,2983.54,2985.15,1716
2026-07-10T09:00:00+00:00,2985.15,2988.33,2982.79,2987.2,2068
2026-07-10T09:30:00+00:00,2987.2,2988.39,2986.38,2987.79,1103
2026-07-10T10:00:00+00:00,2987.79,2990.69,2987.79,2989.64,1139
2026-07-10T10:30:00+00:00,2989.64,2991.95,2989.64,2991.25,968
2026-07-10T11:00:00+00:00,2991.25,2994.2400000000002,2991.05,2991.39,1313
2026-07-10T11:30:00+00:00,2991.39,2993.45,2989.08,2991.48,1754
2026-07-10T12:00:00+00:00,2991.48,3004,2989.29,2996.04,4450
2026-07-10T12:30:00+00:00,2996.04,2998.25,2994.33,2997.14,2409
2026-07-10T13:00:00+00:00,2997.14,2999.39,2995.68,2997.23,2438
2026-07-10T13:30:00+00:00,2997.23,3002.38,2975.84,2982.44,27311
2026-07-10T14:00:00+00:00,2982.44,2984.2,2969.5,2976.94,19047
2026-07-10T14:30:00+00:00,2976.94,2980.9,2958.3,2967.83,26714
2026-07-10T15:00:00+00:00,2967.83,2976.2,2965.19,2975.23,16163
2026-07-10T15:30:00+00:00,2975.23,2975.6,2967.18,2972.2,12084
2026-07-10T16:00:00+00:00,2972.2,2974.84,2969.23,2971.75,7739
2026-07-10T16:30:00+00:00,2971.75,2977.9,2970.75,2977.59,5295
2026-07-10T17:00:00+00:00,2977.59,2979.79,2975.2400000000002,2979.15,4693
2026-07-10T17:30:00+00:00,2979.15,2984.04,2979.03,2981.33,4196.608847633383
2026-07-10T18:00:00+00:00,2981.33,2984.6800000000003,2979.17,2979.57,4804
2026-07-10T18:30:00+00:00,2979.57,2981.9900000000002,2977.42,2978.63,3742
2026-07-10T19:00:00+00:00,2978.63,2982.44,2977.92,2979.62,4877
2026-07-10T19:30:00+00:00,2979.62,2981.82,2977.2200000000003,2979.38,6523
2026-07-10T20:00:00+00:00,2979.38,2982.14,2977.83,2981.83,1783
2026-07-10T20:30:00+00:00,2981.83,2981.9300000000003,2980.39,2981.57,230
2026-07-12T22:00:00+00:00,2981.57,2981.57,2959.9500000000003,2963.8,2119
2026-07-12T22:30:00+00:00,2963.8,2968.42,2963.8,2968.21,854
2026-07-12T23:00:00+00:00,2968.21,2968.2200000000003,2965.15,2966.27,845
2026-07-12T23:30:00+00:00,2966.27,2966.87,2963.35,2965.9500000000003,1673
2026-07-13T00:00:00+00:00,2965.9500000000003,2973.81,2965.6,2969.96,4621
2026-07-13T00:30:00+00:00,2969.96,2970.3,2962.6600000000003,2964.27,4077
2026-07-13T01:00:00+00:00,2964.27,2964.46,2960.02,2961.9100000000003,4174
2026-07-13T01:30:00+00:00,2961.9100000000003,2964.12,2957.5,2960.1600000000003,4074
2026-07-13T02:00:00+00:00,2960.1600000000003,2964.8,2958.32,2964.26,2721
2026-07-13T02:30:00+00:00,2964.26,2966.86,2963.55,2963.86,1964
2026-07-13T03:00:00+00:00,2963.86,2964.07,2959.2000000000003,2959.9700000000003,1448
2026-07-13T03:30:00+00:00,2959.9700000000003,2960.9700000000003,2958.31,2958.9500000000003,1623
2026-07-13T04:00:00+00:00,2958.9500000000003,2958.9500000000003,2956.1,2957.25,1724
2026-07-13T04:30:00+00:00,2957.25,2957.86,2955.56,2956.35,900
2026-07-13T05:00:00+00:00,2956.35,2960.06,2954.6,2954.85,2570
2026-07-13T05:30:00+00:00,2954.85,2959.87,2952.25,2959.77,3482
2026-07-13T06:00:00+00:00,2959.77,2963.07,2957.9100000000003,2963.07,2910
2026-07-13T06:30:00+00:00,2963.07,2967.02,2961.61,2966.67,1778
2026-07-13T07:00:00+00:00,2966.67,2973.26,2966.3,2970.57,3042
2026-07-13T07:30:00+00:00,2970.57,2973.52,2968.5,2972.9,2345
2026-07-13T08:00:00+00:00,2972.9,2979.17,2972.55,2976.9500000000003,3291
2026-07-13T08:30:00+00:00,2976.9500000000003,2980.27,2976.75,2979.27,1576
2026-07-13T09:00:00+00:00,2979.27,2981.12,2977.9500000000003,2979.6600000000003,1502
2026-07-13T09:30:00+00:00,2979.6600000000003,2980.82,2977.35,2977.85,1486
2026-07-13T10:00:00+00:00,2977.85,2977.92,2974.46,2975.26,1525
2026-07-13T10:30:00+00:00,2975.26,2976.36,2974.07,2976.01,1526
2026-07-13T11:00:00+00:00,2976.01,2978.42,2972.81,2975.51,2381
2026-07-13T11:30:00+00:00,2975.51,2976.52,2968.65,2970.4700000000003,1907
2026-07-13T12:00:00+00:00,2970.4700000000003,2974.2200000000003,2968.05,2969.06,3300
2026-07-13T12:30:00+00:00,2969.06,2972.67,2966.8,2972.4500000000003,2495
2026-07-13T13:00:00+00:00,2972.4500000000003,2973.12,2967.8,2971.2000000000003,3142
2026-07-13T13:30:00+00:00,2971.2000000000003,2978.62,2964.25,2974.06,32659
2026-07-13T14:00:00+00:00,2974.06,2976.6600000000003,2948.87,2969.85,31534
2026-07-13T14:30:00+00:00,2969.85,2971.07,2962.25,2967,18477
2026-07-13T15:00:00+00:00,2967,2969.11,2962.35,2965.67,11883
2026-07-13T15:30:00+00:00,2965.67,2968.07,2959.6,2960.7200000000003,10257
2026-07-13T16:00:00+00:00,2960.7200000000003,2963.9100000000003,2953.2000000000003,2955.07,10123
2026-07-13T16:30:00+00:00,2955.07,2958.9100000000003,2949.6,2956.21,17603
2026-07-13T17:00:00+00:00,2956.21,2960.9700000000003,2953.85,2954.4100000000003,10533
2026-07-13T17:30:00+00:00,2954.4100000000003,2956.57,2949.8,2950.71,10311
2026-07-13T18:00:00+00:00,2950.71,2957.4,2947.86,2950.15,11473
2026-07-13T18:30:00+00:00,2950.15,2955.52,2948.5,2953.3,9591
2026-07-13T19:00:00+00:00,2953.3,2955.67,2948.9500000000003,2949.51,9805
2026-07-13T19:30:00+00:00,2949.51,2956.27,2947.1600000000003,2955.46,12281
2026-07-13T20:00:00+00:00,2955.46,2955.87,2948.46,2951,2965
2026-07-13T20:30:00+00:00,2951,2951.57,2948.46,2950.75,1000
2026-07-13T22:00:00+00:00,2950.75,2955.9300000000003,2949.51,2950.6800000000003,1716
2026-07-13T22:30:00+00:00,2950.6800000000003,2953.03,2948.42,2948.9700000000003,1032
2026-07-13T23:00:00+00:00,2948.9700000000003,2950.57,2947.4100000000003,2948.71,1170
2026-07-13T23:30:00+00:00,2948.71,2951.82,2945.6600000000003,2951.58,2591
2026-07-14T00:00:00+00:00,2951.58,2953.6800000000003,2942.21,2945.78,11480
2026-07-14T00:30:00+00:00,2945.78,2952.73,2942.4100000000003,2951.9700000000003,8324
2026-07-14T01:00:00+00:00,2951.9700000000003,2954.77,2950.96,2953.56,5742
2026-07-14T01:30:00+00:00,2953.56,2954.12,2948.51,2949.48,5099
2026-07-14T02:00:00+00:00,2949.48,2952.57,2945.96,2948.27,4949
2026-07-14T02:30:00+00:00,2948.27,2950.07,2944.9700000000003,2945.76,3755
2026-07-14T03:00:00+00:00,2945.76,2946.17,2942.86,2946.01,3474
2026-07-14T03:30:00+00:00,2946.01,2948.42,2944.4100000000003,2947.87,4991
2026-07-14T04:00:00+00:00,2947.87,2950.11,2945.13,2949.53,3119
2026-07-14T04:30:00+00:00,2949.53,2955.58,2949.07,2954.9700000000003,2527
2026-07-14T05:00:00+00:00,2954.9700000000003,2959.62,2954.11,2959.62,2730
2026-07-14T05:30:00+00:00,2959.62,2962.03,2959.1800000000003,2959.37,2895
2026-07-14T06:00:00+00:00,2959.37,2960.77,2956.01,2956.78,2424
2026-07-14T06:30:00+00:00,2956.78,2958.17,2951.46,2951.51,2232
2026-07-14T07:00:00+00:00,2951.51,2957.26,2950.23,2954.13,5036
2026-07-14T07:30:00+00:00,2954.13,2954.23,2946.83,2952.01,4987
2026-07-14T08:00:00+00:00,2952.01,2954.53,2948.1600000000003,2953.61,5318
2026-07-14T08:30:00+00:00,2953.61,2953.86,2947.03,2947.77,3464
2026-07-14T09:00:00+00:00,2947.77,2954.48,2946.26,2949.17,3902
2026-07-14T09:30:00+00:00,2949.17,2953.27,2949.13,2951.52,2927
2026-07-14T10:00:00+00:00,2951.52,2953.96,2950.81,2953.32,2015
2026-07-14T10:30:00+00:00,2953.32,2958.63,2951.77,2954.42,4003
2026-07-14T11:00:00+00:00,2954.42,2961.23,2951.32,2957.36,6972
2026-07-14T11:30:00+00:00,2957.36,2961.03,2955.81,2957.27,3812
2026-07-14T12:00:00+00:00,2957.27,2962.76,2951.07,2962.07,4040
2026-07-14T12:30:00+00:00,2962.07,3013.77,2961.86,2976.63,15445
2026-07-14T13:00:00+00:00,2976.63,2979.9700000000003,2971.23,2976.46,10205
2026-07-14T13:30:00+00:00,2976.46,2981.42,2966.86,2969.83,33915
2026-07-14T14:00:00+00:00,2969.83,2970.37,2958.1600000000003,2965.32,29759
2026-07-14T14:30:00+00:00,2965.32,2980.33,2961.48,2966.7200000000003,22262
2026-07-14T15:00:00+00:00,2966.7200000000003,2974.67,2962.4700000000003,2969.77,17478
2026-07-14T15:30:00+00:00,2969.77,2970.92,2960.21,2967.26,15041
2026-07-14T16:00:00+00:00,2967.26,2968.7200000000003,2963.31,2967.71,11316
2026-07-14T16:30:00+00:00,2967.71,2969.83,2964.26,2965.7200000000003,7714
2026-07-14T17:00:00+00:00,2965.7200000000003,2966.87,2961.9300000000003,2965.31,6861
2026-07-14T17:30:00+00:00,2965.31,2966.53,2962.98,2965.01,6010
2026-07-14T18:00:00+00:00,2965.01,2969.02,2963.9700000000003,2966.98,5285
2026-07-14T18:30:00+00:00,2966.98,2967.48,2961.36,2964.83,5895
2026-07-14T19:00:00+00:00,2964.83,2965.62,2961.4100000000003,2963.78,6196
2026-07-14T19:30:00+00:00,2963.78,2967.28,2960.87,2965.87,10122
2026-07-14T20:00:00+00:00,2965.87,2968.1800000000003,2963.26,2963.76,1950
2026-07-14T20:30:00+00:00,2963.76,2967.4700000000003,2963.38,2967.27,747
2026-07-14T22:00:00+00:00,2967.27,2967.27,2960.98,2965.7000000000003,1081
2026-07-14T22:30:00+00:00,2965.7000000000003,2967.29,2964.63,2965.53,437
2026-07-14T23:00:00+00:00,2965.53,2969.4500000000003,2964.7400000000002,2969.1,784
2026-07-14T23:30:00+00:00,2969.1,2971.6,2969.09,2970.9,1316
2026-07-15T00:00:00+00:00,2970.9,2971.4900000000002,2967.04,2968.58,3660
2026-07-15T00:30:00+00:00,2968.58,2969.59,2964.04,2968.9300000000003,2983
2026-07-15T01:00:00+00:00,2968.9300000000003,2969.89,2965.8,2966.48,3397
2026-07-15T01:30:00+00:00,2966.48,2968.34,2964.5,2968.25,2701
2026-07-15T02:00:00+00:00,2968.25,2968.9900000000002,2967.23,2967.9500000000003,1605
2026-07-15T02:30:00+00:00,2967.9500000000003,2969.59,2967.55,2967.7000000000003,985
2026-07-15T03:00:00+00:00,2967.7000000000003,2968.85,2966.9300000000003,2968.53,1026
2026-07-15T03:30:00+00:00,2968.53,2970.63,2968.28,2969.79,878
2026-07-15T04:00:00+00:00,2969.79,2971.23,2969.64,2970.73,762
2026-07-15T04:30:00+00:00,2970.73,2971.19,2969.98,2970.4300000000003,864
2026-07-15T05:00:00+00:00,2970.4300000000003,2973.6,2967.83,2968.53,3476
2026-07-15T05:30:00+00:00,2968.53,2971.65,2968.23,2971.55,2105
2026-07-15T06:00:00+00:00,2971.55,2971.85,2969.53,2971.19,1936
2026-07-15T06:30:00+00:00,2971.19,2971.8,2969.2400000000002,2969.88,1718
2026-07-15T07:00:00+00:00,2969.88,2970.15,2962.9300000000003,2965.4,3430
2026-07-15T07:30:00+00:00,2965.4,2969.15,2964.33,2967.33,2940
2026-07-15T08:00:00+00:00,2967.33,2967.7000000000003,2963.59,2966.53,3410
2026-07-15T08:30:00+00:00,2966.53,2971.38,2965.14,2971.33,2540
2026-07-15T09:00:00+00:00,2971.33,2974.9,2970.6800000000003,2971.63,1917
2026-07-15T09:30:00+00:00,2971.63,2972.08,2967.73,2968.1800000000003,1906
2026-07-15T10:00:00+00:00,2968.1800000000003,2969.7000000000003,2965.14,2965.69,2358
2026-07-15T10:30:00+00:00,2965.69,2967.03,2965.08,2965.65,2042
2026-07-15T11:00:00+00:00,2965.65,2968.3,2964.84,2965.25,2598
2026-07-15T11:30:00+00:00,2965.25,2966.15,2963.63,2965.19,2152
2026-07-15T12:00:00+00:00,2965.19,2965.4,2961.79,2963.73,2477
2026-07-15T12:30:00+00:00,2963.73,2978.1,2963.4300000000003,2975.33,5113
2026-07-15T13:00:00+00:00,2975.33,2978.15,2971.73,2973.7400000000002,3912
2026-07-15T13:30:00+00:00,2973.7400000000002,2982.19,2966.05,2978.34,28275
2026-07-15T14:00:00+00:00,2978.34,2985.4900000000002,2976.25,2983.6800000000003,23238
2026-07-15T14:30:00+00:00,2983.6800000000003,2988.39,2979.88,2987.1,24465
2026-07-15T15:00:00+00:00,2987.1,2992.54,2976.69,2981.59,15385
2026-07-15T15:30:00+00:00,2981.59,2983.1,2976.6800000000003,2978.5,11043
2026-07-15T16:00:00+00:00,2978.5,2979.69,2963.73,2967.48,11872
2026-07-15T16:30:00+00:00,2967.48,2977.35,2962.7000000000003,2972.39,13863
2026-07-15T17:00:00+00:00,2972.39,2979.35,2971.58,2979.28,8644
2026-07-15T17:30:00+00:00,2979.28,2984.78,2978.58,2984.5,9580
2026-07-15T18:00:00+00:00,2984.5,2985.4,2977.6200000000003,2978.78,7024.5673448047855
2026-07-15T18:30:00+00:00,2978.78,2981.84,2973.08,2973.84,8561
2026-07-15T19:00:00+00:00,2973.84,2978.17,2972.1800000000003,2977.13,8814
2026-07-15T19:30:00+00:00,2977.13,2980.1800000000003,2973.8700000000003,2979.29,12443
2026-07-15T20:00:00+00:00,2979.29,2980.67,2976.84,2979.29,1960
2026-07-15T20:30:00+00:00,2979.29,2981.8900000000003,2978.02,2980.2400000000002,963
2026-07-15T22:00:00+00:00,2980.2400000000002,2981.61,2978.8500000000004,2979.46,982
2026-07-15T22:30:00+00:00,2979.46,2981.3700000000003,2978.1000000000004,2979.7000000000003,865
2026-07-15T23:00:00+00:00,2979.7000000000003,2981.3500000000004,2979.3,2981.1200000000003,527
2026-07-15T23:30:00+00:00,2981.1200000000003,2982.1200000000003,2979.51,2979.81,1158
2026-07-16T00:00:00+00:00,2979.81,2985.4100000000003,2979.7000000000003,2983.1600000000003,5076
2026-07-16T00:30:00+00:00,2983.1600000000003,2983.4,2979.26,2979.71,3436
2026-07-16T01:00:00+00:00,2979.71,2980.11,2975.21,2976.32,3609
2026-07-16T01:30:00+00:00,2976.32,2979.82,2976.15,2977.42,3881
2026-07-16T02:00:00+00:00,2977.42,2979.02,2975.21,2978.6000000000004,3107
2026-07-16T02:30:00+00:00,2978.6000000000004,2981.96,2978.36,2981.71,2119
2026-07-16T03:00:00+00:00,2981.71,2983.17,2980.96,2981.4500000000003,1722
2026-07-16T03:30:00+00:00,2981.4500000000003,2983.61,2981.21,2983.42,2430
2026-07-16T04:00:00+00:00,2983.42,2984.86,2981.67,2982.05,1854
2026-07-16T04:30:00+00:00,2982.05,2983.02,2980.81,2982.06,1695
2026-07-16T05:00:00+00:00,2982.06,2986.4100000000003,2982.06,2985.92,2442
2026-07-16T05:30:00+00:00,2985.92,2988.02,2981.1000000000004,2981.65,3842
2026-07-16T06:00:00+00:00,2981.65,2983.9700000000003,2980,2981.4100000000003,4586
2026-07-16T06:30:00+00:00,2981.4100000000003,2981.9700000000003,2978.4,2981.7200000000003,2411
2026-07-16T07:00:00+00:00,2981.7200000000003,2982.1000000000004,2974.8500000000004,2975.52,4038
2026-07-16T07:30:00+00:00,2975.52,2976.07,2966.32,2967.4700000000003,3200
2026-07-16T08:00:00+00:00,2967.4700000000003,2969.26,2962.77,2967.17,4711
2026-07-16T08:30:00+00:00,2967.17,2970.92,2965.96,2970.75,3303
2026-07-16T09:00:00+00:00,2970.75,2972.5,2969.2000000000003,2969.51,3029
2026-07-16T09:30:00+00:00,2969.51,2970.46,2965.71,2967.3,3215
2026-07-16T10:00:00+00:00,2967.3,2968.8700000000003,2964.81,2966.75,2831
2026-07-16T10:30:00+00:00,2966.75,2967.4700000000003,2964.81,2966.96,2745
2026-07-16T11:00:00+00:00,2966.96,2969.57,2963.42,2967.61,4041
2026-07-16T11:30:00+00:00,2967.61,2969.81,2959.15,2968.27,5108
2026-07-16T12:00:00+00:00,2968.27,2968.82,2961.7200000000003,2963.11,4329
2026-07-16T12:30:00+00:00,2963.11,2964.8500000000004,2961.2000000000003,2963.4500000000003,5055
2026-07-16T13:00:00+00:00,2963.4500000000003,2969.32,2962.6600000000003,2967.02,4146
2026-07-16T13:30:00+00:00,2967.02,2988.76,2967.02,2986.01,29574
2026-07-16T14:00:00+00:00,2986.01,2999.11,2984.9500000000003,2994.36,24345
2026-07-16T14:30:00+00:00,2994.36,2995.67,2987.9,2992.8,19946
2026-07-16T15:00:00+00:00,2992.8,2994.55,2986.7200000000003,2990.76,17173
2026-07-16T15:30:00+00:00,2990.76,2993.26,2983.6600000000003,2985.55,14672
2026-07-16T16:00:00+00:00,2985.55,2987.1600000000003,2974.2200000000003,2979.4,16639
2026-07-16T16:30:00+00:00,2979.4,2983.7200000000003,2975.4,2981.92,14348
2026-07-16T17:00:00+00:00,2981.92,2983.07,2974.57,2977.75,11096
2026-07-16T17:30:00+00:00,2977.75,2978.76,2969.76,2970.7000000000003,12271
2026-07-16T18:00:00+00:00,2970.7000000000003,2978.96,2968.5,2976.67,13575
2026-07-16T18:30:00+00:00,2976.67,2976.67,2970.55,2970.86,11785
2026-07-16T19:00:00+00:00,2970.86,2973.92,2966.6000000000004,2968.31,13266
2026-07-16T19:30:00+00:00,2968.31,2978.2000000000003,2964.42,2977.77,16983
2026-07-16T20:00:00+00:00,2977.77,2977.77,2974.1200000000003,2975.36,3471
2026-07-16T20:30:00+00:00,2975.36,2978.71,2974.05,2977.96,1746
2026-07-16T22:00:00+00:00,2977.96,2979.61,2976.8900000000003,2977.2000000000003,969
2026-07-16T22:30:00+00:00,2977.2000000000003,2977.79,2975.5,2976.06,587
2026-07-16T23:00:00+00:00,2976.06,2976.5,2973.4900000000002,2974.1600000000003,733
2026-07-16T23:30:00+00:00,2974.1600000000003,2975,2972.8,2973.36,1115
2026-07-17T00:00:00+00:00,2973.36,2974.34,2969.54,2970.04,2936
2026-07-17T00:30:00+00:00,2970.04,2971.6400000000003,2967.36,2970.2400000000002,2089
2026-07-17T01:00:00+00:00,2970.2400000000002,2972.04,2965.79,2967.8,1994
2026-07-17T01:30:00+00:00,2967.8,2967.94,2961.7400000000002,2963.25,2086
2026-07-17T02:00:00+00:00,2963.25,2964.26,2962.25,2962.8,1318
2026-07-17T02:30:00+00:00,2962.8,2963.4500000000003,2960.1600000000003,2961.71,1230
2026-07-17T03:00:00+00:00,2961.71,2967.6600000000003,2961.4500000000003,2966.04,1219
2026-07-17T03:30:00+00:00,2966.04,2966.04,2960.3900000000003,2960.55,1421
2026-07-17T04:00:00+00:00,2960.55,2960.65,2953.5,2954.86,1833
2026-07-17T04:30:00+00:00,2954.86,2957.3900000000003,2952.25,2954.84,2058
2026-07-17T05:00:00+00:00,2954.84,2955.1000000000004,2952.59,2953.2000000000003,1722
2026-07-17T05:30:00+00:00,2953.2000000000003,2954.34,2949.51,2953.8500000000004,2226
2026-07-17T06:00:00+00:00,2953.8500000000004,2961.04,2953.75,2960.6000000000004,2366
2026-07-17T06:30:00+00:00,2960.6000000000004,2962.25,2955.01,2955.94,1753
2026-07-17T07:00:00+00:00,2955.94,2960.05,2954.7400000000002,2959.9,3351
2026-07-17T07:30:00+00:00,2959.9,2960.31,2955.9500000000003,2956.69,2236
2026-07-17T08:00:00+00:00,2956.69,2961.59,2951.1000000000004,2953.7400000000002,4393
2026-07-17T08:30:00+00:00,2953.7400000000002,2954.75,2947.59,2952.44,3159
2026-07-17T09:00:00+00:00,2952.44,2957.56,2951.4900000000002,2957.4900000000002,2542
2026-07-17T09:30:00+00:00,2957.4900000000002,2959.51,2954.4500000000003,2959.2400000000002,1937
2026-07-17T10:00:00+00:00,2959.2400000000002,2961.1600000000003,2956.5,2959.11,2411
2026-07-17T10:30:00+00:00,2959.11,2962.65,2959.11,2961.04,1616
2026-07-17T11:00:00+00:00,2961.04,2962.2000000000003,2957.59,2960.04,1958
2026-07-17T11:30:00+00:00,2960.04,2961.21,2957.5,2959.9,1890
2026-07-17T12:00:00+00:00,2959.9,2960.6000000000004,2952.94,2953.59,2047
2026-07-17T12:30:00+00:00,2953.59,2953.59,2949.94,2950.9500000000003,2322
2026-07-17T13:00:00+00:00,2950.9500000000003,2951.1400000000003,2939.3900000000003,2939.3900000000003,6595
2026-07-17T13:30:00+00:00,2939.3900000000003,2969.26,2935.9500000000003,2966.4100000000003,35219
2026-07-17T14:00:00+00:00,2966.4100000000003,2981.09,2964.04,2973.86,27331
2026-07-17T14:30:00+00:00,2973.86,2977.4,2964.11,2965.36,21794
2026-07-17T15:00:00+00:00,2965.36,2966.29,2953.9,2960.2400000000002,22632
2026-07-17T15:30:00+00:00,2960.2400000000002,2964.36,2953.4500000000003,2963.19,19513
2026-07-17T16:00:00+00:00,2963.19,2968.11,2957.7400000000002,2962.04,15421
2026-07-17T16:30:00+00:00,2962.04,2969.96,2959.15,2967.86,10638
2026-07-17T17:00:00+00:00,2967.86,2974.26,2967.15,2973.4100000000003,9130
2026-07-17T17:30:00+00:00,2973.4100000000003,2974.01,2961.55,2962.15,10663
2026-07-17T18:00:00+00:00,2962.15,2963.8500000000004,2954.9500000000003,2956.46,13191
2026-07-17T18:30:00+00:00,2956.46,2959.86,2953.2400000000002,2957.56,11447
2026-07-17T19:00:00+00:00,2957.56,2957.9900000000002,2948.6400000000003,2953.44,12582
2026-07-17T19:30:00+00:00,2953.44,2962.8900000000003,2952.29,2960.4100000000003,15699
2026-07-17T20:00:00+00:00,2960.4100000000003,2960.4100000000003,2954.4900000000002,2956.9900000000002,3085
2026-07-17T20:30:00+00:00,2956.9900000000002,2960.3,2956.8,2959.3900000000003,722
2026-07-19T22:00:00+00:00,2959.3900000000003,2963.1900000000005,2953.8800000000006,2956.6800000000003,3201
2026-07-19T22:30:00+00:00,2956.6800000000003,2964.6500000000005,2956.0000000000005,2962.0300000000007,1591
2026-07-19T23:00:00+00:00,2962.0300000000007,2962.4500000000003,2958.7300000000005,2960.1400000000003,1317
2026-07-19T23:30:00+00:00,2960.1400000000003,2965.1300000000006,2958.9300000000003,2964.6900000000005,2509
2026-07-20T00:00:00+00:00,2964.6900000000005,2969.9500000000003,2960.2500000000005,2968.8900000000003,4705
2026-07-20T00:30:00+00:00,2968.8900000000003,2969.0000000000005,2965.2000000000003,2966.8500000000004,3796
2026-07-20T01:00:00+00:00,2966.8500000000004,2970.7900000000004,2965.2500000000005,2965.5500000000006,4615
2026-07-20T01:30:00+00:00,2965.5500000000006,2965.8800000000006,2959.4000000000005,2961.8000000000006,4119
2026-07-20T02:00:00+00:00,2961.8000000000006,2966.4400000000005,2959.7300000000005,2960.2500000000005,3531
2026-07-20T02:30:00+00:00,2960.2500000000005,2965.9900000000002,2960.1300000000006,2964.7000000000003,3171
2026-07-20T03:00:00+00:00,2964.7000000000003,2965.8400000000006,2962.3500000000004,2963.4900000000002,2581
2026-07-20T03:30:00+00:00,2963.4900000000002,2966.8300000000004,2963.0500000000006,2964.7300000000005,2461
2026-07-20T04:00:00+00:00,2964.7300000000005,2966.9900000000002,2962.0000000000005,2966.6500000000005,2303
2026-07-20T04:30:00+00:00,2966.6500000000005,2970.6400000000003,2966.1800000000003,2967.9800000000005,2112
2026-07-20T05:00:00+00:00,2967.9800000000005,2968.3900000000003,2962.6400000000003,2964.4300000000003,2669
2026-07-20T05:30:00+00:00,2964.4300000000003,2965.0800000000004,2961.4300000000003,2962.1400000000003,2481
2026-07-20T06:00:00+00:00,2962.1400000000003,2964.3800000000006,2961.0900000000006,2961.7500000000005,2939
2026-07-20T06:30:00+00:00,2961.7500000000005,2963.4000000000005,2959.4300000000003,2961.5000000000005,2118
2026-07-20T07:00:00+00:00,2961.5000000000005,2969.0300000000007,2961.5000000000005,2968.7400000000002,4105
2026-07-20T07:30:00+00:00,2968.7400000000002,2975.0300000000007,2968.7400000000002,2973.0000000000005,3873
2026-07-20T08:00:00+00:00,2973.0000000000005,2976.5900000000006,2972.5400000000004,2974.8900000000003,2903
2026-07-20T08:30:00+00:00,2974.8900000000003,2975.1900000000005,2972.8400000000006,2974.0400000000004,2082
2026-07-20T09:00:00+00:00,2974.0400000000004,2976.3900000000003,2973.1400000000003,2974.1800000000003,1758
2026-07-20T09:30:00+00:00,2974.1800000000003,2977.9400000000005,2973.2800000000007,2975.5500000000006,1836
2026-07-20T10:00:00+00:00,2975.5500000000006,2976.2500000000005,2972.4000000000005,2975.6900000000005,1586
2026-07-20T10:30:00+00:00,2975.6900000000005,2978.6000000000004,2974.3000000000006,2976.6400000000003,1832
2026-07-20T11:00:00+00:00,2976.6400000000003,2981.1500000000005,2976.5300000000007,2978.4900000000002,2039
2026-07-20T11:30:00+00:00,2978.4900000000002,2991.4500000000003,2978.2400000000002,2983.3300000000004,6559
2026-07-20T12:00:00+00:00,2983.3300000000004,2983.5400000000004,2974.1500000000005,2978.8900000000003,4589
2026-07-20T12:30:00+00:00,2978.8900000000003,2979.7400000000002,2972.1300000000006,2973.8000000000006,2644
2026-07-20T13:00:00+00:00,2973.8000000000006,2975.4000000000005,2970.9300000000003,2975.1500000000005,3971
2026-07-20T13:30:00+00:00,2975.1500000000005,2985.3000000000006,2972.5000000000005,2972.9900000000002,23887
2026-07-20T14:00:00+00:00,2972.9900000000002,2975.1400000000003,2960.0400000000004,2967.0800000000004,22223
2026-07-20T14:30:00+00:00,2967.0800000000004,2968.4800000000005,2950.8400000000006,2953.6400000000003,18805
2026-07-20T15:00:00+00:00,2953.6400000000003,2966.9000000000005,2951.0300000000007,2965.4400000000005,15492
2026-07-20T15:30:00+00:00,2965.4400000000005,2966.2000000000003,2960.7300000000005,2961.8400000000006,12638
2026-07-20T16:00:00+00:00,2961.8400000000006,2970.0000000000005,2961.4000000000005,2967.0800000000004,10538
2026-07-20T16:30:00+00:00,2967.0800000000004,2968.4500000000003,2957.1800000000003,2961.4500000000003,11029
2026-07-20T17:00:00+00:00,2961.4500000000003,2964.3400000000006,2958.6000000000004,2961.9500000000003,9642
2026-07-20T17:30:00+00:00,2961.9500000000003,2964.0500000000006,2958.0500000000006,2963.0800000000004,8982
2026-07-20T18:00:00+00:00,2963.0800000000004,2967.6500000000005,2961.6900000000005,2963.3800000000006,8595
2026-07-20T18:30:00+00:00,2963.3800000000006,2963.4000000000005,2956.0300000000007,2957.3400000000006,12045
2026-07-20T19:00:00+00:00,2957.3400000000006,2958.7500000000005,2949.5800000000004,2954.3300000000004,12711
2026-07-20T19:30:00+00:00,2954.3300000000004,2956.9000000000005,2947.1800000000003,2948.7800000000007,14298
2026-07-20T20:00:00+00:00,2948.7800000000007,2951.1400000000003,2945.6400000000003,2946.4800000000005,2854
2026-07-20T20:30:00+00:00,2946.4800000000005,2949.6400000000003,2946.3900000000003,2949.2000000000003,805
2026-07-20T22:00:00+00:00,2949.2000000000003,2950.1400000000003,2944.3100000000004,2947.3500000000004,975
2026-07-20T22:30:00+00:00,2947.3500000000004,2948.1400000000003,2946.1400000000003,2946.8400000000006,799
2026-07-20T23:00:00+00:00,2946.8400000000006,2953.0000000000005,2946.8400000000006,2952.7400000000002,1020
2026-07-20T23:30:00+00:00,2952.7400000000002,2953.4600000000005,2948.4400000000005,2950.1500000000005,1998
2026-07-21T00:00:00+00:00,2950.1500000000005,2950.9400000000005,2945.4000000000005,2949.1600000000003,7795
2026-07-21T00:30:00+00:00,2949.1600000000003,2955.4600000000005,2949.1400000000003,2954.4400000000005,4189
2026-07-21T01:00:00+00:00,2954.4400000000005,2957.4600000000005,2951.9000000000005,2955.6400000000003,4541
2026-07-21T01:30:00+00:00,2955.6400000000003,2956.76,2952.6900000000005,2953.1600000000003,3948
2026-07-21T02:00:00+00:00,2953.1600000000003,2956.7500000000005,2951.3500000000004,2954.7400000000002,3510
2026-07-21T02:30:00+00:00,2954.7400000000002,2958.0900000000006,2954.7400000000002,2957.9000000000005,2535
2026-07-21T03:00:00+00:00,2957.9000000000005,2960.9100000000003,2957.7900000000004,2960.6400000000003,1605
2026-07-21T03:30:00+00:00,2960.6400000000003,2964.4600000000005,2960.2900000000004,2964.2400000000002,1803
2026-07-21T04:00:00+00:00,2964.2400000000002,2966.6500000000005,2964.0900000000006,2964.6500000000005,2104
2026-07-21T04:30:00+00:00,2964.6500000000005,2966.5600000000004,2964.4900000000002,2965.1500000000005,1398
2026-07-21T05:00:00+00:00,2965.1500000000005,2965.6500000000005,2962.3900000000003,2965.1600000000003,1743
2026-07-21T05:30:00+00:00,2965.1600000000003,2968.76,2964.3400000000006,2967.3600000000006,1772
2026-07-21T06:00:00+00:00,2967.3600000000006,2968.5900000000006,2966.0000000000005,2967.1100000000006,2669
2026-07-21T06:30:00+00:00,2967.1100000000006,2970.1100000000006,2967.1100000000006,2969.0600000000004,2323
2026-07-21T07:00:00+00:00,2969.0600000000004,2972.2400000000002,2965.7000000000003,2966.7900000000004,3483
2026-07-21T07:30:00+00:00,2966.7900000000004,2970.26,2964.9600000000005,2970.0400000000004,2833
2026-07-21T08:00:00+00:00,2970.0400000000004,2974.9900000000002,2969.0900000000006,2972.5600000000004,3265
2026-07-21T08:30:00+00:00,2972.5600000000004,2975.0900000000006,2971.5600000000004,2973.6100000000006,2426
2026-07-21T09:00:00+00:00,2973.6100000000006,2975.51,2971.1000000000004,2971.1900000000005,2129
2026-07-21T09:30:00+00:00,2971.1900000000005,2973.51,2968.1400000000003,2968.4600000000005,1829
2026-07-21T10:00:00+00:00,2968.4600000000005,2972.8900000000003,2967.2500000000005,2969.9900000000002,3815
2026-07-21T10:30:00+00:00,2969.9900000000002,2972.3500000000004,2966.3000000000006,2967.5500000000006,2527
2026-07-21T11:00:00+00:00,2967.5500000000006,2968.0000000000005,2962.1500000000005,2962.2500000000005,2863
2026-07-21T11:30:00+00:00,2962.2500000000005,2964.8100000000004,2960.4400000000005,2961.9000000000005,2300
2026-07-21T12:00:00+00:00,2961.9000000000005,2963.8900000000003,2957.3000000000006,2957.7400000000002,3385
2026-07-21T12:30:00+00:00,2957.7400000000002,2960.5900000000006,2955.7500000000005,2959.3500000000004,3245
2026-07-21T13:00:00+00:00,2959.3500000000004,2962.1600000000003,2957.8900000000003,2959.4600000000005,3922
2026-07-21T13:30:00+00:00,2959.4600000000005,2970.9100000000003,2952.3500000000004,2960.6500000000005,30676
2026-07-21T14:00:00+00:00,2960.6500000000005,2974.1100000000006,2959.6400000000003,2973.76,19905
2026-07-21T14:30:00+00:00,2973.76,2977.4600000000005,2968.1400000000003,2971.5500000000006,15248
2026-07-21T15:00:00+00:00,2971.5500000000006,2980.9500000000003,2967.4100000000003,2980.26,12152
2026-07-21T15:30:00+00:00,2980.26,2980.7100000000005,2976.4500000000003,2979.3000000000006,8257
2026-07-21T16:00:00+00:00,2979.3000000000006,2984.76,2978.8900000000003,2984.1000000000004,5776
2026-07-21T16:30:00+00:00,2984.1000000000004,2988.3500000000004,2983.1900000000005,2986.7900000000004,4615
2026-07-21T17:00:00+00:00,2986.7900000000004,2988.9100000000003,2982.0000000000005,2983.6900000000005,5109
2026-07-21T17:30:00+00:00,2983.6900000000005,2987.2000000000003,2981.5400000000004,2986.5400000000004,4339
2026-07-21T18:00:00+00:00,2986.5400000000004,2988.5500000000006,2985.0400000000004,2986.8900000000003,4767
2026-07-21T18:30:00+00:00,2986.8900000000003,2987.2500000000005,2983.8900000000003,2984.8600000000006,4051
2026-07-21T19:00:00+00:00,2984.8600000000006,2986.6000000000004,2983.3000000000006,2986.1400000000003,4602
2026-07-21T19:30:00+00:00,2986.1400000000003,2992.9600000000005,2985.9000000000005,2990.4600000000005,8262
2026-07-21T20:00:00+00:00,2990.4600000000005,2991.0000000000005,2987.8500000000004,2988.1500000000005,1790
2026-07-21T20:30:00+00:00,2988.1500000000005,2990.1000000000004,2987.6400000000003,2989.7000000000003,654
2026-07-21T22:00:00+00:00,2989.7000000000003,2990.51,2988.4700000000003,2989.6700000000005,1033
2026-07-21T22:30:00+00:00,2989.6700000000005,2990.3200000000006,2988.26,2989.2100000000005,471
2026-07-21T23:00:00+00:00,2989.2100000000005,2990.5000000000005,2988.6000000000004,2990.3100000000004,474
2026-07-21T23:30:00+00:00,2990.3100000000004,2991.0200000000004,2989.2700000000004,2990.5600000000004,1257
2026-07-22T00:00:00+00:00,2990.5600000000004,2991.8700000000003,2987.5000000000005,2988.0200000000004,3714
2026-07-22T00:30:00+00:00,2988.0200000000004,2989.3700000000003,2986.8500000000004,2989.1700000000005,2741
2026-07-22T01:00:00+00:00,2989.1700000000005,2989.7700000000004,2984.5500000000006,2985.8500000000004,2527
2026-07-22T01:30:00+00:00,2985.8500000000004,2988.8500000000004,2984.6600000000003,2987.7500000000005,2028
2026-07-22T02:00:00+00:00,2987.7500000000005,2989.4200000000005,2986.4100000000003,2988.9700000000003,2295
2026-07-22T02:30:00+00:00,2988.9700000000003,2989.3200000000006,2986.8100000000004,2987.9600000000005,2134
2026-07-22T03:00:00+00:00,2987.9600000000005,2989.1000000000004,2986.6000000000004,2988.9500000000003,1980
2026-07-22T03:30:00+00:00,2988.9500000000003,2989.1700000000005,2984.2200000000003,2984.76,2428
2026-07-22T04:00:00+00:00,2984.76,2986.5000000000005,2984.2700000000004,2986.0000000000005,1388
2026-07-22T04:30:00+00:00,2986.0000000000005,2986.2200000000003,2984.8500000000004,2986.0000000000005,1658
2026-07-22T05:00:00+00:00,2986.0000000000005,2986.1700000000005,2984.2500000000005,2984.6100000000006,2734
2026-07-22T05:30:00+00:00,2984.6100000000006,2985.2700000000004,2983.26,2984.2100000000005,2710
2026-07-22T06:00:00+00:00,2984.2100000000005,2984.6600000000003,2977.6100000000006,2978.1600000000003,2563
2026-07-22T06:30:00+00:00,2978.1600000000003,2979.9700000000003,2975.2200000000003,2975.6200000000003,2008
2026-07-22T07:00:00+00:00,2975.6200000000003,2980.0700000000006,2973.8000000000006,2979.4600000000005,3538
2026-07-22T07:30:00+00:00,2979.4600000000005,2980.1700000000005,2973.1100000000006,2976.01,4364
2026-07-22T08:00:00+00:00,2976.01,2982.9500000000003,2975.6000000000004,2982.9000000000005,4520
2026-07-22T08:30:00+00:00,2982.9000000000005,2984.8700000000003,2981.1000000000004,2984.5700000000006,3152
2026-07-22T09:00:00+00:00,2984.5700000000006,2987.0200000000004,2981.7500000000005,2981.8600000000006,2512
2026-07-22T09:30:00+00:00,2981.8600000000006,2983.4200000000005,2978.3500000000004,2981.8200000000006,3323
2026-07-22T10:00:00+00:00,2981.8200000000006,2984.9000000000005,2981.3500000000004,2983.7500000000005,3226
2026-07-22T10:30:00+00:00,2983.7500000000005,2984.4500000000003,2981.6500000000005,2982.3600000000006,2586
2026-07-22T11:00:00+00:00,2982.3600000000006,2985.26,2979.4500000000003,2980.1500000000005,2844
2026-07-22T11:30:00+00:00,2980.1500000000005,2982.1700000000005,2973.0700000000006,2976.1200000000003,4366
2026-07-22T12:00:00+00:00,2976.1200000000003,2979.0700000000006,2974.3600000000006,2977.4600000000005,3318
2026-07-22T12:30:00+00:00,2977.4600000000005,2980.9200000000005,2970.5200000000004,2976.1700000000005,4179
2026-07-22T13:00:00+00:00,2976.1700000000005,2982.76,2976.0600000000004,2982.2100000000005,4296
2026-07-22T13:30:00+00:00,2982.2100000000005,2989.6100000000006,2976.9000000000005,2985.4500000000003,28080
2026-07-22T14:00:00+00:00,2985.4500000000003,2986.6500000000005,2974.3600000000006,2975.0700000000006,21140
2026-07-22T14:30:00+00:00,2975.0700000000006,2978.7700000000004,2964.2500000000005,2965.76,18184
2026-07-22T15:00:00+00:00,2965.76,2976.6700000000005,2965.76,2974.6000000000004,12160
2026-07-22T15:30:00+00:00,2974.6000000000004,2975.4700000000003,2969.5500000000006,2972.6000000000004,9311
2026-07-22T16:00:00+00:00,2972.6000000000004,2974.7700000000004,2970.6500000000005,2972.9200000000005,7251
2026-07-22T16:30:00+00:00,2972.9200000000005,2974.0700000000006,2968.7700000000004,2970.7200000000003,6822
2026-07-22T17:00:00+00:00,2970.7200000000003,2971.4600000000005,2967.1000000000004,2968.51,6150
2026-07-22T17:30:00+00:00,2968.51,2971.5200000000004,2967.9500000000003,2968.6000000000004,5892
2026-07-22T18:00:00+00:00,2968.6000000000004,2969.6200000000003,2963.9100000000003,2967.3000000000006,7033
2026-07-22T18:30:00+00:00,2967.3000000000006,2967.4200000000005,2963.7000000000003,2965.0500000000006,5344
2026-07-22T19:00:00+00:00,2965.0500000000006,2965.1000000000004,2960.0200000000004,2962.26,5756
2026-07-22T19:30:00+00:00,2962.26,2964.5000000000005,2958.6100000000006,2961.9100000000003,9401
2026-07-22T20:00:00+00:00,2961.9100000000003,2966.2100000000005,2961.7100000000005,2965.7200000000003,5497
2026-07-22T20:30:00+00:00,2965.7200000000003,2966.8000000000006,2964.76,2966.7100000000005,1924
2026-07-22T22:00:00+00:00,2966.7100000000005,2968.2100000000005,2959.5500000000006,2959.6700000000005,1902
2026-07-22T22:30:00+00:00,2959.6700000000005,2961.5600000000004,2955.9200000000005,2958.5700000000006,1329
2026-07-22T23:00:00+00:00,2958.5700000000006,2958.7200000000003,2956.4200000000005,2957.1100000000006,924
2026-07-22T23:30:00+00:00,2957.1100000000006,2962.1000000000004,2957.1100000000006,2962.01,1101
2026-07-23T00:00:00+00:00,2962.01,2968.76,2961.2000000000003,2966.6100000000006,2887
2026-07-23T00:30:00+00:00,2966.6100000000006,2970.6700000000005,2966.26,2969.5200000000004,1930
2026-07-23T01:00:00+00:00,2969.5200000000004,2972.4600000000005,2968.9200000000005,2969.6600000000003,2136
2026-07-23T01:30:00+00:00,2969.6600000000003,2970.1000000000004,2965.3000000000006,2965.3500000000004,2906
2026-07-23T02:00:00+00:00,2965.3500000000004,2967.1600000000003,2962.8000000000006,2963.6000000000004,2104
2026-07-23T02:30:00+00:00,2963.6000000000004,2965.4700000000003,2962.9500000000003,2965.01,1810
2026-07-23T03:00:00+00:00,2965.01,2965.26,2959.01,2960.76,1660
2026-07-23T03:30:00+00:00,2960.76,2964.1200000000003,2959.9200000000005,2962.6700000000005,1995
2026-07-23T04:00:00+00:00,2962.6700000000005,2965.3600000000006,2960.3100000000004,2964.8100000000004,1585
2026-07-23T04:30:00+00:00,2964.8100000000004,2965.2700000000004,2961.2200000000003,2961.76,1689
2026-07-23T05:00:00+00:00,2961.76,2965.6700000000005,2960.26,2965.6700000000005,1972
2026-07-23T05:30:00+00:00,2965.6700000000005,2967.0500000000006,2959.6500000000005,2959.9100000000003,2234
2026-07-23T06:00:00+00:00,2959.9100000000003,2962.7700000000004,2959.8000000000006,2962.4700000000003,2420
2026-07-23T06:30:00+00:00,2962.4700000000003,2963.0200000000004,2959.5500000000006,2959.6700000000005,1763
2026-07-23T07:00:00+00:00,2959.6700000000005,2959.9600000000005,2950.3200000000006,2957.2500000000005,5088
2026-07-23T07:30:00+00:00,2957.2500000000005,2957.5700000000006,2950.4600000000005,2955.3200000000006,4821
2026-07-23T08:00:00+00:00,2955.3200000000006,2961.2000000000003,2950.8100000000004,2960.4000000000005,3917
2026-07-23T08:30:00+00:00,2960.4000000000005,2962.4700000000003,2957.0600000000004,2962.3500000000004,3021
2026-07-23T09:00:00+00:00,2962.3500000000004,2965.8500000000004,2958.4100000000003,2958.9700000000003,3128
2026-07-23T09:30:00+00:00,2958.9700000000003,2961.6200000000003,2957.5600000000004,2960.0700000000006,2339
2026-07-23T10:00:00+00:00,2960.0700000000006,2961.01,2957.3500000000004,2960.0200000000004,2593
2026-07-23T10:30:00+00:00,2960.0200000000004,2965.8000000000006,2959.5000000000005,2964.3100000000004,2213
2026-07-23T11:00:00+00:00,2964.3100000000004,2964.8600000000006,2957.0700000000006,2958.01,2709
2026-07-23T11:30:00+00:00,2958.01,2958.3200000000006,2947.0500000000006,2953.4700000000003,5259
2026-07-23T12:00:00+00:00,2953.4700000000003,2953.4700000000003,2939.6000000000004,2939.7200000000003,4848
2026-07-23T12:30:00+00:00,2939.7200000000003,2940.01,2933.1100000000006,2936.5500000000006,7272
2026-07-23T13:00:00+00:00,2936.5500000000006,2937.3000000000006,2926.9100000000003,2933.5700000000006,9677
2026-07-23T13:30:00+00:00,2933.5700000000006,2954.6000000000004,2928.2000000000003,2939.1200000000003,34454
2026-07-23T14:00:00+00:00,2939.1200000000003,2950.3000000000006,2938.4500000000003,2944.4600000000005,32768
2026-07-23T14:30:00+00:00,2944.4600000000005,2948.4500000000003,2937.3500000000004,2943.8100000000004,24118
2026-07-23T15:00:00+00:00,2943.8100000000004,2944.8700000000003,2926.7000000000003,2928.9200000000005,21366
2026-07-23T15:30:00+00:00,2928.9200000000005,2939.9600000000005,2925.5500000000006,2937.9600000000005,20296
2026-07-23T16:00:00+00:00,2937.9600000000005,2944.4000000000005,2935.6500000000005,2942.7700000000004,14276
2026-07-23T16:30:00+00:00,2942.7700000000004,2944.4700000000003,2936.0500000000006,2941.3700000000003,14311
2026-07-23T17:00:00+00:00,2941.3700000000003,2942.7500000000005,2936.9200000000005,2938.2100000000005,14489
2026-07-23T17:30:00+00:00,2938.2100000000005,2938.76,2933.4500000000003,2934.1600000000003,14428
2026-07-23T18:00:00+00:00,2934.1600000000003,2936.3600000000006,2932.01,2936.1000000000004,12339
2026-07-23T18:30:00+00:00,2936.1000000000004,2938.5200000000004,2934.5000000000005,2937.1200000000003,9661
2026-07-23T19:00:00+00:00,2937.1200000000003,2941.9200000000005,2935.0000000000005,2941.3200000000006,9028
2026-07-23T19:30:00+00:00,2941.3200000000006,2945.9100000000003,2934.7700000000004,2944.9200000000005,13565
2026-07-23T20:00:00+00:00,2944.9200000000005,2946.8000000000006,2943.6200000000003,2943.9100000000003,3646
2026-07-23T20:30:00+00:00,2943.9100000000003,2945.7100000000005,2942.2200000000003,2942.6000000000004,1292
2026-07-23T22:00:00+00:00,2942.6000000000004,2943.9700000000003,2939.26,2940.3600000000006,1672
2026-07-23T22:30:00+00:00,2940.3600000000006,2942.7200000000003,2940.26,2942.4200000000005,1090
2026-07-23T23:00:00+00:00,2942.4200000000005,2942.8600000000006,2939.8200000000006,2940.9200000000005,907
2026-07-23T23:30:00+00:00,2940.9200000000005,2942.01,2938.6200000000003,2940.1000000000004,3876
2026-07-24T00:00:00+00:00,2940.1000000000004,2944.2700000000004,2938.3100000000004,2942.76,8016
2026-07-24T00:30:00+00:00,2942.76,2945.3200000000006,2941.1500000000005,2945.1200000000003,5437
2026-07-24T01:00:00+00:00,2945.1200000000003,2946.51,2943.8700000000003,2944.9000000000005,4924
2026-07-24T01:30:00+00:00,2944.9000000000005,2947.51,2943.7000000000003,2943.9000000000005,4425
2026-07-24T02:00:00+00:00,2943.9000000000005,2945.1700000000005,2942.4700000000003,2943.7100000000005,3987
2026-07-24T02:30:00+00:00,2943.7100000000005,2943.7200000000003,2938.26,2938.4000000000005,3006
2026-07-24T03:00:00+00:00,2938.4000000000005,2940.4700000000003,2937.7200000000003,2939.4200000000005,3788
2026-07-24T03:30:00+00:00,2939.4200000000005,2940.2100000000005,2937.3600000000006,2938.5700000000006,4073
2026-07-24T04:00:00+00:00,2938.5700000000006,2940.1200000000003,2936.9600000000005,2939.4000000000005,3252
2026-07-24T04:30:00+00:00,2939.4000000000005,2940.01,2936.5000000000005,2939.3200000000006,3310
2026-07-24T05:00:00+00:00,2939.3200000000006,2942.5000000000005,2938.4600000000005,2941.5200000000004,4061
2026-07-24T05:30:00+00:00,2941.5200000000004,2943.6700000000005,2940.01,2940.1700000000005,4123
2026-07-24T06:00:00+00:00,2940.1700000000005,2943.6600000000003,2937.9600000000005,2941.6200000000003,4621
2026-07-24T06:30:00+00:00,2941.6200000000003,2943.0700000000006,2938.2200000000003,2942.4000000000005,4324
2026-07-24T07:00:00+00:00,2942.4000000000005,2952.4500000000003,2942.0500000000006,2951.4600000000005,5600
2026-07-24T07:30:00+00:00,2951.4600000000005,2952.26,2947.8500000000004,2948.51,4704
2026-07-24T08:00:00+00:00,2948.51,2950.8000000000006,2946.0500000000006,2950.7200000000003,6082
2026-07-24T08:30:00+00:00,2950.7200000000003,2952.3100000000004,2950.0200000000004,2951.4600000000005,4214
2026-07-24T09:00:00+00:00,2951.4600000000005,2955.2100000000005,2950.8100000000004,2954.1500000000005,4047
2026-07-24T09:30:00+00:00,2954.1500000000005,2957.0600000000004,2953.3000000000006,2956.7000000000003,2674
2026-07-24T10:00:00+00:00,2956.7000000000003,2957.4100000000003,2954.6600000000003,2956.6100000000006,2254
2026-07-24T10:30:00+00:00,2956.6100000000006,2958.9000000000005,2955.9000000000005,2957.4600000000005,2428
2026-07-24T11:00:00+00:00,2957.4600000000005,2959.9200000000005,2957.26,2957.5600000000004,3114
2026-07-24T11:30:00+00:00,2957.5600000000004,2963.2000000000003,2953.7000000000003,2960.3500000000004,4330
2026-07-24T12:00:00+00:00,2960.3500000000004,2960.5000000000005,2954.9700000000003,2959.0000000000005,4782
2026-07-24T12:30:00+00:00,2959.0000000000005,2960.5700000000006,2954.5000000000005,2955.2000000000003,3677
2026-07-24T13:00:00+00:00,2955.2000000000003,2959.3200000000006,2954.3000000000006,2958.1200000000003,4988
2026-07-24T13:30:00+00:00,2958.1200000000003,2958.8100000000004,2937.0500000000006,2939.3100000000004,30302
2026-07-24T14:00:00+00:00,2939.3100000000004,2946.0700000000006,2932.5600000000004,2938.7100000000005,29177
2026-07-24T14:30:00+00:00,2938.7100000000005,2942.5500000000006,2928.2000000000003,2941.4100000000003,24425
2026-07-24T15:00:00+00:00,2941.4100000000003,2962.5000000000005,2938.4600000000005,2960.0700000000006,26012
2026-07-24T15:30:00+00:00,2960.0700000000006,2962.7000000000003,2956.1600000000003,2958.7000000000003,17559
2026-07-24T16:00:00+00:00,2958.7000000000003,2962.9100000000003,2955.6500000000005,2960.5200000000004,12405
2026-07-24T16:30:00+00:00,2960.5200000000004,2960.5700000000006,2946.9700000000003,2951.6100000000006,14269
2026-07-24T17:00:00+00:00,2951.6100000000006,2954.7700000000004,2943.8200000000006,2954.0700000000006,14319
2026-07-24T17:30:00+00:00,2954.0700000000006,2956.01,2950.1100000000006,2951.2200000000003,10975
2026-07-24T18:00:00+00:00,2951.2200000000003,2952.1000000000004,2942.76,2943.0600000000004,11372
2026-07-24T18:30:00+00:00,2943.0600000000004,2943.4000000000005,2937.0700000000006,2940.2700000000004,15859
2026-07-24T19:00:00+00:00,2940.2700000000004,2941.2200000000003,2933.0000000000005,2935.6100000000006,14344
2026-07-24T19:30:00+00:00,2935.6100000000006,2940.5700000000006,2931.6500000000005,2936.1600000000003,15972
2026-07-24T20:00:00+00:00,2936.1600000000003,2939.6700000000005,2934.6600000000003,2937.6100000000006,3382
2026-07-24T20:30:00+00:00,2937.6100000000006,2937.8500000000004,2935.5500000000006,2937.1600000000003,1091
2026-07-26T22:00:00+00:00,2937.1600000000003,2971.8600000000006,2937.1600000000003,2964.1900000000005,2785
2026-07-26T22:30:00+00:00,2964.1900000000005,2964.8100000000004,2961.8000000000006,2962.8400000000006,1180
2026-07-26T23:00:00+00:00,2962.8400000000006,2966.5000000000005,2960.9300000000003,2963.5500000000006,1296
2026-07-26T23:30:00+00:00,2963.5500000000006,2972.0500000000006,2963.4300000000003,2971.7900000000004,2018
2026-07-27T00:00:00+00:00,2971.7900000000004,2971.7900000000004,2962.7800000000007,2963.6000000000004,4615
2026-07-27T00:30:00+00:00,2963.6000000000004,2964.5900000000006,2959.8000000000006,2959.9900000000007,2614
2026-07-27T01:00:00+00:00,2959.9900000000007,2961.4000000000005,2956.6300000000006,2958.1400000000003,2793
2026-07-27T01:30:00+00:00,2958.1400000000003,2962.9900000000007,2958.1400000000003,2962.8900000000003,3435
2026-07-27T02:00:00+00:00,2962.8900000000003,2963.8000000000006,2961.7400000000007,2962.9000000000005,2539
2026-07-27T02:30:00+00:00,2962.9000000000005,2963.4000000000005,2960.7400000000007,2961.3800000000006,1599
2026-07-27T03:00:00+00:00,2961.3800000000006,2964.3900000000003,2961.3500000000004,2963.5400000000004,1280
2026-07-27T03:30:00+00:00,2963.5400000000004,2964.7300000000005,2962.3800000000006,2962.9000000000005,1582
2026-07-27T04:00:00+00:00,2962.9000000000005,2965.3400000000006,2962.9000000000005,2964.5500000000006,1550
2026-07-27T04:30:00+00:00,2964.5500000000006,2969.9000000000005,2963.9300000000003,2968.6800000000003,982
2026-07-27T05:00:00+00:00,2968.6800000000003,2971.4400000000005,2968.4800000000005,2970.5800000000004,1162
2026-07-27T05:30:00+00:00,2970.5800000000004,2973.7500000000005,2969.7800000000007,2972.9300000000003,1210
2026-07-27T06:00:00+00:00,2972.9300000000003,2976.5000000000005,2972.9300000000003,2974.2400000000007,1586
2026-07-27T06:30:00+00:00,2974.2400000000007,2975.2500000000005,2972.2500000000005,2972.9400000000005,1376
2026-07-27T07:00:00+00:00,2972.9400000000005,2975.9400000000005,2972.2500000000005,2972.5900000000006,2686
2026-07-27T07:30:00+00:00,2972.5900000000006,2973.7500000000005,2968.6000000000004,2968.6000000000004,2341
2026-07-27T08:00:00+00:00,2968.6000000000004,2973.0500000000006,2968.2900000000004,2972.4900000000007,3046
2026-07-27T08:30:00+00:00,2972.4900000000007,2976.3500000000004,2971.7800000000007,2974.1400000000003,1957
2026-07-27T09:00:00+00:00,2974.1400000000003,2974.3800000000006,2972.4400000000005,2972.9800000000005,1384
2026-07-27T09:30:00+00:00,2972.9800000000005,2978.0400000000004,2972.8400000000006,2975.8900000000003,1763
2026-07-27T10:00:00+00:00,2975.8900000000003,2976.9800000000005,2973.0800000000004,2975.0000000000005,1288
2026-07-27T10:30:00+00:00,2975.0000000000005,2977.0900000000006,2973.9400000000005,2975.7400000000007,872
2026-07-27T11:00:00+00:00,2975.7400000000007,2975.8900000000003,2969.1800000000003,2969.1900000000005,1366
2026-07-27T11:30:00+00:00,2969.1900000000005,2973.0900000000006,2968.1800000000003,2968.7000000000003,2265
2026-07-27T12:00:00+00:00,2968.7000000000003,2970.5400000000004,2962.9800000000005,2964.7000000000003,2353
2026-07-27T12:30:00+00:00,2964.7000000000003,2967.8000000000006,2964.5000000000005,2967.7500000000005,2087
2026-07-27T13:00:00+00:00,2967.7500000000005,2972.1300000000006,2965.1500000000005,2965.1500000000005,4051
2026-07-27T13:30:00+00:00,2965.1500000000005,2980.3000000000006,2960.1800000000003,2968.8400000000006,29524
2026-07-27T14:00:00+00:00,2968.8400000000006,2969.9000000000005,2946.5800000000004,2946.7900000000004,25029
2026-07-27T14:30:00+00:00,2946.7900000000004,2958.5900000000006,2935.7000000000003,2957.7000000000003,25674
2026-07-27T15:00:00+00:00,2957.7000000000003,2957.8900000000003,2944.9800000000005,2947.5000000000005,20086
2026-07-27T15:30:00+00:00,2947.5000000000005,2948.2300000000005,2938.0300000000007,2940.6300000000006,16357
2026-07-27T16:00:00+00:00,2940.6300000000006,2955.3500000000004,2938.9900000000007,2951.1500000000005,18851
2026-07-27T16:30:00+00:00,2951.1500000000005,2957.0400000000004,2943.1000000000004,2944.6000000000004,14678
2026-07-27T17:00:00+00:00,2944.6000000000004,2944.7300000000005,2939.1800000000003,2941.0900000000006,12859
2026-07-27T17:30:00+00:00,2941.0900000000006,2949.5500000000006,2940.3900000000003,2949.3800000000006,11313
2026-07-27T18:00:00+00:00,2949.3800000000006,2950.4000000000005,2944.2800000000007,2946.8300000000004,10368
2026-07-27T18:30:00+00:00,2946.8300000000004,2952.4000000000005,2942.3300000000004,2951.5500000000006,11677
2026-07-27T19:00:00+00:00,2951.5500000000006,2957.1400000000003,2950.3500000000004,2957.1300000000006,9672
2026-07-27T19:30:00+00:00,2957.1300000000006,2959.2500000000005,2953.8400000000006,2954.3800000000006,11320
2026-07-27T20:00:00+00:00,2954.3800000000006,2956.7500000000005,2953.2000000000003,2955.2500000000005,1602
2026-07-27T20:30:00+00:00,2955.2500000000005,2958.8800000000006,2954.7300000000005,2955.4900000000007,1068
2026-07-27T22:00:00+00:00,2955.4900000000007,2956.8600000000006,2953.0700000000006,2953.3100000000004,1227
2026-07-27T22:30:00+00:00,2953.3100000000004,2955.0800000000004,2952.8800000000006,2953.2300000000005,835
2026-07-27T23:00:00+00:00,2953.2300000000005,2954.7300000000005,2951.5100000000007,2954.7300000000005,1164
2026-07-27T23:30:00+00:00,2954.7300000000005,2954.7300000000005,2951.8300000000004,2953.5300000000007,4203
2026-07-28T00:00:00+00:00,2953.5300000000007,2954.7300000000005,2948.5200000000004,2950.3300000000004,8939
2026-07-28T00:30:00+00:00,2950.3300000000004,2951.4800000000005,2946.5600000000004,2947.3300000000004,5739
2026-07-28T01:00:00+00:00,2947.3300000000004,2948.2100000000005,2942.4600000000005,2946.8800000000006,4699
2026-07-28T01:30:00+00:00,2946.8800000000006,2949.6100000000006,2945.1600000000003,2946.0800000000004,5357
2026-07-28T02:00:00+00:00,2946.0800000000004,2946.5300000000007,2942.9700000000007,2944.3100000000004,4820
2026-07-28T02:30:00+00:00,2944.3100000000004,2945.1600000000003,2942.3600000000006,2944.0200000000004,4931
2026-07-28T03:00:00+00:00,2944.0200000000004,2947.8700000000003,2941.8100000000004,2944.3800000000006,4412
2026-07-28T03:30:00+00:00,2944.3800000000006,2951.7600000000007,2942.9700000000007,2951.5800000000004,6831
2026-07-28T04:00:00+00:00,2951.5800000000004,2951.5800000000004,2947.1800000000003,2948.2100000000005,4967
2026-07-28T04:30:00+00:00,2948.2100000000005,2950.5700000000006,2946.4600000000005,2947.0300000000007,3920
2026-07-28T05:00:00+00:00,2947.0300000000007,2949.0200000000004,2946.7300000000005,2947.6100000000006,4351
2026-07-28T05:30:00+00:00,2947.6100000000006,2947.8200000000006,2944.5200000000004,2945.6200000000003,4409
2026-07-28T06:00:00+00:00,2945.6200000000003,2949.0600000000004,2944.8800000000006,2947.8800000000006,6025
2026-07-28T06:30:00+00:00,2947.8800000000006,2951.4600000000005,2947.2700000000004,2950.6100000000006,3858
2026-07-28T07:00:00+00:00,2950.6100000000006,2953.8800000000006,2949.9700000000007,2952.4600000000005,5957
2026-07-28T07:30:00+00:00,2952.4600000000005,2952.9300000000003,2949.0200000000004,2950.1200000000003,4693
2026-07-28T08:00:00+00:00,2950.1200000000003,2954.0200000000004,2945.8100000000004,2953.8100000000004,6558
2026-07-28T08:30:00+00:00,2953.8100000000004,2957.4700000000007,2951.5600000000004,2954.2200000000007,4480
2026-07-28T09:00:00+00:00,2954.2200000000007,2955.9800000000005,2953.3600000000006,2955.8600000000006,3876
2026-07-28T09:30:00+00:00,2955.8600000000006,2956.2600000000007,2952.3100000000004,2953.0100000000007,2844
2026-07-28T10:00:00+00:00,2953.0100000000007,2953.3300000000004,2950.6100000000006,2952.6800000000003,3463
2026-07-28T10:30:00+00:00,2952.6800000000003,2953.7200000000007,2947.9100000000003,2951.9600000000005,4189
2026-07-28T11:00:00+00:00,2951.9600000000005,2956.8800000000006,2948.2700000000004,2951.3300000000004,7029
2026-07-28T11:30:00+00:00,2951.3300000000004,2955.9800000000005,2947.7700000000004,2955.1600000000003,4963
2026-07-28T12:00:00+00:00,2955.1600000000003,2958.1600000000003,2953.6100000000006,2958.0600000000004,5229
2026-07-28T12:30:00+00:00,2958.0600000000004,2961.0800000000004,2955.3600000000006,2957.8600000000006,5534
2026-07-28T13:00:00+00:00,2957.8600000000006,2959.5700000000006,2954.8200000000006,2956.5800000000004,4788
2026-07-28T13:30:00+00:00,2956.5800000000004,2957.6600000000003,2933.1300000000006,2936.3300000000004,33321
2026-07-28T14:00:00+00:00,2936.3300000000004,2944.9700000000007,2930.0700000000006,2931.9700000000007,30555
2026-07-28T14:30:00+00:00,2931.9700000000007,2946.2800000000007,2928.3600000000006,2939.5100000000007,25055
2026-07-28T15:00:00+00:00,2939.5100000000007,2960.5700000000006,2937.5800000000004,2957.5600000000004,23070
2026-07-28T15:30:00+00:00,2957.5600000000004,2961.6600000000003,2955.0100000000007,2958.7100000000005,17133
2026-07-28T16:00:00+00:00,2958.7100000000005,2959.7200000000007,2952.1700000000005,2954.7100000000005,13065
2026-07-28T16:30:00+00:00,2954.7100000000005,2962.5700000000006,2952.9100000000003,2962.0600000000004,11621
2026-07-28T17:00:00+00:00,2962.0600000000004,2963.0300000000007,2955.0800000000004,2957.4700000000007,12653
2026-07-28T17:30:00+00:00,2957.4700000000007,2960.0700000000006,2952.3800000000006,2955.8300000000004,9820
2026-07-28T18:00:00+00:00,2955.8300000000004,2957.6700000000005,2950.4800000000005,2952.8300000000004,10927
2026-07-28T18:30:00+00:00,2952.8300000000004,2958.2600000000007,2952.2800000000007,2955.6100000000006,10008
2026-07-28T19:00:00+00:00,2955.6100000000006,2961.7700000000004,2955.4100000000003,2960.6800000000003,9128
2026-07-28T19:30:00+00:00,2960.6800000000003,2962.3300000000004,2955.2100000000005,2959.2100000000005,10601
2026-07-28T20:00:00+00:00,2959.2100000000005,2961.2200000000007,2957.2600000000007,2960.8700000000003,3406
2026-07-28T20:30:00+00:00,2960.8700000000003,2961.7300000000005,2958.5200000000004,2959.8800000000006,2181
2026-07-28T22:00:00+00:00,2959.8800000000006,2961.7000000000003,2954.6800000000003,2956.7000000000003,1533
2026-07-28T22:30:00+00:00,2956.7000000000003,2957.2400000000007,2951.4000000000005,2955.1900000000005,2967
2026-07-28T23:00:00+00:00,2955.1900000000005,2960.8500000000004,2953.5300000000007,2960.0000000000005,3073
2026-07-28T23:30:00+00:00,2960.0000000000005,2970.3300000000004,2959.4800000000005,2969.3300000000004,4623
2026-07-29T00:00:00+00:00,2969.3300000000004,2972.5800000000004,2966.7500000000005,2970.1400000000003,6436
2026-07-29T00:30:00+00:00,2970.1400000000003,2971.1300000000006,2965.4400000000005,2965.7500000000005,4013
2026-07-29T01:00:00+00:00,2965.7500000000005,2966.7400000000007,2960.6300000000006,2963.8000000000006,5607
2026-07-29T01:30:00+00:00,2963.8000000000006,2964.4000000000005,2954.0400000000004,2954.0400000000004,5397
2026-07-29T02:00:00+00:00,2954.0400000000004,2957.1400000000003,2951.8900000000003,2956.2400000000007,5604
2026-07-29T02:30:00+00:00,2956.2400000000007,2957.3000000000006,2953.5300000000007,2954.7400000000007,4507
2026-07-29T03:00:00+00:00,2954.7400000000007,2956.9400000000005,2951.8300000000004,2951.8300000000004,3874
2026-07-29T03:30:00+00:00,2951.8300000000004,2952.4400000000005,2946.4300000000003,2947.5400000000004,3362
2026-07-29T04:00:00+00:00,2947.5400000000004,2949.4500000000003,2945.2300000000005,2947.9800000000005,5161
2026-07-29T04:30:00+00:00,2947.9800000000005,2951.7400000000007,2945.6000000000004,2951.6300000000006,5691
2026-07-29T05:00:00+00:00,2951.6300000000006,2957.1000000000004,2950.8000000000006,2956.0400000000004,4647
2026-07-29T05:30:00+00:00,2956.0400000000004,2957.5900000000006,2955.2900000000004,2956.1400000000003,4397
2026-07-29T06:00:00+00:00,2956.1400000000003,2958.5300000000007,2953.5500000000006,2957.9300000000003,3933
2026-07-29T06:30:00+00:00,2957.9300000000003,2965.5000000000005,2957.9300000000003,2964.5900000000006,3320
2026-07-29T07:00:00+00:00,2964.5900000000006,2965.5500000000006,2962.0500000000006,2964.0300000000007,4607
2026-07-29T07:30:00+00:00,2964.0300000000007,2965.9900000000007,2963.2300000000005,2964.9400000000005,3138
2026-07-29T08:00:00+00:00,2964.9400000000005,2966.2400000000007,2959.3000000000006,2960.5000000000005,4425
2026-07-29T08:30:00+00:00,2960.5000000000005,2968.1900000000005,2960.0300000000007,2967.0000000000005,3289
2026-07-29T09:00:00+00:00,2967.0000000000005,2967.4400000000005,2964.8300000000004,2965.1400000000003,2857
2026-07-29T09:30:00+00:00,2965.1400000000003,2970.76,2964.1400000000003,2967.96,2839
2026-07-29T10:00:00+00:00,2967.96,2969.1600000000003,2965.76,2967.6000000000004,3300
2026-07-29T10:30:00+00:00,2967.6000000000004,2968.4100000000003,2962.09,2962.7400000000002,3145
2026-07-29T11:00:00+00:00,2962.7400000000002,2966.8,2961.84,2965.55,3242
2026-07-29T11:30:00+00:00,2965.55,2967.15,2963.2400000000002,2965.84,2699
2026-07-29T12:00:00+00:00,2965.84,2966.3,2951.9,2953.26,5991
2026-07-29T12:30:00+00:00,2953.26,2955.86,2951.6000000000004,2954.2400000000002,4166
2026-07-29T13:00:00+00:00,2954.2400000000002,2954.71,2949.59,2950.55,4774
2026-07-29T13:30:00+00:00,2950.55,2960.11,2939.8,2942.96,26774
2026-07-29T14:00:00+00:00,2942.96,2951.69,2920.3,2922.54,29158
2026-07-29T14:30:00+00:00,2922.54,2928.26,2915.4,2922.4900000000002,23365
2026-07-29T15:00:00+00:00,2922.4900000000002,2927.46,2917.55,2918.4500000000003,19681
2026-07-29T15:30:00+00:00,2918.4500000000003,2921.1400000000003,2913.59,2917.59,16803
2026-07-29T16:00:00+00:00,2917.59,2919.3,2908.2000000000003,2915.2400000000002,13698
2026-07-29T16:30:00+00:00,2915.2400000000002,2917.54,2909.34,2916.65,15059
2026-07-29T17:00:00+00:00,2916.65,2926.61,2916.65,2919.69,14320
2026-07-29T17:30:00+00:00,2919.69,2926.76,2918.79,2925.9900000000002,12358
2026-07-29T18:00:00+00:00,2925.9900000000002,2954.6400000000003,2925.15,2931.19,29553
2026-07-29T18:30:00+00:00,2931.19,2959.84,2922.59,2956.9100000000003,32525
2026-07-29T19:00:00+00:00,2956.9100000000003,2961.3900000000003,2924.65,2930.6000000000004,32109
2026-07-29T19:30:00+00:00,2930.6000000000004,2934.1000000000004,2906.4900000000002,2910.25,26733
2026-07-29T20:00:00+00:00,2910.25,2911.04,2898.1600000000003,2899.8900000000003,11327
2026-07-29T20:30:00+00:00,2899.8900000000003,2904.31,2897.26,2897.6400000000003,4545
2026-07-29T22:00:00+00:00,2897.6400000000003,2910.65,2897.6400000000003,2909.36,4128
2026-07-29T22:30:00+00:00,2909.36,2910.2200000000003,2907.9100000000003,2908.96,1578
2026-07-29T23:00:00+00:00,2908.96,2914.3500000000004,2908.8700000000003,2913.4700000000003,2185
2026-07-29T23:30:00+00:00,2913.4700000000003,2916.51,2913.4100000000003,2914.9100000000003,4648
2026-07-30T00:00:00+00:00,2914.9100000000003,2921.4000000000005,2911.9500000000003,2919.0600000000004,9094
2026-07-30T00:30:00+00:00,2919.0600000000004,2919.3600000000006,2912.4500000000003,2915.8600000000006,6463
2026-07-30T01:00:00+00:00,2915.8600000000006,2921.4600000000005,2915.4600000000005,2920.3100000000004,6429
2026-07-30T01:30:00+00:00,2920.3100000000004,2924.4700000000003,2920.3000000000006,2922.7100000000005,3965
2026-07-30T02:00:00+00:00,2922.7100000000005,2924.3200000000006,2919.6100000000006,2920.1600000000003,3597
2026-07-30T02:30:00+00:00,2920.1600000000003,2921.7100000000005,2916.9600000000005,2916.9600000000005,3206
2026-07-30T03:00:00+00:00,2916.9600000000005,2919.6200000000003,2913.3700000000003,2914.76,4249
2026-07-30T03:30:00+00:00,2914.76,2917.3600000000006,2912.5600000000004,2915.0700000000006,5419
2026-07-30T04:00:00+00:00,2915.0700000000006,2915.9100000000003,2912.0000000000005,2915.4600000000005,4383
2026-07-30T04:30:00+00:00,2915.4600000000005,2915.9600000000005,2908.8000000000006,2909.26,4530
2026-07-30T05:00:00+00:00,2909.26,2912.1200000000003,2906.7000000000003,2910.9600000000005,5166
2026-07-30T05:30:00+00:00,2910.9600000000005,2916.5000000000005,2909.7500000000005,2911.5000000000005,6037
2026-07-30T06:00:00+00:00,2911.5000000000005,2912.5200000000004,2906.6000000000004,2908.1200000000003,5417
2026-07-30T06:30:00+00:00,2908.1200000000003,2909.9700000000003,2906.5000000000005,2909.9700000000003,3921
2026-07-30T07:00:00+00:00,2909.9700000000003,2920.1700000000005,2908.8700000000003,2913.6100000000006,9455
2026-07-30T07:30:00+00:00,2913.6100000000006,2915.2500000000005,2906.6500000000005,2911.5200000000004,5851
2026-07-30T08:00:00+00:00,2911.5200000000004,2919.8400000000006,2907.0200000000004,2918.8800000000006,7004
2026-07-30T08:30:00+00:00,2918.8800000000006,2921.5700000000006,2914.8300000000004,2917.1300000000006,4095
2026-07-30T09:00:00+00:00,2917.1300000000006,2922.2200000000003,2915.7700000000004,2920.6400000000003,4659
2026-07-30T09:30:00+00:00,2920.6400000000003,2923.1400000000003,2914.9300000000003,2915.1200000000003,3417
2026-07-30T10:00:00+00:00,2915.1200000000003,2922.28,2914.3200000000006,2921.4900000000002,4250
2026-07-30T10:30:00+00:00,2921.4900000000002,2925.8900000000003,2920.5900000000006,2922.7700000000004,4212
2026-07-30T11:00:00+00:00,2922.7700000000004,2925.7700000000004,2922.1200000000003,2925.1200000000003,3597
2026-07-30T11:30:00+00:00,2925.1200000000003,2929.4300000000003,2922.2700000000004,2928.4900000000002,3752
2026-07-30T12:00:00+00:00,2928.4900000000002,2932.3200000000006,2927.0200000000004,2928.0800000000004,3491
2026-07-30T12:30:00+00:00,2928.0800000000004,2933.1900000000005,2925.5700000000006,2928.5900000000006,7100
2026-07-30T13:00:00+00:00,2928.5900000000006,2936.7200000000003,2928.5800000000004,2935.8300000000004,6744
2026-07-30T13:30:00+00:00,2935.8300000000004,2941.3800000000006,2922.2300000000005,2936.1800000000003,30334
2026-07-30T14:00:00+00:00,2936.1800000000003,2937.5400000000004,2918.4800000000005,2932.1300000000006,28517
2026-07-30T14:30:00+00:00,2932.1300000000006,2936.4400000000005,2915.4700000000003,2919.3900000000003,25016
2026-07-30T15:00:00+00:00,2919.3900000000003,2925.5400000000004,2913.8300000000004,2920.9400000000005,24570
2026-07-30T15:30:00+00:00,2920.9400000000005,2933.1400000000003,2920.4700000000003,2930.9900000000002,20680
2026-07-30T16:00:00+00:00,2930.9900000000002,2936.3900000000003,2929.2300000000005,2935.2200000000003,13334
2026-07-30T16:30:00+00:00,2935.2200000000003,2937.8400000000006,2930.4200000000005,2936.7900000000004,13010
2026-07-30T17:00:00+00:00,2936.7900000000004,2940.6900000000005,2935.9200000000005,2937.5900000000006,9891
2026-07-30T17:30:00+00:00,2937.5900000000006,2939.1900000000005,2933.6200000000003,2938.2400000000002,9791
2026-07-30T18:00:00+00:00,2938.2400000000002,2941.0400000000004,2936.8800000000006,2940.9400000000005,7778
2026-07-30T18:30:00+00:00,2940.9400000000005,2942.8700000000003,2939.4700000000003,2942.5200000000004,7120
2026-07-30T19:00:00+00:00,2942.5200000000004,2948.6300000000006,2942.4400000000005,2945.53,8516
2026-07-30T19:30:00+00:00,2945.53,2952.9900000000002,2945.4200000000005,2949.7700000000004,11890
2026-07-30T20:00:00+00:00,2949.7700000000004,2952.5800000000004,2948.8200000000006,2949.28,4854
2026-07-30T20:30:00+00:00,2949.28,2953.6300000000006,2947.8800000000006,2950.8200000000006,3811
2026-07-30T22:00:00+00:00,2950.8200000000006,2955.1700000000005,2948.7000000000003,2952.5200000000004,2483
2026-07-30T22:30:00+00:00,2952.5200000000004,2956.4000000000005,2952.26,2956.1000000000004,1133
2026-07-30T23:00:00+00:00,2956.1000000000004,2957.6100000000006,2954.9000000000005,2955.4500000000003,953
2026-07-30T23:30:00+00:00,2955.4500000000003,2957.9100000000003,2955.2100000000005,2955.5700000000006,1887
2026-07-31T00:00:00+00:00,2955.5700000000006,2960.0500000000006,2954.2000000000003,2959.26,4171
2026-07-31T00:30:00+00:00,2959.26,2961.3100000000004,2958.6200000000003,2960.4600000000005,2079
2026-07-31T01:00:00+00:00,2960.4600000000005,2964.1100000000006,2960.4600000000005,2963.2500000000005,2335
2026-07-31T01:30:00+00:00,2963.2500000000005,2963.5200000000004,2959.0000000000005,2960.8000000000006,2571
2026-07-31T02:00:00+00:00,2960.8000000000006,2961.8200000000006,2959.3700000000003,2960.01,2219
2026-07-31T02:30:00+00:00,2960.01,2960.9200000000005,2958.2100000000005,2959.7700000000004,1605
2026-07-31T03:00:00+00:00,2959.7700000000004,2960.9200000000005,2957.4700000000003,2960.3200000000006,2243
2026-07-31T03:30:00+00:00,2960.3200000000006,2961.6200000000003,2959.26,2961.4100000000003,2523
2026-07-31T04:00:00+00:00,2961.4100000000003,2963.1700000000005,2959.26,2963.1000000000004,1825
2026-07-31T04:30:00+00:00,2963.1000000000004,2965.7700000000004,2962.6000000000004,2965.5600000000004,1195
2026-07-31T05:00:00+00:00,2965.5600000000004,2965.8200000000006,2963.3000000000006,2965.1100000000006,839
2026-07-31T05:30:00+00:00,2965.1100000000006,2966.1700000000005,2963.8500000000004,2964.6600000000003,1215
2026-07-31T06:00:00+00:00,2964.6600000000003,2966.1600000000003,2964.0000000000005,2965.5200000000004,1584
2026-07-31T06:30:00+00:00,2965.5200000000004,2965.6600000000003,2959.76,2961.7000000000003,3149
2026-07-31T07:00:00+00:00,2961.7000000000003,2969.7700000000004,2961.0600000000004,2968.5000000000005,4541
2026-07-31T07:30:00+00:00,2968.5000000000005,2969.4700000000003,2965.51,2967.4200000000005,3358
2026-07-31T08:00:00+00:00,2967.4200000000005,2970.2000000000003,2966.2000000000003,2967.7200000000003,3743
2026-07-31T08:30:00+00:00,2967.7200000000003,2967.7200000000003,2965.2100000000005,2965.6200000000003,2609
2026-07-31T09:00:00+00:00,2965.6200000000003,2971.8500000000004,2965.0000000000005,2968.01,2357
2026-07-31T09:30:00+00:00,2968.01,2968.3700000000003,2963.4500000000003,2963.8100000000004,2338
2026-07-31T10:00:00+00:00,2963.8100000000004,2967.01,2962.5500000000006,2965.2100000000005,2287
2026-07-31T10:30:00+00:00,2965.2100000000005,2967.2100000000005,2963.7500000000005,2967.1100000000006,1930
2026-07-31T11:00:00+00:00,2967.1100000000006,2969.3100000000004,2962.2500000000005,2962.4200000000005,3677
2026-07-31T11:30:00+00:00,2962.4200000000005,2963.2700000000004,2958.9500000000003,2962.3600000000006,3474
2026-07-31T12:00:00+00:00,2962.3600000000006,2962.5200000000004,2959.3200000000006,2961.0600000000004,2967
2026-07-31T12:30:00+00:00,2961.0600000000004,2961.0600000000004,2955.4500000000003,2956.2000000000003,4072
2026-07-31T13:00:00+00:00,2956.2000000000003,2961.51,2955.8600000000006,2959.3700000000003,4922
2026-07-31T13:30:00+00:00,2959.3700000000003,2963.3000000000006,2923.0500000000006,2923.3000000000006,33155
2026-07-31T14:00:00+00:00,2923.3000000000006,2925.1600000000003,2901.0600000000004,2920.76,36117
2026-07-31T14:30:00+00:00,2920.76,2929.8700000000003,2918.3200000000006,2927.8200000000006,27031
2026-07-31T15:00:00+00:00,2927.8200000000006,2932.01,2916.3600000000006,2919.6100000000006,24754
2026-07-31T15:30:00+00:00,2919.6100000000006,2928.76,2916.01,2927.9000000000005,23063
2026-07-31T16:00:00+00:00,2927.9000000000005,2929.6200000000003,2920.1100000000006,2928.6500000000005,17114
2026-07-31T16:30:00+00:00,2928.6500000000005,2934.9600000000005,2928.5200000000004,2933.5500000000006,14968
2026-07-31T17:00:00+00:00,2933.5500000000006,2941.8200000000006,2931.3200000000006,2940.76,11520
2026-07-31T17:30:00+00:00,2940.76,2940.9200000000005,2935.4500000000003,2938.5600000000004,11935
2026-07-31T18:00:00+00:00,2938.5600000000004,2941.0700000000006,2935.7500000000005,2938.8000000000006,10956
2026-07-31T18:30:00+00:00,2938.8000000000006,2941.0600000000004,2936.8000000000006,2938.3600000000006,7533
2026-07-31T19:00:00+00:00,2938.3600000000006,2941.8700000000003,2936.5500000000006,2939.9000000000005,9986
2026-07-31T19:30:00+00:00,2939.9000000000005,2941.2100000000005,2932.5000000000005,2934.8200000000006,14303
2026-07-31T20:00:00+00:00,2934.8200000000006,2936.5600000000004,2930.5500000000006,2932.4000000000005,4857
2026-07-31T20:30:00+00:00,2932.4000000000005,2933.3700000000003,2931.8500000000004,2932.3000000000006,641
